customer_id,city,state,segment,registration_date
C000001,Mumbai,Maharashtra,Consumer,2026-07-30
C000002,Chennai,Tamil Nadu,Consumer,2025-06-23
C000003,Delhi,Delhi,Enterprise,2025-03-21
C000004,Jaipur,Rajasthan,Consumer,2026-04-04
C000005,Kolkata,West Bengal,Consumer,2025-01-24
C000006,Mumbai,Maharashtra,Consumer,2025-06-30
C000007,Jaipur,Rajasthan,Enterprise,2025-01-21
C000008,Jaipur,Rajasthan,Consumer,2026-07-11
C000009,Jaipur,Rajasthan,SMB,2025-06-21
C000010,Ahmedabad,Gujarat,Enterprise,2025-08-05
C000011,Bengaluru,Karnataka,Consumer,2026-06-27
C000012,Kolkata,West Bengal,SMB,2025-08-04
C000013,Delhi,Delhi,Consumer,2026-08-17
C000014,Pune,Maharashtra,Consumer,2025-03-14
C000015,Kolkata,West Bengal,Consumer,2025-10-06
C000016,Pune,Maharashtra,Enterprise,2025-07-25
C000017,Bengaluru,Karnataka,Enterprise,2025-12-23
C000018,Jaipur,Rajasthan,Consumer,2025-10-22
C000019,Mumbai,Maharashtra,Enterprise,2025-08-16
C000020,Lucknow,Uttar Pradesh,SMB,2026-03-25
C000021,Hyderabad,Telangana,Enterprise,2025-02-24
C000022,Bengaluru,Karnataka,Enterprise,2025-06-27
C000023,Chennai,Tamil Nadu,Consumer,2025-06-30
C000024,Mumbai,Maharashtra,SMB,2025-08-04
C000025,Ahmedabad,Gujarat,Enterprise,2025-10-11
C000026,Delhi,Delhi,SMB,2025-10-03
C000027,Hyderabad,Telangana,Enterprise,2025-07-27
C000028,Mumbai,Maharashtra,Enterprise,2026-05-09
C000029,Delhi,Delhi,Enterprise,2026-07-21
C000030,Hyderabad,Telangana,Consumer,2025-12-26
C000031,Kolkata,West Bengal,SMB,2026-05-13
C000032,Jaipur,Rajasthan,Consumer,2026-06-16
C000033,Pune,Maharashtra,Consumer,2025-06-27
C000034,Bengaluru,Karnataka,SMB,2025-11-08
C000035,Chennai,Tamil Nadu,Consumer,2025-06-13
C000036,Lucknow,Uttar Pradesh,Enterprise,2025-09-02
C000037,Hyderabad,Telangana,Enterprise,2026-01-23
C000038,Kolkata,West Bengal,Enterprise,2025-12-23
C000039,Delhi,Delhi,SMB,2025-04-19
C000040,Hyderabad,Telangana,Enterprise,2026-03-13
C000041,Jaipur,Rajasthan,SMB,2026-08-04
C000042,Lucknow,Uttar Pradesh,SMB,2026-03-30
C000043,Kolkata,West Bengal,SMB,2025-06-20
C000044,Delhi,Delhi,Enterprise,2026-01-19
C000045,Mumbai,Maharashtra,Consumer,2025-03-27
C000046,Delhi,Delhi,Enterprise,2025-05-05
C000047,Kolkata,West Bengal,Enterprise,2025-02-19
C000048,Kolkata,West Bengal,SMB,2026-04-08
C000049,Ahmedabad,Gujarat,Enterprise,2025-07-15
C000050,Jaipur,Rajasthan,Consumer,2026-06-13
C000051,Mumbai,Maharashtra,Enterprise,2026-02-22
C000052,Chennai,Tamil Nadu,Enterprise,2025-09-22
C000053,Mumbai,Maharashtra,SMB,2025-12-04
C000054,Delhi,Delhi,SMB,2025-01-03
C000055,Chennai,Tamil Nadu,Enterprise,2026-08-15
C000056,Delhi,Delhi,Enterprise,2025-03-24
C000057,Chennai,Tamil Nadu,Enterprise,2026-01-30
C000058,Lucknow,Uttar Pradesh,Consumer,2025-04-29
C000059,Pune,Maharashtra,Consumer,2026-02-23
C000060,Jaipur,Rajasthan,Consumer,2026-04-11
C000061,Pune,Maharashtra,SMB,2025-01-16
C000062,Mumbai,Maharashtra,SMB,2026-09-19
C000063,Chennai,Tamil Nadu,Consumer,2025-02-14
C000064,Hyderabad,Telangana,Enterprise,2025-03-03
C000065,Mumbai,Maharashtra,Enterprise,2026-01-13
C000066,Mumbai,Maharashtra,Enterprise,2026-08-18
C000067,Delhi,Delhi,Consumer,2026-05-28
C000068,Ahmedabad,Gujarat,Enterprise,2025-05-09
C000069,Chennai,Tamil Nadu,Enterprise,2026-04-17
C000070,Kolkata,West Bengal,Consumer,2026-02-23
C000071,Hyderabad,Telangana,Enterprise,2025-08-31
C000072,Kolkata,West Bengal,Enterprise,2026-05-20
C000073,Pune,Maharashtra,SMB,2026-02-07
C000074,Ahmedabad,Gujarat,Consumer,2025-07-12
C000075,Hyderabad,Telangana,Consumer,2025-09-20
C000076,Bengaluru,Karnataka,Enterprise,2026-03-07
C000077,Hyderabad,Telangana,Enterprise,2025-06-21
C000078,Bengaluru,Karnataka,Consumer,2026-07-04
C000079,Bengaluru,Karnataka,Consumer,2025-02-22
C000080,Bengaluru,Karnataka,SMB,2025-02-25
C000081,Jaipur,Rajasthan,Consumer,2025-08-05
C000082,Ahmedabad,Gujarat,Consumer,2026-02-23
C000083,Delhi,Delhi,Enterprise,2026-03-20
C000084,Lucknow,Uttar Pradesh,SMB,2025-07-08
C000085,Ahmedabad,Gujarat,SMB,2025-05-28
C000086,Mumbai,Maharashtra,Consumer,2026-05-27
C000087,Kolkata,West Bengal,SMB,2025-11-26
C000088,Kolkata,West Bengal,SMB,2026-07-21
C000089,Bengaluru,Karnataka,Enterprise,2026-05-23
C000090,Mumbai,Maharashtra,Consumer,2025-11-09
C000091,Pune,Maharashtra,Consumer,2025-07-13
C000092,Hyderabad,Telangana,Consumer,2026-02-21
C000093,Ahmedabad,Gujarat,Consumer,2025-11-24
C000094,Delhi,Delhi,SMB,2025-12-26
C000095,Hyderabad,Telangana,Consumer,2025-12-11
C000096,Jaipur,Rajasthan,Consumer,2025-02-09
C000097,Jaipur,Rajasthan,Consumer,2025-03-14
C000098,Hyderabad,Telangana,Consumer,2025-11-12
C000099,Ahmedabad,Gujarat,SMB,2025-06-16
C000100,Kolkata,West Bengal,Consumer,2025-05-08
C000101,Kolkata,West Bengal,Consumer,2025-10-31
C000102,Chennai,Tamil Nadu,SMB,2025-08-10
C000103,Kolkata,West Bengal,Enterprise,2026-07-22
C000104,Jaipur,Rajasthan,Enterprise,2026-07-13
C000105,Ahmedabad,Gujarat,Consumer,2025-05-28
C000106,Chennai,Tamil Nadu,Consumer,2025-02-15
C000107,Lucknow,Uttar Pradesh,Enterprise,2026-02-26
C000108,Bengaluru,Karnataka,Enterprise,2025-09-01
C000109,Bengaluru,Karnataka,Consumer,2026-03-30
C000110,Ahmedabad,Gujarat,Enterprise,2026-02-17
C000111,Delhi,Delhi,Consumer,2026-01-30
C000112,Mumbai,Maharashtra,Consumer,2025-02-23
C000113,Lucknow,Uttar Pradesh,Consumer,2026-06-09
C000114,Hyderabad,Telangana,SMB,2025-04-04
C000115,Lucknow,Uttar Pradesh,Consumer,2026-03-26
C000116,Lucknow,Uttar Pradesh,Consumer,2026-04-27
C000117,Mumbai,Maharashtra,SMB,2026-05-26
C000118,Lucknow,Uttar Pradesh,Enterprise,2026-02-11
C000119,Pune,Maharashtra,SMB,2025-06-08
C000120,Pune,Maharashtra,Consumer,2025-07-26
C000121,Kolkata,West Bengal,Consumer,2026-06-06
C000122,Chennai,Tamil Nadu,SMB,2025-09-03
C000123,Mumbai,Maharashtra,Consumer,2025-12-22
C000124,Lucknow,Uttar Pradesh,Enterprise,2025-03-19
C000125,Mumbai,Maharashtra,Enterprise,2025-06-15
C000126,Jaipur,Rajasthan,SMB,2025-04-13
C000127,Pune,Maharashtra,Consumer,2025-07-09
C000128,Pune,Maharashtra,SMB,2025-05-03
C000129,Ahmedabad,Gujarat,Enterprise,2026-07-01
C000130,Chennai,Tamil Nadu,Enterprise,2026-09-19
C000131,Jaipur,Rajasthan,Consumer,2026-06-03
C000132,Jaipur,Rajasthan,SMB,2026-05-31
C000133,Mumbai,Maharashtra,Consumer,2025-07-25
C000134,Mumbai,Maharashtra,Consumer,2026-07-31
C000135,Jaipur,Rajasthan,Consumer,2025-07-31
C000136,Chennai,Tamil Nadu,Enterprise,2025-06-13
C000137,Pune,Maharashtra,Consumer,2026-06-18
C000138,Chennai,Tamil Nadu,Enterprise,2026-01-15
C000139,Chennai,Tamil Nadu,Consumer,2025-03-13
C000140,Kolkata,West Bengal,SMB,2025-02-04
C000141,Bengaluru,Karnataka,SMB,2026-08-22
C000142,Delhi,Delhi,Enterprise,2025-07-23
C000143,Delhi,Delhi,Enterprise,2025-12-10
C000144,Jaipur,Rajasthan,Enterprise,2025-11-29
C000145,Jaipur,Rajasthan,Consumer,2025-03-28
C000146,Mumbai,Maharashtra,Enterprise,2025-04-26
C000147,Jaipur,Rajasthan,Consumer,2025-10-14
C000148,Lucknow,Uttar Pradesh,Enterprise,2025-04-26
C000149,Kolkata,West Bengal,Consumer,2025-02-02
C000150,Chennai,Tamil Nadu,SMB,2026-09-11
C000151,Bengaluru,Karnataka,SMB,2025-06-13
C000152,Hyderabad,Telangana,Enterprise,2025-03-21
C000153,Pune,Maharashtra,Enterprise,2025-11-12
C000154,Lucknow,Uttar Pradesh,Enterprise,2025-05-01
C000155,Hyderabad,Telangana,Consumer,2026-09-14
C000156,Delhi,Delhi,SMB,2025-01-20
C000157,Delhi,Delhi,Enterprise,2025-09-16
C000158,Kolkata,West Bengal,Enterprise,2026-07-25
C000159,Hyderabad,Telangana,SMB,2025-05-04
C000160,Mumbai,Maharashtra,SMB,2025-01-31
C000161,Ahmedabad,Gujarat,Consumer,2025-06-05
C000162,Ahmedabad,Gujarat,SMB,2025-08-26
C000163,Hyderabad,Telangana,Consumer,2025-01-19
C000164,Hyderabad,Telangana,SMB,2025-09-12
C000165,Chennai,Tamil Nadu,Consumer,2026-08-24
C000166,Chennai,Tamil Nadu,SMB,2026-05-14
C000167,Jaipur,Rajasthan,SMB,2026-06-12
C000168,Jaipur,Rajasthan,SMB,2025-01-22
C000169,Mumbai,Maharashtra,SMB,2025-05-19
C000170,Lucknow,Uttar Pradesh,SMB,2025-01-30
C000171,Mumbai,Maharashtra,Enterprise,2025-12-04
C000172,Pune,Maharashtra,Enterprise,2026-09-03
C000173,Pune,Maharashtra,SMB,2026-04-16
C000174,Jaipur,Rajasthan,Consumer,2025-10-27
C000175,Lucknow,Uttar Pradesh,Consumer,2025-07-17
C000176,Bengaluru,Karnataka,Enterprise,2025-12-05
C000177,Bengaluru,Karnataka,Enterprise,2026-09-19
C000178,Jaipur,Rajasthan,Enterprise,2026-07-13
C000179,Hyderabad,Telangana,SMB,2025-12-01
C000180,Mumbai,Maharashtra,Enterprise,2025-09-14
C000181,Lucknow,Uttar Pradesh,SMB,2026-05-31
C000182,Mumbai,Maharashtra,Enterprise,2025-08-22
C000183,Jaipur,Rajasthan,SMB,2026-06-02
C000184,Kolkata,West Bengal,SMB,2025-11-09
C000185,Chennai,Tamil Nadu,Enterprise,2025-04-09
C000186,Hyderabad,Telangana,SMB,2026-06-01
C000187,Kolkata,West Bengal,Enterprise,2026-08-05
C000188,Delhi,Delhi,Enterprise,2026-03-19
C000189,Chennai,Tamil Nadu,SMB,2026-03-02
C000190,Bengaluru,Karnataka,SMB,2025-08-11
C000191,Hyderabad,Telangana,SMB,2026-09-03
C000192,Lucknow,Uttar Pradesh,Enterprise,2026-05-24
C000193,Pune,Maharashtra,SMB,2025-12-10
C000194,Ahmedabad,Gujarat,Enterprise,2025-06-15
C000195,Jaipur,Rajasthan,SMB,2026-09-09
C000196,Delhi,Delhi,Enterprise,2025-03-07
C000197,Chennai,Tamil Nadu,Enterprise,2026-05-31
C000198,Lucknow,Uttar Pradesh,SMB,2025-03-14
C000199,Hyderabad,Telangana,Enterprise,2025-08-30
C000200,Hyderabad,Telangana,Consumer,2025-04-25
C000201,Bengaluru,Karnataka,Consumer,2025-07-10
C000202,Ahmedabad,Gujarat,Enterprise,2026-08-20
C000203,Mumbai,Maharashtra,SMB,2025-11-18
C000204,Lucknow,Uttar Pradesh,Consumer,2026-07-12
C000205,Kolkata,West Bengal,SMB,2025-11-07
C000206,Hyderabad,Telangana,Consumer,2026-05-25
C000207,Bengaluru,Karnataka,Consumer,2026-08-28
C000208,Kolkata,West Bengal,Consumer,2025-05-17
C000209,Jaipur,Rajasthan,SMB,2025-02-09
C000210,Jaipur,Rajasthan,Consumer,2025-04-05
C000211,Ahmedabad,Gujarat,Consumer,2026-09-15
C000212,Ahmedabad,Gujarat,Enterprise,2026-02-17
C000213,Jaipur,Rajasthan,Enterprise,2025-09-04
C000214,Ahmedabad,Gujarat,Enterprise,2026-07-13
C000215,Jaipur,Rajasthan,SMB,2026-03-02
C000216,Ahmedabad,Gujarat,Consumer,2026-08-01
C000217,Ahmedabad,Gujarat,SMB,2025-07-21
C000218,Hyderabad,Telangana,Enterprise,2025-08-04
C000219,Jaipur,Rajasthan,SMB,2026-05-02
C000220,Hyderabad,Telangana,SMB,2025-12-08
C000221,Mumbai,Maharashtra,Enterprise,2025-08-10
C000222,Hyderabad,Telangana,SMB,2025-09-18
C000223,Pune,Maharashtra,Enterprise,2025-03-04
C000224,Delhi,Delhi,Consumer,2025-06-29
C000225,Kolkata,West Bengal,Enterprise,2025-04-29
C000226,Hyderabad,Telangana,Consumer,2025-11-19
C000227,Kolkata,West Bengal,SMB,2026-02-26
C000228,Ahmedabad,Gujarat,SMB,2025-02-18
C000229,Hyderabad,Telangana,SMB,2025-10-30
C000230,Lucknow,Uttar Pradesh,Enterprise,2025-01-16
C000231,Lucknow,Uttar Pradesh,SMB,2026-01-06
C000232,Bengaluru,Karnataka,SMB,2025-08-20
C000233,Kolkata,West Bengal,SMB,2026-02-23
C000234,Jaipur,Rajasthan,Enterprise,2025-06-21
C000235,Ahmedabad,Gujarat,Consumer,2025-07-31
C000236,Kolkata,West Bengal,SMB,2025-01-23
C000237,Kolkata,West Bengal,SMB,2026-06-04
C000238,Kolkata,West Bengal,Enterprise,2025-05-09
C000239,Ahmedabad,Gujarat,Consumer,2026-04-29
C000240,Jaipur,Rajasthan,Consumer,2025-11-03
C000241,Lucknow,Uttar Pradesh,Enterprise,2026-05-30
C000242,Bengaluru,Karnataka,Consumer,2026-05-15
C000243,Kolkata,West Bengal,Consumer,2025-12-25
C000244,Delhi,Delhi,Consumer,2025-07-22
C000245,Kolkata,West Bengal,SMB,2025-06-14
C000246,Ahmedabad,Gujarat,SMB,2025-09-20
C000247,Kolkata,West Bengal,SMB,2026-08-08
C000248,Kolkata,West Bengal,SMB,2025-03-05
C000249,Ahmedabad,Gujarat,Consumer,2026-08-05
C000250,Jaipur,Rajasthan,Consumer,2025-09-29
C000251,Hyderabad,Telangana,Enterprise,2025-02-23
C000252,Bengaluru,Karnataka,Consumer,2025-07-12
C000253,Hyderabad,Telangana,Consumer,2026-04-28
C000254,Delhi,Delhi,Consumer,2025-04-09
C000255,Ahmedabad,Gujarat,Enterprise,2025-03-30
C000256,Lucknow,Uttar Pradesh,Consumer,2025-12-28
C000257,Chennai,Tamil Nadu,SMB,2025-05-11
C000258,Lucknow,Uttar Pradesh,Enterprise,2026-08-04
C000259,Mumbai,Maharashtra,Consumer,2025-08-30
C000260,Mumbai,Maharashtra,Enterprise,2025-01-20
C000261,Chennai,Tamil Nadu,Enterprise,2026-06-11
C000262,Kolkata,West Bengal,SMB,2026-07-10
C000263,Hyderabad,Telangana,Consumer,2026-04-05
C000264,Hyderabad,Telangana,Consumer,2026-06-26
C000265,Chennai,Tamil Nadu,Enterprise,2026-04-12
C000266,Mumbai,Maharashtra,Enterprise,2026-08-31
C000267,Bengaluru,Karnataka,SMB,2026-02-18
C000268,Kolkata,West Bengal,Enterprise,2025-10-15
C000269,Mumbai,Maharashtra,Enterprise,2026-05-18
C000270,Pune,Maharashtra,Consumer,2025-11-23
C000271,Ahmedabad,Gujarat,Consumer,2025-12-03
C000272,Pune,Maharashtra,Enterprise,2025-12-24
C000273,Delhi,Delhi,SMB,2025-05-17
C000274,Jaipur,Rajasthan,Enterprise,2025-07-29
C000275,Lucknow,Uttar Pradesh,Enterprise,2026-08-25
C000276,Ahmedabad,Gujarat,SMB,2025-12-05
C000277,Lucknow,Uttar Pradesh,SMB,2025-09-08
C000278,Hyderabad,Telangana,Consumer,2025-08-05
C000279,Ahmedabad,Gujarat,Consumer,2026-08-06
C000280,Ahmedabad,Gujarat,Enterprise,2026-04-20
C000281,Kolkata,West Bengal,SMB,2025-01-23
C000282,Ahmedabad,Gujarat,SMB,2025-05-22
C000283,Ahmedabad,Gujarat,Consumer,2025-10-03
C000284,Chennai,Tamil Nadu,SMB,2025-08-06
C000285,Lucknow,Uttar Pradesh,Enterprise,2025-08-03
C000286,Jaipur,Rajasthan,Consumer,2026-02-06
C000287,Hyderabad,Telangana,Consumer,2025-07-07
C000288,Kolkata,West Bengal,SMB,2026-03-08
C000289,Hyderabad,Telangana,Enterprise,2026-01-05
C000290,Ahmedabad,Gujarat,SMB,2026-09-08
C000291,Bengaluru,Karnataka,Consumer,2025-08-17
C000292,Hyderabad,Telangana,SMB,2026-06-22
C000293,Hyderabad,Telangana,SMB,2026-05-31
C000294,Lucknow,Uttar Pradesh,SMB,2026-01-03
C000295,Jaipur,Rajasthan,Enterprise,2025-09-25
C000296,Kolkata,West Bengal,Enterprise,2026-03-04
C000297,Pune,Maharashtra,SMB,2026-06-30
C000298,Ahmedabad,Gujarat,SMB,2025-08-27
C000299,Chennai,Tamil Nadu,Consumer,2025-04-04
C000300,Hyderabad,Telangana,SMB,2025-04-03
C000301,Jaipur,Rajasthan,Enterprise,2025-05-24
C000302,Hyderabad,Telangana,Consumer,2026-07-28
C000303,Ahmedabad,Gujarat,SMB,2026-07-17
C000304,Lucknow,Uttar Pradesh,Enterprise,2026-04-09
C000305,Chennai,Tamil Nadu,Consumer,2025-05-31
C000306,Chennai,Tamil Nadu,Consumer,2025-10-08
C000307,Delhi,Delhi,SMB,2025-01-11
C000308,Jaipur,Rajasthan,Consumer,2025-08-02
C000309,Bengaluru,Karnataka,Consumer,2026-03-06
C000310,Chennai,Tamil Nadu,Enterprise,2025-04-09
C000311,Ahmedabad,Gujarat,Consumer,2025-01-10
C000312,Lucknow,Uttar Pradesh,SMB,2025-12-31
C000313,Ahmedabad,Gujarat,SMB,2025-09-22
C000314,Delhi,Delhi,Consumer,2025-07-16
C000315,Ahmedabad,Gujarat,Consumer,2025-02-20
C000316,Kolkata,West Bengal,SMB,2025-02-27
C000317,Lucknow,Uttar Pradesh,Enterprise,2026-06-18
C000318,Bengaluru,Karnataka,Consumer,2025-04-26
C000319,Lucknow,Uttar Pradesh,SMB,2025-03-08
C000320,Hyderabad,Telangana,Consumer,2026-03-10
C000321,Kolkata,West Bengal,Enterprise,2026-04-09
C000322,Lucknow,Uttar Pradesh,Consumer,2026-08-26
C000323,Jaipur,Rajasthan,SMB,2025-12-16
C000324,Ahmedabad,Gujarat,SMB,2026-04-03
C000325,Kolkata,West Bengal,SMB,2026-03-18
C000326,Lucknow,Uttar Pradesh,Consumer,2026-04-19
C000327,Mumbai,Maharashtra,Consumer,2026-05-01
C000328,Hyderabad,Telangana,SMB,2026-05-28
C000329,Mumbai,Maharashtra,Consumer,2025-07-06
C000330,Delhi,Delhi,Enterprise,2025-02-28
C000331,Delhi,Delhi,Consumer,2025-11-14
C000332,Ahmedabad,Gujarat,Enterprise,2026-04-07
C000333,Ahmedabad,Gujarat,SMB,2025-01-26
C000334,Hyderabad,Telangana,SMB,2026-07-04
C000335,Chennai,Tamil Nadu,Enterprise,2025-12-19
C000336,Mumbai,Maharashtra,Enterprise,2025-07-01
C000337,Chennai,Tamil Nadu,Enterprise,2026-04-04
C000338,Hyderabad,Telangana,SMB,2025-03-31
C000339,Jaipur,Rajasthan,Consumer,2026-05-19
C000340,Delhi,Delhi,SMB,2025-04-21
C000341,Mumbai,Maharashtra,Consumer,2025-05-09
C000342,Chennai,Tamil Nadu,Enterprise,2026-08-05
C000343,Lucknow,Uttar Pradesh,SMB,2025-12-08
C000344,Mumbai,Maharashtra,SMB,2026-06-19
C000345,Chennai,Tamil Nadu,Enterprise,2025-11-09
C000346,Chennai,Tamil Nadu,Enterprise,2026-02-24
C000347,Ahmedabad,Gujarat,SMB,2025-03-04
C000348,Lucknow,Uttar Pradesh,Consumer,2025-12-02
C000349,Pune,Maharashtra,Enterprise,2025-07-14
C000350,Bengaluru,Karnataka,Consumer,2025-06-27
C000351,Lucknow,Uttar Pradesh,Enterprise,2025-01-17
C000352,Chennai,Tamil Nadu,Enterprise,2025-02-01
C000353,Delhi,Delhi,SMB,2026-02-08
C000354,Ahmedabad,Gujarat,SMB,2025-05-21
C000355,Lucknow,Uttar Pradesh,SMB,2026-05-09
C000356,Ahmedabad,Gujarat,Consumer,2026-01-01
C000357,Pune,Maharashtra,SMB,2025-09-16
C000358,Pune,Maharashtra,Enterprise,2025-03-23
C000359,Delhi,Delhi,SMB,2025-11-16
C000360,Ahmedabad,Gujarat,SMB,2026-05-30
C000361,Kolkata,West Bengal,Enterprise,2025-01-29
C000362,Ahmedabad,Gujarat,Consumer,2025-09-02
C000363,Chennai,Tamil Nadu,SMB,2025-04-01
C000364,Kolkata,West Bengal,Enterprise,2025-01-01
C000365,Jaipur,Rajasthan,SMB,2025-11-17
C000366,Bengaluru,Karnataka,Consumer,2026-02-07
C000367,Pune,Maharashtra,Enterprise,2026-08-11
C000368,Ahmedabad,Gujarat,Enterprise,2025-12-10
C000369,Bengaluru,Karnataka,Consumer,2025-07-27
C000370,Jaipur,Rajasthan,Consumer,2025-08-12
C000371,Ahmedabad,Gujarat,Enterprise,2026-01-12
C000372,Mumbai,Maharashtra,Consumer,2026-05-05
C000373,Lucknow,Uttar Pradesh,Consumer,2026-07-06
C000374,Delhi,Delhi,SMB,2026-03-04
C000375,Bengaluru,Karnataka,Enterprise,2025-11-13
C000376,Mumbai,Maharashtra,Consumer,2025-03-30
C000377,Ahmedabad,Gujarat,Consumer,2026-05-19
C000378,Delhi,Delhi,SMB,2026-07-11
C000379,Chennai,Tamil Nadu,Enterprise,2026-07-02
C000380,Chennai,Tamil Nadu,SMB,2026-01-10
C000381,Ahmedabad,Gujarat,Consumer,2025-12-21
C000382,Jaipur,Rajasthan,Consumer,2025-10-25
C000383,Hyderabad,Telangana,Enterprise,2026-01-30
C000384,Delhi,Delhi,Consumer,2025-08-03
C000385,Kolkata,West Bengal,SMB,2026-09-04
C000386,Jaipur,Rajasthan,SMB,2025-01-02
C000387,Chennai,Tamil Nadu,Enterprise,2025-08-20
C000388,Lucknow,Uttar Pradesh,Enterprise,2026-05-28
C000389,Ahmedabad,Gujarat,Consumer,2025-12-13
C000390,Jaipur,Rajasthan,SMB,2025-09-26
C000391,Pune,Maharashtra,Enterprise,2026-08-16
C000392,Jaipur,Rajasthan,SMB,2025-12-20
C000393,Pune,Maharashtra,Consumer,2026-06-26
C000394,Hyderabad,Telangana,Enterprise,2025-10-25
C000395,Hyderabad,Telangana,SMB,2025-02-03
C000396,Pune,Maharashtra,Enterprise,2026-01-03
C000397,Kolkata,West Bengal,SMB,2026-05-31
C000398,Delhi,Delhi,SMB,2025-01-29
C000399,Delhi,Delhi,Enterprise,2026-04-04
C000400,Pune,Maharashtra,Consumer,2025-12-08
C000401,Mumbai,Maharashtra,Enterprise,2025-12-21
C000402,Bengaluru,Karnataka,Enterprise,2025-04-22
C000403,Kolkata,West Bengal,Enterprise,2025-04-30
C000404,Mumbai,Maharashtra,SMB,2026-08-31
C000405,Chennai,Tamil Nadu,SMB,2026-04-30
C000406,Kolkata,West Bengal,Enterprise,2025-03-04
C000407,Pune,Maharashtra,Enterprise,2026-02-19
C000408,Kolkata,West Bengal,SMB,2026-05-02
C000409,Ahmedabad,Gujarat,Enterprise,2025-01-28
C000410,Lucknow,Uttar Pradesh,Consumer,2025-07-02
C000411,Chennai,Tamil Nadu,Consumer,2026-08-04
C000412,Mumbai,Maharashtra,SMB,2025-03-18
C000413,Mumbai,Maharashtra,SMB,2025-05-10
C000414,Chennai,Tamil Nadu,Consumer,2025-02-05
C000415,Pune,Maharashtra,Consumer,2025-08-16
C000416,Pune,Maharashtra,SMB,2025-12-01
C000417,Delhi,Delhi,Consumer,2026-02-17
C000418,Kolkata,West Bengal,Enterprise,2026-06-14
C000419,Delhi,Delhi,Consumer,2025-05-16
C000420,Mumbai,Maharashtra,Enterprise,2025-10-25
C000421,Lucknow,Uttar Pradesh,Enterprise,2025-07-07
C000422,Ahmedabad,Gujarat,Enterprise,2025-04-22
C000423,Hyderabad,Telangana,SMB,2026-05-11
C000424,Chennai,Tamil Nadu,SMB,2025-07-18
C000425,Bengaluru,Karnataka,SMB,2025-08-12
C000426,Jaipur,Rajasthan,Consumer,2025-02-27
C000427,Ahmedabad,Gujarat,SMB,2026-04-02
C000428,Chennai,Tamil Nadu,Enterprise,2025-11-26
C000429,Chennai,Tamil Nadu,SMB,2025-08-23
C000430,Hyderabad,Telangana,SMB,2026-01-11
C000431,Mumbai,Maharashtra,Consumer,2025-10-24
C000432,Lucknow,Uttar Pradesh,SMB,2026-03-23
C000433,Chennai,Tamil Nadu,Enterprise,2025-08-18
C000434,Bengaluru,Karnataka,Enterprise,2025-11-04
C000435,Chennai,Tamil Nadu,Consumer,2026-03-16
C000436,Bengaluru,Karnataka,Enterprise,2026-08-02
C000437,Ahmedabad,Gujarat,SMB,2026-08-26
C000438,Hyderabad,Telangana,Enterprise,2026-09-15
C000439,Pune,Maharashtra,Consumer,2026-05-10
C000440,Hyderabad,Telangana,Enterprise,2025-07-14
C000441,Delhi,Delhi,Enterprise,2025-03-17
C000442,Bengaluru,Karnataka,SMB,2026-09-05
C000443,Ahmedabad,Gujarat,Consumer,2026-03-27
C000444,Pune,Maharashtra,Enterprise,2025-04-13
C000445,Mumbai,Maharashtra,SMB,2025-09-11
C000446,Kolkata,West Bengal,Consumer,2025-06-05
C000447,Delhi,Delhi,Enterprise,2025-10-12
C000448,Jaipur,Rajasthan,Enterprise,2025-07-31
C000449,Delhi,Delhi,SMB,2026-01-10
C000450,Chennai,Tamil Nadu,Enterprise,2025-09-21
C000451,Mumbai,Maharashtra,SMB,2025-02-28
C000452,Delhi,Delhi,Consumer,2026-06-10
C000453,Kolkata,West Bengal,Enterprise,2025-10-12
C000454,Mumbai,Maharashtra,SMB,2025-01-11
C000455,Chennai,Tamil Nadu,Enterprise,2025-04-06
C000456,Ahmedabad,Gujarat,SMB,2026-06-07
C000457,Chennai,Tamil Nadu,Enterprise,2025-10-23
C000458,Pune,Maharashtra,Consumer,2026-06-09
C000459,Hyderabad,Telangana,SMB,2025-01-20
C000460,Lucknow,Uttar Pradesh,Enterprise,2025-09-12
C000461,Lucknow,Uttar Pradesh,Consumer,2026-05-19
C000462,Mumbai,Maharashtra,Enterprise,2025-12-27
C000463,Chennai,Tamil Nadu,Enterprise,2025-11-14
C000464,Mumbai,Maharashtra,Consumer,2025-02-05
C000465,Bengaluru,Karnataka,SMB,2026-01-18
C000466,Mumbai,Maharashtra,Consumer,2025-07-02
C000467,Jaipur,Rajasthan,Consumer,2025-10-29
C000468,Ahmedabad,Gujarat,SMB,2026-06-05
C000469,Jaipur,Rajasthan,SMB,2026-04-02
C000470,Delhi,Delhi,SMB,2026-05-24
C000471,Mumbai,Maharashtra,SMB,2026-04-24
C000472,Kolkata,West Bengal,SMB,2025-01-26
C000473,Pune,Maharashtra,Consumer,2025-12-11
C000474,Ahmedabad,Gujarat,Consumer,2025-10-09
C000475,Mumbai,Maharashtra,Enterprise,2025-10-13
C000476,Jaipur,Rajasthan,Enterprise,2025-10-06
C000477,Bengaluru,Karnataka,SMB,2025-08-03
C000478,Hyderabad,Telangana,Consumer,2025-12-20
C000479,Mumbai,Maharashtra,Enterprise,2025-06-14
C000480,Lucknow,Uttar Pradesh,Consumer,2025-02-09
C000481,Pune,Maharashtra,Consumer,2025-04-08
C000482,Lucknow,Uttar Pradesh,Consumer,2025-02-23
C000483,Jaipur,Rajasthan,Consumer,2026-04-01
C000484,Hyderabad,Telangana,Consumer,2025-09-13
C000485,Delhi,Delhi,Enterprise,2025-01-03
C000486,Chennai,Tamil Nadu,Consumer,2025-04-11
C000487,Jaipur,Rajasthan,SMB,2026-09-13
C000488,Delhi,Delhi,Consumer,2026-05-29
C000489,Bengaluru,Karnataka,Consumer,2025-01-12
C000490,Pune,Maharashtra,Consumer,2026-04-03
C000491,Pune,Maharashtra,Consumer,2025-05-16
C000492,Chennai,Tamil Nadu,Consumer,2025-04-09
C000493,Kolkata,West Bengal,Enterprise,2025-03-30
C000494,Mumbai,Maharashtra,SMB,2025-12-15
C000495,Pune,Maharashtra,Enterprise,2026-04-07
C000496,Mumbai,Maharashtra,SMB,2026-01-27
C000497,Hyderabad,Telangana,Enterprise,2025-02-03
C000498,Jaipur,Rajasthan,SMB,2025-12-22
C000499,Bengaluru,Karnataka,Consumer,2026-01-08
C000500,Kolkata,West Bengal,SMB,2026-06-17
C000501,Mumbai,Maharashtra,SMB,2026-07-08
C000502,Ahmedabad,Gujarat,Consumer,2025-03-04
C000503,Pune,Maharashtra,Enterprise,2025-04-26
C000504,Mumbai,Maharashtra,Consumer,2025-08-02
C000505,Lucknow,Uttar Pradesh,Enterprise,2026-03-31
C000506,Jaipur,Rajasthan,Enterprise,2025-09-10
C000507,Kolkata,West Bengal,Enterprise,2026-02-17
C000508,Chennai,Tamil Nadu,SMB,2026-01-28
C000509,Lucknow,Uttar Pradesh,SMB,2025-03-19
C000510,Mumbai,Maharashtra,Enterprise,2026-05-21
C000511,Jaipur,Rajasthan,Enterprise,2025-06-17
C000512,Kolkata,West Bengal,SMB,2025-06-27
C000513,Kolkata,West Bengal,SMB,2025-12-19
C000514,Kolkata,West Bengal,SMB,2026-07-21
C000515,Mumbai,Maharashtra,SMB,2025-11-28
C000516,Pune,Maharashtra,Enterprise,2025-07-17
C000517,Pune,Maharashtra,Consumer,2026-06-18
C000518,Ahmedabad,Gujarat,Consumer,2025-03-12
C000519,Mumbai,Maharashtra,Consumer,2025-12-02
C000520,Mumbai,Maharashtra,Enterprise,2026-07-28
C000521,Pune,Maharashtra,Consumer,2026-03-09
C000522,Bengaluru,Karnataka,Enterprise,2026-03-13
C000523,Jaipur,Rajasthan,SMB,2026-06-05
C000524,Mumbai,Maharashtra,SMB,2025-10-02
C000525,Kolkata,West Bengal,Enterprise,2025-02-09
C000526,Chennai,Tamil Nadu,Enterprise,2025-08-31
C000527,Pune,Maharashtra,Consumer,2026-03-25
C000528,Jaipur,Rajasthan,Consumer,2025-05-01
C000529,Ahmedabad,Gujarat,Consumer,2025-03-26
C000530,Pune,Maharashtra,Enterprise,2025-10-13
C000531,Mumbai,Maharashtra,SMB,2026-03-22
C000532,Hyderabad,Telangana,SMB,2026-03-12
C000533,Lucknow,Uttar Pradesh,Enterprise,2026-06-09
C000534,Jaipur,Rajasthan,Consumer,2026-04-19
C000535,Chennai,Tamil Nadu,Consumer,2025-05-21
C000536,Chennai,Tamil Nadu,Enterprise,2026-08-16
C000537,Chennai,Tamil Nadu,SMB,2025-09-30
C000538,Bengaluru,Karnataka,Consumer,2025-04-22
C000539,Lucknow,Uttar Pradesh,Enterprise,2025-11-08
C000540,Mumbai,Maharashtra,Consumer,2026-07-30
C000541,Bengaluru,Karnataka,Consumer,2026-08-03
C000542,Jaipur,Rajasthan,Consumer,2025-10-20
C000543,Kolkata,West Bengal,SMB,2025-09-22
C000544,Delhi,Delhi,SMB,2025-08-31
C000545,Pune,Maharashtra,Enterprise,2026-04-09
C000546,Mumbai,Maharashtra,Consumer,2025-05-01
C000547,Delhi,Delhi,Enterprise,2025-02-08
C000548,Mumbai,Maharashtra,SMB,2025-12-11
C000549,Kolkata,West Bengal,SMB,2026-04-17
C000550,Ahmedabad,Gujarat,SMB,2025-08-01
C000551,Hyderabad,Telangana,Enterprise,2025-03-30
C000552,Pune,Maharashtra,SMB,2025-03-28
C000553,Chennai,Tamil Nadu,Enterprise,2026-06-11
C000554,Lucknow,Uttar Pradesh,SMB,2026-02-14
C000555,Chennai,Tamil Nadu,Consumer,2025-06-21
C000556,Kolkata,West Bengal,Enterprise,2025-02-12
C000557,Bengaluru,Karnataka,Consumer,2025-08-23
C000558,Hyderabad,Telangana,Consumer,2026-08-17
C000559,Chennai,Tamil Nadu,SMB,2025-09-12
C000560,Mumbai,Maharashtra,Consumer,2026-01-22
C000561,Kolkata,West Bengal,Consumer,2025-04-11
C000562,Kolkata,West Bengal,Enterprise,2026-07-01
C000563,Hyderabad,Telangana,Enterprise,2026-03-10
C000564,Pune,Maharashtra,Consumer,2025-11-05
C000565,Bengaluru,Karnataka,SMB,2025-01-15
C000566,Ahmedabad,Gujarat,Consumer,2025-09-01
C000567,Lucknow,Uttar Pradesh,SMB,2026-03-22
C000568,Kolkata,West Bengal,Enterprise,2026-05-13
C000569,Kolkata,West Bengal,SMB,2025-03-31
C000570,Kolkata,West Bengal,Consumer,2025-09-10
C000571,Delhi,Delhi,Enterprise,2025-12-24
C000572,Pune,Maharashtra,Consumer,2025-12-06
C000573,Mumbai,Maharashtra,Consumer,2025-12-05
C000574,Lucknow,Uttar Pradesh,SMB,2026-02-11
C000575,Mumbai,Maharashtra,SMB,2025-08-29
C000576,Pune,Maharashtra,Consumer,2025-09-16
C000577,Delhi,Delhi,Consumer,2026-02-01
C000578,Mumbai,Maharashtra,Enterprise,2026-02-01
C000579,Hyderabad,Telangana,SMB,2025-09-30
C000580,Delhi,Delhi,Consumer,2025-03-21
C000581,Delhi,Delhi,SMB,2025-06-03
C000582,Delhi,Delhi,Enterprise,2025-04-29
C000583,Mumbai,Maharashtra,Consumer,2026-08-24
C000584,Ahmedabad,Gujarat,SMB,2026-08-09
C000585,Lucknow,Uttar Pradesh,Enterprise,2025-12-15
C000586,Lucknow,Uttar Pradesh,Enterprise,2026-05-09
C000587,Lucknow,Uttar Pradesh,SMB,2026-05-03
C000588,Pune,Maharashtra,Consumer,2025-12-08
C000589,Mumbai,Maharashtra,SMB,2025-12-10
C000590,Chennai,Tamil Nadu,SMB,2026-04-05
C000591,Bengaluru,Karnataka,SMB,2026-01-30
C000592,Mumbai,Maharashtra,SMB,2025-12-25
C000593,Ahmedabad,Gujarat,Consumer,2025-02-14
C000594,Pune,Maharashtra,SMB,2025-03-01
C000595,Mumbai,Maharashtra,Enterprise,2026-04-07
C000596,Jaipur,Rajasthan,SMB,2025-12-26
C000597,Lucknow,Uttar Pradesh,Enterprise,2026-09-08
C000598,Bengaluru,Karnataka,SMB,2026-09-22
C000599,Lucknow,Uttar Pradesh,Enterprise,2025-05-27
C000600,Pune,Maharashtra,Enterprise,2026-01-05
C000601,Jaipur,Rajasthan,Consumer,2025-02-18
C000602,Ahmedabad,Gujarat,Consumer,2026-09-22
C000603,Pune,Maharashtra,Enterprise,2025-03-07
C000604,Jaipur,Rajasthan,Enterprise,2025-05-15
C000605,Bengaluru,Karnataka,Consumer,2026-07-04
C000606,Ahmedabad,Gujarat,SMB,2026-02-12
C000607,Jaipur,Rajasthan,Enterprise,2025-05-04
C000608,Pune,Maharashtra,SMB,2025-08-08
C000609,Kolkata,West Bengal,SMB,2026-08-25
C000610,Pune,Maharashtra,Enterprise,2026-04-10
C000611,Bengaluru,Karnataka,Enterprise,2026-05-18
C000612,Pune,Maharashtra,Consumer,2025-09-14
C000613,Mumbai,Maharashtra,Enterprise,2026-06-11
C000614,Kolkata,West Bengal,SMB,2025-07-15
C000615,Lucknow,Uttar Pradesh,Consumer,2025-09-16
C000616,Mumbai,Maharashtra,Enterprise,2026-05-31
C000617,Delhi,Delhi,SMB,2025-08-29
C000618,Kolkata,West Bengal,Consumer,2026-04-08
C000619,Mumbai,Maharashtra,SMB,2026-03-11
C000620,Kolkata,West Bengal,Enterprise,2026-09-07
C000621,Pune,Maharashtra,Consumer,2026-06-05
C000622,Jaipur,Rajasthan,Consumer,2026-05-17
C000623,Kolkata,West Bengal,Enterprise,2025-10-09
C000624,Bengaluru,Karnataka,SMB,2025-08-28
C000625,Delhi,Delhi,Consumer,2025-09-23
C000626,Ahmedabad,Gujarat,Consumer,2025-06-25
C000627,Delhi,Delhi,Consumer,2025-03-01
C000628,Chennai,Tamil Nadu,Consumer,2026-01-30
C000629,Jaipur,Rajasthan,Enterprise,2026-02-13
C000630,Bengaluru,Karnataka,Enterprise,2025-09-19
C000631,Lucknow,Uttar Pradesh,Consumer,2026-04-09
C000632,Kolkata,West Bengal,Consumer,2025-05-07
C000633,Delhi,Delhi,Enterprise,2026-08-22
C000634,Lucknow,Uttar Pradesh,Consumer,2026-07-15
C000635,Ahmedabad,Gujarat,Consumer,2025-11-16
C000636,Pune,Maharashtra,Enterprise,2026-07-13
C000637,Hyderabad,Telangana,SMB,2026-04-20
C000638,Chennai,Tamil Nadu,Enterprise,2026-09-01
C000639,Ahmedabad,Gujarat,Consumer,2026-02-19
C000640,Hyderabad,Telangana,SMB,2026-09-21
C000641,Ahmedabad,Gujarat,Consumer,2025-10-13
C000642,Lucknow,Uttar Pradesh,SMB,2025-12-25
C000643,Chennai,Tamil Nadu,SMB,2026-01-26
C000644,Jaipur,Rajasthan,SMB,2025-05-06
C000645,Hyderabad,Telangana,Enterprise,2025-04-18
C000646,Chennai,Tamil Nadu,Consumer,2026-05-14
C000647,Ahmedabad,Gujarat,SMB,2026-03-07
C000648,Mumbai,Maharashtra,Enterprise,2026-02-05
C000649,Mumbai,Maharashtra,SMB,2025-03-07
C000650,Delhi,Delhi,SMB,2025-12-15
C000651,Jaipur,Rajasthan,Consumer,2025-12-06
C000652,Mumbai,Maharashtra,Consumer,2025-12-17
C000653,Pune,Maharashtra,Consumer,2025-11-19
C000654,Bengaluru,Karnataka,SMB,2026-01-25
C000655,Pune,Maharashtra,Consumer,2025-10-27
C000656,Mumbai,Maharashtra,SMB,2025-06-24
C000657,Bengaluru,Karnataka,SMB,2025-03-18
C000658,Pune,Maharashtra,Consumer,2025-04-17
C000659,Bengaluru,Karnataka,SMB,2026-01-02
C000660,Delhi,Delhi,Enterprise,2025-12-31
C000661,Ahmedabad,Gujarat,Enterprise,2025-01-05
C000662,Mumbai,Maharashtra,Consumer,2025-07-18
C000663,Hyderabad,Telangana,Consumer,2026-03-03
C000664,Lucknow,Uttar Pradesh,Enterprise,2025-11-25
C000665,Mumbai,Maharashtra,SMB,2025-07-04
C000666,Chennai,Tamil Nadu,Consumer,2025-02-07
C000667,Hyderabad,Telangana,SMB,2026-05-12
C000668,Lucknow,Uttar Pradesh,SMB,2025-02-18
C000669,Mumbai,Maharashtra,SMB,2026-04-09
C000670,Jaipur,Rajasthan,Consumer,2026-05-06
C000671,Jaipur,Rajasthan,Enterprise,2025-07-07
C000672,Delhi,Delhi,SMB,2025-11-30
C000673,Bengaluru,Karnataka,Enterprise,2025-10-02
C000674,Hyderabad,Telangana,Enterprise,2025-11-20
C000675,Delhi,Delhi,Enterprise,2026-06-04
C000676,Mumbai,Maharashtra,Enterprise,2025-10-08
C000677,Mumbai,Maharashtra,Enterprise,2026-02-27
C000678,Jaipur,Rajasthan,Enterprise,2026-03-07
C000679,Bengaluru,Karnataka,SMB,2026-01-01
C000680,Bengaluru,Karnataka,Enterprise,2025-10-28
C000681,Pune,Maharashtra,SMB,2026-08-04
C000682,Bengaluru,Karnataka,SMB,2026-09-05
C000683,Mumbai,Maharashtra,SMB,2025-07-07
C000684,Mumbai,Maharashtra,Enterprise,2026-07-26
C000685,Pune,Maharashtra,Consumer,2025-02-04
C000686,Pune,Maharashtra,Enterprise,2025-09-20
C000687,Delhi,Delhi,Enterprise,2025-12-27
C000688,Ahmedabad,Gujarat,Enterprise,2025-05-22
C000689,Delhi,Delhi,Consumer,2026-07-11
C000690,Ahmedabad,Gujarat,Consumer,2025-08-16
C000691,Hyderabad,Telangana,Consumer,2026-09-07
C000692,Hyderabad,Telangana,Consumer,2025-09-03
C000693,Chennai,Tamil Nadu,Enterprise,2025-11-06
C000694,Jaipur,Rajasthan,SMB,2025-07-16
C000695,Bengaluru,Karnataka,Enterprise,2025-05-29
C000696,Chennai,Tamil Nadu,SMB,2026-08-30
C000697,Bengaluru,Karnataka,Enterprise,2025-09-15
C000698,Chennai,Tamil Nadu,Consumer,2026-09-13
C000699,Pune,Maharashtra,SMB,2025-11-07
C000700,Ahmedabad,Gujarat,SMB,2025-09-21
C000701,Delhi,Delhi,SMB,2026-06-22
C000702,Ahmedabad,Gujarat,SMB,2026-09-12
C000703,Jaipur,Rajasthan,SMB,2026-09-15
C000704,Mumbai,Maharashtra,Enterprise,2025-11-26
C000705,Mumbai,Maharashtra,SMB,2026-04-13
C000706,Delhi,Delhi,Enterprise,2025-08-17
C000707,Pune,Maharashtra,Consumer,2025-03-04
C000708,Pune,Maharashtra,Enterprise,2025-08-18
C000709,Chennai,Tamil Nadu,SMB,2026-04-14
C000710,Kolkata,West Bengal,Consumer,2026-06-20
C000711,Ahmedabad,Gujarat,SMB,2025-12-14
C000712,Bengaluru,Karnataka,Enterprise,2025-10-01
C000713,Lucknow,Uttar Pradesh,SMB,2025-08-02
C000714,Bengaluru,Karnataka,Consumer,2026-06-06
C000715,Kolkata,West Bengal,SMB,2026-02-03
C000716,Delhi,Delhi,Consumer,2025-04-21
C000717,Lucknow,Uttar Pradesh,Enterprise,2026-08-30
C000718,Ahmedabad,Gujarat,Consumer,2025-04-09
C000719,Mumbai,Maharashtra,Consumer,2026-08-28
C000720,Pune,Maharashtra,SMB,2025-10-25
C000721,Lucknow,Uttar Pradesh,Consumer,2026-04-15
C000722,Delhi,Delhi,Enterprise,2025-12-16
C000723,Pune,Maharashtra,SMB,2025-12-11
C000724,Mumbai,Maharashtra,Enterprise,2025-04-17
C000725,Jaipur,Rajasthan,SMB,2025-11-06
C000726,Pune,Maharashtra,Enterprise,2025-08-05
C000727,Hyderabad,Telangana,Consumer,2025-01-21
C000728,Delhi,Delhi,SMB,2026-02-07
C000729,Kolkata,West Bengal,Enterprise,2025-04-02
C000730,Chennai,Tamil Nadu,SMB,2026-07-01
C000731,Ahmedabad,Gujarat,Consumer,2026-04-21
C000732,Chennai,Tamil Nadu,Enterprise,2026-01-17
C000733,Hyderabad,Telangana,Consumer,2025-04-16
C000734,Mumbai,Maharashtra,SMB,2025-05-15
C000735,Ahmedabad,Gujarat,Consumer,2026-09-22
C000736,Pune,Maharashtra,Enterprise,2025-09-27
C000737,Mumbai,Maharashtra,Enterprise,2026-02-26
C000738,Chennai,Tamil Nadu,SMB,2025-05-03
C000739,Delhi,Delhi,SMB,2026-01-31
C000740,Hyderabad,Telangana,Consumer,2025-06-06
C000741,Delhi,Delhi,Consumer,2026-09-06
C000742,Ahmedabad,Gujarat,Consumer,2025-10-08
C000743,Jaipur,Rajasthan,Enterprise,2025-10-14
C000744,Ahmedabad,Gujarat,Enterprise,2025-04-11
C000745,Lucknow,Uttar Pradesh,Consumer,2025-02-21
C000746,Chennai,Tamil Nadu,SMB,2026-07-11
C000747,Ahmedabad,Gujarat,Enterprise,2025-11-16
C000748,Kolkata,West Bengal,Enterprise,2025-02-27
C000749,Delhi,Delhi,SMB,2026-05-14
C000750,Mumbai,Maharashtra,SMB,2025-12-28
C000751,Jaipur,Rajasthan,SMB,2025-04-10
C000752,Jaipur,Rajasthan,Enterprise,2026-04-02
C000753,Delhi,Delhi,Consumer,2025-12-03
C000754,Jaipur,Rajasthan,Consumer,2025-04-07
C000755,Jaipur,Rajasthan,Consumer,2025-08-25
C000756,Delhi,Delhi,Consumer,2025-09-08
C000757,Hyderabad,Telangana,SMB,2026-02-08
C000758,Chennai,Tamil Nadu,Consumer,2025-07-14
C000759,Hyderabad,Telangana,Enterprise,2026-03-04
C000760,Chennai,Tamil Nadu,Consumer,2026-05-01
C000761,Chennai,Tamil Nadu,Enterprise,2026-02-19
C000762,Mumbai,Maharashtra,Enterprise,2026-05-13
C000763,Delhi,Delhi,Enterprise,2026-03-28
C000764,Delhi,Delhi,Consumer,2026-05-27
C000765,Lucknow,Uttar Pradesh,Enterprise,2026-04-16
C000766,Pune,Maharashtra,Enterprise,2025-02-01
C000767,Bengaluru,Karnataka,Consumer,2025-02-05
C000768,Lucknow,Uttar Pradesh,SMB,2026-05-21
C000769,Hyderabad,Telangana,Enterprise,2025-11-20
C000770,Lucknow,Uttar Pradesh,Enterprise,2025-01-24
C000771,Ahmedabad,Gujarat,Enterprise,2026-02-28
C000772,Chennai,Tamil Nadu,Enterprise,2025-08-23
C000773,Ahmedabad,Gujarat,Consumer,2026-09-18
C000774,Kolkata,West Bengal,SMB,2025-12-19
C000775,Mumbai,Maharashtra,Enterprise,2025-02-16
C000776,Delhi,Delhi,SMB,2025-11-19
C000777,Ahmedabad,Gujarat,SMB,2025-06-08
C000778,Pune,Maharashtra,Enterprise,2025-04-22
C000779,Pune,Maharashtra,Enterprise,2025-09-06
C000780,Pune,Maharashtra,SMB,2025-04-12
C000781,Pune,Maharashtra,Enterprise,2026-03-13
C000782,Mumbai,Maharashtra,SMB,2025-07-07
C000783,Ahmedabad,Gujarat,Consumer,2025-07-27
C000784,Ahmedabad,Gujarat,Consumer,2025-04-20
C000785,Mumbai,Maharashtra,Consumer,2025-08-14
C000786,Kolkata,West Bengal,Enterprise,2025-11-21
C000787,Hyderabad,Telangana,Consumer,2026-09-24
C000788,Pune,Maharashtra,Enterprise,2026-07-15
C000789,Pune,Maharashtra,Consumer,2026-08-16
C000790,Delhi,Delhi,SMB,2026-02-04
C000791,Ahmedabad,Gujarat,SMB,2025-08-28
C000792,Ahmedabad,Gujarat,Consumer,2025-03-11
C000793,Kolkata,West Bengal,Enterprise,2025-12-22
C000794,Hyderabad,Telangana,Consumer,2026-03-30
C000795,Pune,Maharashtra,Consumer,2025-02-09
C000796,Chennai,Tamil Nadu,SMB,2026-04-10
C000797,Ahmedabad,Gujarat,SMB,2026-02-21
C000798,Bengaluru,Karnataka,Consumer,2025-12-01
C000799,Delhi,Delhi,SMB,2026-07-20
C000800,Pune,Maharashtra,SMB,2025-10-12
C000801,Bengaluru,Karnataka,SMB,2025-02-09
C000802,Lucknow,Uttar Pradesh,Enterprise,2025-06-01
C000803,Pune,Maharashtra,Enterprise,2025-08-13
C000804,Mumbai,Maharashtra,SMB,2026-01-27
C000805,Ahmedabad,Gujarat,Enterprise,2025-08-06
C000806,Lucknow,Uttar Pradesh,Enterprise,2026-04-20
C000807,Mumbai,Maharashtra,Consumer,2025-03-17
C000808,Kolkata,West Bengal,SMB,2026-09-10
C000809,Pune,Maharashtra,Enterprise,2025-10-11
C000810,Delhi,Delhi,Consumer,2026-04-13
C000811,Jaipur,Rajasthan,SMB,2026-01-24
C000812,Bengaluru,Karnataka,Consumer,2025-01-31
C000813,Delhi,Delhi,Enterprise,2025-09-16
C000814,Ahmedabad,Gujarat,Enterprise,2025-12-21
C000815,Delhi,Delhi,Enterprise,2026-02-05
C000816,Delhi,Delhi,SMB,2026-04-22
C000817,Pune,Maharashtra,Consumer,2025-11-02
C000818,Lucknow,Uttar Pradesh,Enterprise,2025-08-21
C000819,Lucknow,Uttar Pradesh,SMB,2026-01-30
C000820,Jaipur,Rajasthan,Enterprise,2026-01-16
C000821,Lucknow,Uttar Pradesh,SMB,2026-01-04
C000822,Bengaluru,Karnataka,SMB,2025-09-15
C000823,Mumbai,Maharashtra,SMB,2026-03-30
C000824,Chennai,Tamil Nadu,Enterprise,2026-06-19
C000825,Bengaluru,Karnataka,Enterprise,2026-01-04
C000826,Chennai,Tamil Nadu,Enterprise,2026-09-01
C000827,Lucknow,Uttar Pradesh,Enterprise,2025-06-26
C000828,Bengaluru,Karnataka,Enterprise,2026-01-09
C000829,Delhi,Delhi,Enterprise,2026-05-04
C000830,Lucknow,Uttar Pradesh,SMB,2025-04-25
C000831,Hyderabad,Telangana,Consumer,2026-03-21
C000832,Mumbai,Maharashtra,Consumer,2025-01-15
C000833,Ahmedabad,Gujarat,SMB,2025-11-22
C000834,Delhi,Delhi,SMB,2026-06-21
C000835,Hyderabad,Telangana,SMB,2026-01-25
C000836,Lucknow,Uttar Pradesh,SMB,2026-07-26
C000837,Bengaluru,Karnataka,Enterprise,2025-04-18
C000838,Jaipur,Rajasthan,Consumer,2026-03-12
C000839,Pune,Maharashtra,Enterprise,2026-01-07
C000840,Jaipur,Rajasthan,SMB,2025-09-01
C000841,Delhi,Delhi,SMB,2026-02-19
C000842,Pune,Maharashtra,Enterprise,2025-10-03
C000843,Chennai,Tamil Nadu,Enterprise,2026-01-12
C000844,Hyderabad,Telangana,Consumer,2025-08-05
C000845,Jaipur,Rajasthan,SMB,2025-06-24
C000846,Chennai,Tamil Nadu,SMB,2026-07-02
C000847,Hyderabad,Telangana,Enterprise,2026-07-02
C000848,Ahmedabad,Gujarat,SMB,2026-01-08
C000849,Pune,Maharashtra,Enterprise,2026-09-10
C000850,Chennai,Tamil Nadu,SMB,2025-04-05
C000851,Lucknow,Uttar Pradesh,Enterprise,2026-02-26
C000852,Kolkata,West Bengal,SMB,2025-09-26
C000853,Delhi,Delhi,SMB,2025-02-02
C000854,Chennai,Tamil Nadu,Enterprise,2025-03-03
C000855,Pune,Maharashtra,SMB,2026-05-25
C000856,Chennai,Tamil Nadu,Enterprise,2026-01-08
C000857,Hyderabad,Telangana,Consumer,2026-02-23
C000858,Chennai,Tamil Nadu,Enterprise,2026-06-25
C000859,Chennai,Tamil Nadu,Consumer,2025-03-26
C000860,Lucknow,Uttar Pradesh,Enterprise,2026-04-01
C000861,Hyderabad,Telangana,Consumer,2025-02-09
C000862,Jaipur,Rajasthan,Consumer,2026-05-11
C000863,Hyderabad,Telangana,Consumer,2025-03-19
C000864,Kolkata,West Bengal,SMB,2026-07-12
C000865,Ahmedabad,Gujarat,Consumer,2026-06-14
C000866,Delhi,Delhi,Consumer,2026-03-04
C000867,Delhi,Delhi,SMB,2026-05-23
C000868,Ahmedabad,Gujarat,SMB,2026-05-21
C000869,Hyderabad,Telangana,SMB,2025-09-07
C000870,Chennai,Tamil Nadu,Enterprise,2025-02-15
C000871,Mumbai,Maharashtra,Enterprise,2026-03-22
C000872,Hyderabad,Telangana,Enterprise,2026-07-28
C000873,Bengaluru,Karnataka,Consumer,2025-11-21
C000874,Delhi,Delhi,Consumer,2025-11-05
C000875,Ahmedabad,Gujarat,Consumer,2026-08-05
C000876,Chennai,Tamil Nadu,Consumer,2025-01-08
C000877,Chennai,Tamil Nadu,Enterprise,2026-04-14
C000878,Mumbai,Maharashtra,SMB,2025-08-10
C000879,Ahmedabad,Gujarat,Enterprise,2026-02-26
C000880,Jaipur,Rajasthan,SMB,2025-04-15
C000881,Jaipur,Rajasthan,SMB,2025-07-31
C000882,Hyderabad,Telangana,Consumer,2025-09-14
C000883,Delhi,Delhi,Enterprise,2025-12-23
C000884,Chennai,Tamil Nadu,Enterprise,2025-05-25
C000885,Bengaluru,Karnataka,Enterprise,2025-09-19
C000886,Chennai,Tamil Nadu,Enterprise,2026-06-08
C000887,Hyderabad,Telangana,Consumer,2026-04-20
C000888,Kolkata,West Bengal,SMB,2026-02-05
C000889,Pune,Maharashtra,Consumer,2025-11-08
C000890,Mumbai,Maharashtra,Consumer,2025-04-20
C000891,Ahmedabad,Gujarat,SMB,2025-07-12
C000892,Bengaluru,Karnataka,SMB,2025-10-25
C000893,Hyderabad,Telangana,SMB,2026-08-09
C000894,Chennai,Tamil Nadu,SMB,2025-08-23
C000895,Lucknow,Uttar Pradesh,Enterprise,2026-03-21
C000896,Bengaluru,Karnataka,SMB,2026-05-23
C000897,Pune,Maharashtra,Enterprise,2025-07-03
C000898,Bengaluru,Karnataka,Enterprise,2025-04-02
C000899,Ahmedabad,Gujarat,SMB,2025-05-05
C000900,Kolkata,West Bengal,Enterprise,2026-01-26
C000901,Chennai,Tamil Nadu,Enterprise,2025-04-02
C000902,Chennai,Tamil Nadu,SMB,2026-04-23
C000903,Hyderabad,Telangana,Consumer,2025-04-14
C000904,Ahmedabad,Gujarat,Consumer,2025-12-20
C000905,Lucknow,Uttar Pradesh,SMB,2025-11-19
C000906,Jaipur,Rajasthan,SMB,2026-08-12
C000907,Jaipur,Rajasthan,Enterprise,2025-06-19
C000908,Hyderabad,Telangana,Enterprise,2026-08-10
C000909,Lucknow,Uttar Pradesh,Consumer,2026-02-13
C000910,Ahmedabad,Gujarat,Enterprise,2026-07-01
C000911,Pune,Maharashtra,Consumer,2026-03-15
C000912,Mumbai,Maharashtra,Consumer,2026-03-02
C000913,Jaipur,Rajasthan,Consumer,2026-03-21
C000914,Jaipur,Rajasthan,Consumer,2025-05-08
C000915,Pune,Maharashtra,Enterprise,2025-12-10
C000916,Mumbai,Maharashtra,Enterprise,2025-06-09
C000917,Lucknow,Uttar Pradesh,SMB,2025-03-12
C000918,Jaipur,Rajasthan,SMB,2026-09-21
C000919,Bengaluru,Karnataka,SMB,2025-04-13
C000920,Jaipur,Rajasthan,SMB,2025-12-21
C000921,Lucknow,Uttar Pradesh,Consumer,2026-03-11
C000922,Ahmedabad,Gujarat,Enterprise,2026-09-19
C000923,Chennai,Tamil Nadu,Enterprise,2025-01-17
C000924,Kolkata,West Bengal,SMB,2025-01-03
C000925,Hyderabad,Telangana,Enterprise,2025-02-26
C000926,Bengaluru,Karnataka,SMB,2025-09-25
C000927,Mumbai,Maharashtra,Enterprise,2025-02-16
C000928,Mumbai,Maharashtra,SMB,2025-01-25
C000929,Chennai,Tamil Nadu,SMB,2025-05-20
C000930,Delhi,Delhi,Enterprise,2026-07-21
C000931,Kolkata,West Bengal,SMB,2025-10-25
C000932,Ahmedabad,Gujarat,SMB,2025-10-19
C000933,Mumbai,Maharashtra,Enterprise,2026-05-30
C000934,Jaipur,Rajasthan,Consumer,2026-05-23
C000935,Pune,Maharashtra,Consumer,2025-05-19
C000936,Jaipur,Rajasthan,SMB,2026-02-15
C000937,Delhi,Delhi,Enterprise,2025-06-22
C000938,Bengaluru,Karnataka,Consumer,2025-08-20
C000939,Ahmedabad,Gujarat,Enterprise,2026-07-13
C000940,Jaipur,Rajasthan,SMB,2026-02-18
C000941,Kolkata,West Bengal,Consumer,2025-07-12
C000942,Ahmedabad,Gujarat,SMB,2025-05-01
C000943,Chennai,Tamil Nadu,Consumer,2026-07-18
C000944,Mumbai,Maharashtra,Consumer,2026-09-21
C000945,Kolkata,West Bengal,Enterprise,2026-08-19
C000946,Bengaluru,Karnataka,Consumer,2025-06-10
C000947,Mumbai,Maharashtra,Consumer,2026-04-07
C000948,Bengaluru,Karnataka,SMB,2026-04-10
C000949,Bengaluru,Karnataka,Consumer,2026-07-30
C000950,Bengaluru,Karnataka,SMB,2025-12-07
C000951,Hyderabad,Telangana,Enterprise,2025-06-18
C000952,Bengaluru,Karnataka,Consumer,2026-01-27
C000953,Chennai,Tamil Nadu,Consumer,2026-07-23
C000954,Lucknow,Uttar Pradesh,SMB,2026-03-25
C000955,Lucknow,Uttar Pradesh,Enterprise,2025-09-07
C000956,Hyderabad,Telangana,SMB,2025-04-22
C000957,Jaipur,Rajasthan,Consumer,2025-11-18
C000958,Chennai,Tamil Nadu,SMB,2025-02-17
C000959,Jaipur,Rajasthan,Enterprise,2026-07-26
C000960,Delhi,Delhi,Enterprise,2026-06-12
C000961,Kolkata,West Bengal,Enterprise,2026-01-20
C000962,Bengaluru,Karnataka,SMB,2026-05-15
C000963,Kolkata,West Bengal,Enterprise,2025-09-05
C000964,Kolkata,West Bengal,SMB,2025-04-26
C000965,Chennai,Tamil Nadu,SMB,2025-05-23
C000966,Jaipur,Rajasthan,SMB,2025-07-07
C000967,Hyderabad,Telangana,SMB,2026-07-04
C000968,Delhi,Delhi,SMB,2025-02-14
C000969,Jaipur,Rajasthan,SMB,2025-11-20
C000970,Jaipur,Rajasthan,Enterprise,2025-04-15
C000971,Kolkata,West Bengal,Consumer,2025-07-18
C000972,Hyderabad,Telangana,SMB,2026-05-18
C000973,Mumbai,Maharashtra,SMB,2025-10-16
C000974,Mumbai,Maharashtra,Enterprise,2026-07-17
C000975,Hyderabad,Telangana,Consumer,2025-07-28
C000976,Kolkata,West Bengal,Enterprise,2026-04-15
C000977,Lucknow,Uttar Pradesh,Consumer,2025-02-26
C000978,Hyderabad,Telangana,Enterprise,2026-07-17
C000979,Jaipur,Rajasthan,Consumer,2026-01-08
C000980,Hyderabad,Telangana,SMB,2025-08-24
C000981,Bengaluru,Karnataka,Consumer,2025-05-28
C000982,Mumbai,Maharashtra,Enterprise,2026-08-09
C000983,Ahmedabad,Gujarat,Consumer,2026-06-25
C000984,Lucknow,Uttar Pradesh,Enterprise,2025-06-08
C000985,Kolkata,West Bengal,Consumer,2026-03-05
C000986,Pune,Maharashtra,SMB,2025-10-23
C000987,Ahmedabad,Gujarat,Enterprise,2026-05-19
C000988,Pune,Maharashtra,SMB,2025-07-23
C000989,Pune,Maharashtra,Enterprise,2026-01-22
C000990,Ahmedabad,Gujarat,Consumer,2026-09-16
C000991,Ahmedabad,Gujarat,SMB,2025-06-07
C000992,Pune,Maharashtra,SMB,2025-11-18
C000993,Bengaluru,Karnataka,Enterprise,2025-06-21
C000994,Delhi,Delhi,Consumer,2025-07-22
C000995,Jaipur,Rajasthan,Enterprise,2026-03-26
C000996,Kolkata,West Bengal,SMB,2025-04-29
C000997,Hyderabad,Telangana,SMB,2025-06-28
C000998,Kolkata,West Bengal,Enterprise,2025-07-10
C000999,Ahmedabad,Gujarat,Enterprise,2026-05-24
C001000,Pune,Maharashtra,SMB,2026-08-16
C001001,Ahmedabad,Gujarat,Enterprise,2026-05-14
C001002,Ahmedabad,Gujarat,SMB,2025-05-11
C001003,Pune,Maharashtra,Consumer,2025-04-19
C001004,Jaipur,Rajasthan,SMB,2025-05-23
C001005,Jaipur,Rajasthan,Enterprise,2025-02-15
C001006,Jaipur,Rajasthan,Consumer,2025-02-27
C001007,Bengaluru,Karnataka,Consumer,2025-11-17
C001008,Delhi,Delhi,Enterprise,2025-06-29
C001009,Mumbai,Maharashtra,Enterprise,2025-04-28
C001010,Bengaluru,Karnataka,Consumer,2026-01-28
C001011,Ahmedabad,Gujarat,SMB,2025-02-16
C001012,Lucknow,Uttar Pradesh,Enterprise,2026-06-02
C001013,Lucknow,Uttar Pradesh,SMB,2026-05-28
C001014,Ahmedabad,Gujarat,Consumer,2025-01-06
C001015,Jaipur,Rajasthan,Enterprise,2025-11-16
C001016,Bengaluru,Karnataka,Consumer,2026-02-16
C001017,Chennai,Tamil Nadu,Enterprise,2025-08-11
C001018,Bengaluru,Karnataka,Enterprise,2026-09-24
C001019,Kolkata,West Bengal,Consumer,2025-03-25
C001020,Mumbai,Maharashtra,Enterprise,2025-04-26
C001021,Hyderabad,Telangana,Consumer,2026-04-27
C001022,Jaipur,Rajasthan,SMB,2025-10-03
C001023,Chennai,Tamil Nadu,SMB,2025-03-03
C001024,Pune,Maharashtra,SMB,2025-12-23
C001025,Lucknow,Uttar Pradesh,Consumer,2026-06-26
C001026,Hyderabad,Telangana,SMB,2026-06-16
C001027,Mumbai,Maharashtra,Enterprise,2026-05-20
C001028,Bengaluru,Karnataka,Consumer,2025-11-11
C001029,Kolkata,West Bengal,SMB,2026-03-06
C001030,Ahmedabad,Gujarat,Consumer,2026-05-10
C001031,Bengaluru,Karnataka,Enterprise,2025-05-14
C001032,Mumbai,Maharashtra,SMB,2025-12-04
C001033,Pune,Maharashtra,Enterprise,2025-03-16
C001034,Jaipur,Rajasthan,Consumer,2025-06-28
C001035,Hyderabad,Telangana,Enterprise,2026-03-17
C001036,Ahmedabad,Gujarat,SMB,2025-02-06
C001037,Mumbai,Maharashtra,Enterprise,2025-08-06
C001038,Jaipur,Rajasthan,Enterprise,2026-05-27
C001039,Bengaluru,Karnataka,Consumer,2025-09-02
C001040,Bengaluru,Karnataka,Consumer,2026-04-01
C001041,Delhi,Delhi,Enterprise,2025-11-06
C001042,Mumbai,Maharashtra,SMB,2025-05-07
C001043,Lucknow,Uttar Pradesh,Consumer,2026-03-17
C001044,Kolkata,West Bengal,Enterprise,2026-02-24
C001045,Pune,Maharashtra,SMB,2026-08-10
C001046,Delhi,Delhi,Enterprise,2026-07-17
C001047,Mumbai,Maharashtra,Enterprise,2026-08-03
C001048,Pune,Maharashtra,Consumer,2025-03-17
C001049,Kolkata,West Bengal,Consumer,2025-03-01
C001050,Pune,Maharashtra,Enterprise,2026-08-21
C001051,Lucknow,Uttar Pradesh,Enterprise,2025-11-05
C001052,Pune,Maharashtra,Consumer,2026-05-08
C001053,Chennai,Tamil Nadu,SMB,2026-01-17
C001054,Hyderabad,Telangana,SMB,2026-03-06
C001055,Kolkata,West Bengal,SMB,2025-05-25
C001056,Lucknow,Uttar Pradesh,Enterprise,2025-10-23
C001057,Mumbai,Maharashtra,Enterprise,2025-08-18
C001058,Hyderabad,Telangana,Enterprise,2025-02-27
C001059,Mumbai,Maharashtra,SMB,2025-04-30
C001060,Kolkata,West Bengal,Enterprise,2026-09-01
C001061,Delhi,Delhi,Enterprise,2025-10-30
C001062,Pune,Maharashtra,SMB,2025-03-24
C001063,Mumbai,Maharashtra,Consumer,2025-08-28
C001064,Ahmedabad,Gujarat,SMB,2026-08-15
C001065,Chennai,Tamil Nadu,Consumer,2025-04-13
C001066,Mumbai,Maharashtra,Consumer,2025-12-01
C001067,Ahmedabad,Gujarat,Enterprise,2026-03-07
C001068,Jaipur,Rajasthan,SMB,2025-03-22
C001069,Bengaluru,Karnataka,Consumer,2025-10-02
C001070,Jaipur,Rajasthan,Consumer,2026-04-09
C001071,Lucknow,Uttar Pradesh,SMB,2025-10-27
C001072,Bengaluru,Karnataka,SMB,2025-11-18
C001073,Kolkata,West Bengal,Consumer,2026-07-18
C001074,Jaipur,Rajasthan,Consumer,2026-03-21
C001075,Jaipur,Rajasthan,Consumer,2026-06-17
C001076,Kolkata,West Bengal,Consumer,2025-04-18
C001077,Chennai,Tamil Nadu,SMB,2025-07-28
C001078,Ahmedabad,Gujarat,Consumer,2025-02-19
C001079,Delhi,Delhi,SMB,2025-08-03
C001080,Kolkata,West Bengal,SMB,2026-01-12
C001081,Mumbai,Maharashtra,SMB,2025-07-15
C001082,Hyderabad,Telangana,Enterprise,2026-05-01
C001083,Ahmedabad,Gujarat,Enterprise,2026-04-24
C001084,Hyderabad,Telangana,SMB,2025-03-25
C001085,Delhi,Delhi,SMB,2025-01-06
C001086,Kolkata,West Bengal,SMB,2026-04-27
C001087,Kolkata,West Bengal,SMB,2025-12-08
C001088,Pune,Maharashtra,SMB,2026-05-21
C001089,Lucknow,Uttar Pradesh,Consumer,2025-08-22
C001090,Pune,Maharashtra,Enterprise,2026-06-25
C001091,Hyderabad,Telangana,SMB,2025-09-02
C001092,Delhi,Delhi,SMB,2025-09-05
C001093,Chennai,Tamil Nadu,Enterprise,2026-06-24
C001094,Ahmedabad,Gujarat,Enterprise,2026-08-31
C001095,Hyderabad,Telangana,SMB,2025-10-20
C001096,Chennai,Tamil Nadu,SMB,2025-10-11
C001097,Mumbai,Maharashtra,Enterprise,2025-06-05
C001098,Lucknow,Uttar Pradesh,Enterprise,2025-05-20
C001099,Jaipur,Rajasthan,Consumer,2026-07-19
C001100,Ahmedabad,Gujarat,Enterprise,2025-06-12
C001101,Ahmedabad,Gujarat,SMB,2026-06-23
C001102,Mumbai,Maharashtra,SMB,2026-06-07
C001103,Ahmedabad,Gujarat,Consumer,2026-05-07
C001104,Chennai,Tamil Nadu,Consumer,2025-07-16
C001105,Delhi,Delhi,Enterprise,2025-11-25
C001106,Kolkata,West Bengal,Consumer,2025-12-15
C001107,Lucknow,Uttar Pradesh,SMB,2026-03-29
C001108,Kolkata,West Bengal,Enterprise,2026-01-29
C001109,Kolkata,West Bengal,Enterprise,2025-01-29
C001110,Pune,Maharashtra,Enterprise,2026-09-23
C001111,Jaipur,Rajasthan,Enterprise,2026-05-11
C001112,Mumbai,Maharashtra,Consumer,2026-08-21
C001113,Hyderabad,Telangana,Enterprise,2026-06-01
C001114,Pune,Maharashtra,Consumer,2026-05-18
C001115,Lucknow,Uttar Pradesh,Consumer,2026-03-14
C001116,Kolkata,West Bengal,SMB,2026-09-11
C001117,Kolkata,West Bengal,Consumer,2025-01-09
C001118,Mumbai,Maharashtra,SMB,2025-06-22
C001119,Jaipur,Rajasthan,Enterprise,2026-02-07
C001120,Jaipur,Rajasthan,Enterprise,2026-06-19
C001121,Lucknow,Uttar Pradesh,Consumer,2025-12-13
C001122,Pune,Maharashtra,SMB,2025-12-26
C001123,Lucknow,Uttar Pradesh,Enterprise,2026-01-24
C001124,Delhi,Delhi,SMB,2025-01-20
C001125,Ahmedabad,Gujarat,Consumer,2025-08-18
C001126,Kolkata,West Bengal,Consumer,2025-04-01
C001127,Delhi,Delhi,SMB,2025-08-31
C001128,Pune,Maharashtra,SMB,2026-09-02
C001129,Hyderabad,Telangana,Enterprise,2026-01-11
C001130,Pune,Maharashtra,SMB,2025-03-17
C001131,Ahmedabad,Gujarat,Enterprise,2026-06-26
C001132,Ahmedabad,Gujarat,SMB,2025-02-22
C001133,Chennai,Tamil Nadu,Consumer,2026-09-22
C001134,Mumbai,Maharashtra,Consumer,2025-09-24
C001135,Mumbai,Maharashtra,Enterprise,2026-09-14
C001136,Delhi,Delhi,Enterprise,2025-07-09
C001137,Jaipur,Rajasthan,Consumer,2026-03-05
C001138,Delhi,Delhi,SMB,2026-03-11
C001139,Kolkata,West Bengal,SMB,2025-06-30
C001140,Kolkata,West Bengal,Enterprise,2025-05-24
C001141,Delhi,Delhi,Enterprise,2026-05-26
C001142,Kolkata,West Bengal,SMB,2025-01-23
C001143,Lucknow,Uttar Pradesh,Consumer,2025-12-16
C001144,Lucknow,Uttar Pradesh,SMB,2025-10-30
C001145,Bengaluru,Karnataka,Enterprise,2025-06-16
C001146,Hyderabad,Telangana,SMB,2026-08-08
C001147,Mumbai,Maharashtra,Enterprise,2025-03-21
C001148,Jaipur,Rajasthan,Consumer,2025-10-12
C001149,Pune,Maharashtra,Consumer,2025-12-22
C001150,Mumbai,Maharashtra,SMB,2026-06-05
C001151,Ahmedabad,Gujarat,Enterprise,2026-05-12
C001152,Pune,Maharashtra,Enterprise,2025-10-29
C001153,Lucknow,Uttar Pradesh,SMB,2026-04-01
C001154,Mumbai,Maharashtra,SMB,2025-10-01
C001155,Ahmedabad,Gujarat,Enterprise,2025-05-15
C001156,Chennai,Tamil Nadu,Enterprise,2026-04-04
C001157,Mumbai,Maharashtra,Enterprise,2025-04-15
C001158,Pune,Maharashtra,Consumer,2025-07-05
C001159,Chennai,Tamil Nadu,Consumer,2025-05-23
C001160,Pune,Maharashtra,Enterprise,2025-04-20
C001161,Jaipur,Rajasthan,SMB,2025-11-21
C001162,Lucknow,Uttar Pradesh,Consumer,2026-03-23
C001163,Kolkata,West Bengal,SMB,2025-05-25
C001164,Ahmedabad,Gujarat,Enterprise,2026-02-22
C001165,Delhi,Delhi,Enterprise,2025-05-10
C001166,Ahmedabad,Gujarat,SMB,2025-04-19
C001167,Delhi,Delhi,SMB,2025-12-17
C001168,Lucknow,Uttar Pradesh,Consumer,2025-10-06
C001169,Bengaluru,Karnataka,SMB,2025-04-17
C001170,Hyderabad,Telangana,SMB,2026-03-13
C001171,Jaipur,Rajasthan,Enterprise,2026-01-20
C001172,Kolkata,West Bengal,Enterprise,2026-01-17
C001173,Kolkata,West Bengal,Enterprise,2025-12-11
C001174,Ahmedabad,Gujarat,Consumer,2025-03-06
C001175,Lucknow,Uttar Pradesh,Consumer,2026-09-11
C001176,Hyderabad,Telangana,SMB,2025-01-26
C001177,Chennai,Tamil Nadu,Consumer,2026-02-22
C001178,Chennai,Tamil Nadu,Consumer,2026-08-30
C001179,Ahmedabad,Gujarat,Enterprise,2026-07-31
C001180,Ahmedabad,Gujarat,Enterprise,2026-02-01
C001181,Mumbai,Maharashtra,Enterprise,2025-03-30
C001182,Chennai,Tamil Nadu,Enterprise,2025-10-12
C001183,Jaipur,Rajasthan,Consumer,2026-08-14
C001184,Ahmedabad,Gujarat,Enterprise,2025-06-19
C001185,Kolkata,West Bengal,Consumer,2026-07-26
C001186,Hyderabad,Telangana,SMB,2025-01-26
C001187,Ahmedabad,Gujarat,SMB,2025-09-28
C001188,Mumbai,Maharashtra,SMB,2025-04-02
C001189,Hyderabad,Telangana,Consumer,2026-09-22
C001190,Lucknow,Uttar Pradesh,Enterprise,2025-09-30
C001191,Lucknow,Uttar Pradesh,Enterprise,2025-11-29
C001192,Delhi,Delhi,Enterprise,2025-04-19
C001193,Hyderabad,Telangana,Consumer,2026-09-18
C001194,Bengaluru,Karnataka,Enterprise,2025-09-30
C001195,Jaipur,Rajasthan,SMB,2026-04-09
C001196,Jaipur,Rajasthan,Consumer,2025-09-09
C001197,Chennai,Tamil Nadu,SMB,2026-03-21
C001198,Chennai,Tamil Nadu,Enterprise,2026-06-12
C001199,Mumbai,Maharashtra,Consumer,2026-08-06
C001200,Kolkata,West Bengal,Consumer,2025-08-04
C001201,Delhi,Delhi,Enterprise,2025-04-14
C001202,Hyderabad,Telangana,Consumer,2026-07-07
C001203,Pune,Maharashtra,Consumer,2026-08-15
C001204,Kolkata,West Bengal,SMB,2025-04-21
C001205,Lucknow,Uttar Pradesh,Enterprise,2025-07-28
C001206,Kolkata,West Bengal,SMB,2025-12-18
C001207,Mumbai,Maharashtra,Enterprise,2026-09-10
C001208,Mumbai,Maharashtra,SMB,2026-02-05
C001209,Chennai,Tamil Nadu,Enterprise,2025-10-14
C001210,Ahmedabad,Gujarat,SMB,2025-09-12
C001211,Lucknow,Uttar Pradesh,Consumer,2026-08-25
C001212,Mumbai,Maharashtra,Enterprise,2025-12-23
C001213,Pune,Maharashtra,Consumer,2026-09-11
C001214,Jaipur,Rajasthan,SMB,2025-06-19
C001215,Kolkata,West Bengal,Consumer,2026-01-20
C001216,Chennai,Tamil Nadu,SMB,2025-08-09
C001217,Pune,Maharashtra,Enterprise,2026-03-25
C001218,Delhi,Delhi,Enterprise,2026-01-12
C001219,Pune,Maharashtra,Enterprise,2026-08-16
C001220,Bengaluru,Karnataka,Consumer,2025-03-19
C001221,Ahmedabad,Gujarat,Consumer,2025-04-07
C001222,Delhi,Delhi,SMB,2025-12-21
C001223,Bengaluru,Karnataka,SMB,2025-06-07
C001224,Delhi,Delhi,Enterprise,2025-08-23
C001225,Delhi,Delhi,SMB,2025-03-14
C001226,Pune,Maharashtra,SMB,2025-03-06
C001227,Pune,Maharashtra,Enterprise,2026-05-20
C001228,Delhi,Delhi,Consumer,2025-11-04
C001229,Chennai,Tamil Nadu,Enterprise,2026-06-28
C001230,Hyderabad,Telangana,SMB,2026-05-25
C001231,Mumbai,Maharashtra,Enterprise,2025-03-15
C001232,Bengaluru,Karnataka,Consumer,2026-01-06
C001233,Mumbai,Maharashtra,Consumer,2026-04-07
C001234,Hyderabad,Telangana,Enterprise,2026-06-13
C001235,Ahmedabad,Gujarat,Consumer,2025-01-07
C001236,Pune,Maharashtra,Consumer,2025-11-25
C001237,Delhi,Delhi,SMB,2025-02-25
C001238,Hyderabad,Telangana,SMB,2025-03-11
C001239,Mumbai,Maharashtra,Consumer,2025-09-01
C001240,Pune,Maharashtra,SMB,2025-04-17
C001241,Kolkata,West Bengal,Consumer,2026-05-14
C001242,Delhi,Delhi,Consumer,2026-02-17
C001243,Lucknow,Uttar Pradesh,Consumer,2026-04-20
C001244,Delhi,Delhi,SMB,2025-09-30
C001245,Hyderabad,Telangana,Enterprise,2026-08-05
C001246,Delhi,Delhi,SMB,2026-04-24
C001247,Ahmedabad,Gujarat,Consumer,2025-03-09
C001248,Mumbai,Maharashtra,Consumer,2026-08-08
C001249,Mumbai,Maharashtra,Enterprise,2026-07-22
C001250,Kolkata,West Bengal,SMB,2025-11-30
C001251,Pune,Maharashtra,Consumer,2025-07-12
C001252,Chennai,Tamil Nadu,Enterprise,2025-03-07
C001253,Hyderabad,Telangana,Enterprise,2026-04-12
C001254,Lucknow,Uttar Pradesh,Enterprise,2026-04-17
C001255,Chennai,Tamil Nadu,Enterprise,2025-01-21
C001256,Chennai,Tamil Nadu,Consumer,2026-02-07
C001257,Lucknow,Uttar Pradesh,Enterprise,2025-05-27
C001258,Kolkata,West Bengal,SMB,2026-05-17
C001259,Bengaluru,Karnataka,Consumer,2026-01-20
C001260,Kolkata,West Bengal,Consumer,2025-07-07
C001261,Ahmedabad,Gujarat,Enterprise,2026-04-07
C001262,Mumbai,Maharashtra,Enterprise,2025-01-10
C001263,Pune,Maharashtra,SMB,2025-04-13
C001264,Kolkata,West Bengal,Enterprise,2025-11-23
C001265,Pune,Maharashtra,Enterprise,2026-06-15
C001266,Delhi,Delhi,SMB,2026-08-22
C001267,Mumbai,Maharashtra,Consumer,2026-04-02
C001268,Mumbai,Maharashtra,Consumer,2025-07-23
C001269,Hyderabad,Telangana,Consumer,2025-02-16
C001270,Kolkata,West Bengal,Enterprise,2025-08-11
C001271,Jaipur,Rajasthan,SMB,2025-11-26
C001272,Kolkata,West Bengal,Consumer,2026-05-13
C001273,Jaipur,Rajasthan,Enterprise,2026-04-24
C001274,Delhi,Delhi,SMB,2025-03-06
C001275,Chennai,Tamil Nadu,Consumer,2026-02-02
C001276,Hyderabad,Telangana,Consumer,2026-02-21
C001277,Pune,Maharashtra,SMB,2026-04-01
C001278,Mumbai,Maharashtra,SMB,2026-06-27
C001279,Kolkata,West Bengal,Enterprise,2025-07-05
C001280,Bengaluru,Karnataka,Consumer,2025-03-08
C001281,Kolkata,West Bengal,Consumer,2025-12-19
C001282,Lucknow,Uttar Pradesh,Enterprise,2025-02-12
C001283,Chennai,Tamil Nadu,Enterprise,2026-07-31
C001284,Delhi,Delhi,Consumer,2025-01-10
C001285,Delhi,Delhi,Enterprise,2025-01-09
C001286,Delhi,Delhi,SMB,2025-09-27
C001287,Jaipur,Rajasthan,Enterprise,2026-09-01
C001288,Chennai,Tamil Nadu,Consumer,2025-10-16
C001289,Delhi,Delhi,Enterprise,2026-08-30
C001290,Chennai,Tamil Nadu,Enterprise,2025-04-02
C001291,Bengaluru,Karnataka,SMB,2026-09-19
C001292,Kolkata,West Bengal,SMB,2026-02-11
C001293,Mumbai,Maharashtra,SMB,2026-07-08
C001294,Lucknow,Uttar Pradesh,Enterprise,2025-03-01
C001295,Ahmedabad,Gujarat,SMB,2026-02-01
C001296,Pune,Maharashtra,Consumer,2026-01-24
C001297,Lucknow,Uttar Pradesh,Consumer,2025-10-13
C001298,Delhi,Delhi,SMB,2026-08-24
C001299,Mumbai,Maharashtra,Enterprise,2026-06-08
C001300,Mumbai,Maharashtra,Consumer,2026-07-30
C001301,Jaipur,Rajasthan,Consumer,2025-02-04
C001302,Bengaluru,Karnataka,Consumer,2025-02-05
C001303,Ahmedabad,Gujarat,SMB,2025-10-25
C001304,Delhi,Delhi,Consumer,2025-01-28
C001305,Jaipur,Rajasthan,Enterprise,2026-07-30
C001306,Kolkata,West Bengal,Consumer,2025-09-07
C001307,Hyderabad,Telangana,SMB,2026-07-14
C001308,Pune,Maharashtra,SMB,2025-03-02
C001309,Lucknow,Uttar Pradesh,SMB,2025-04-03
C001310,Jaipur,Rajasthan,Enterprise,2025-02-10
C001311,Delhi,Delhi,Consumer,2026-09-17
C001312,Jaipur,Rajasthan,Consumer,2025-11-08
C001313,Mumbai,Maharashtra,SMB,2025-08-08
C001314,Chennai,Tamil Nadu,SMB,2025-03-09
C001315,Jaipur,Rajasthan,SMB,2025-01-07
C001316,Pune,Maharashtra,Consumer,2025-08-15
C001317,Lucknow,Uttar Pradesh,SMB,2026-07-29
C001318,Lucknow,Uttar Pradesh,Consumer,2025-12-27
C001319,Pune,Maharashtra,Enterprise,2026-01-19
C001320,Hyderabad,Telangana,Enterprise,2026-03-01
C001321,Hyderabad,Telangana,Consumer,2025-01-05
C001322,Kolkata,West Bengal,Consumer,2025-06-30
C001323,Jaipur,Rajasthan,SMB,2026-05-09
C001324,Bengaluru,Karnataka,SMB,2025-01-02
C001325,Kolkata,West Bengal,Enterprise,2026-07-19
C001326,Chennai,Tamil Nadu,Consumer,2025-06-09
C001327,Jaipur,Rajasthan,Consumer,2025-11-23
C001328,Ahmedabad,Gujarat,Consumer,2025-04-21
C001329,Chennai,Tamil Nadu,Consumer,2025-02-04
C001330,Hyderabad,Telangana,Enterprise,2025-11-17
C001331,Pune,Maharashtra,SMB,2026-08-04
C001332,Mumbai,Maharashtra,Enterprise,2025-03-16
C001333,Jaipur,Rajasthan,Consumer,2026-05-10
C001334,Kolkata,West Bengal,Consumer,2026-04-05
C001335,Lucknow,Uttar Pradesh,Consumer,2025-12-04
C001336,Delhi,Delhi,Consumer,2025-08-15
C001337,Chennai,Tamil Nadu,SMB,2026-09-15
C001338,Kolkata,West Bengal,Enterprise,2026-07-26
C001339,Pune,Maharashtra,SMB,2025-12-18
C001340,Chennai,Tamil Nadu,Consumer,2025-02-28
C001341,Hyderabad,Telangana,Consumer,2026-08-29
C001342,Lucknow,Uttar Pradesh,Consumer,2025-05-01
C001343,Mumbai,Maharashtra,Consumer,2025-12-16
C001344,Ahmedabad,Gujarat,SMB,2025-11-12
C001345,Mumbai,Maharashtra,Enterprise,2025-10-06
C001346,Hyderabad,Telangana,SMB,2025-08-28
C001347,Ahmedabad,Gujarat,SMB,2025-04-04
C001348,Mumbai,Maharashtra,Consumer,2026-09-20
C001349,Chennai,Tamil Nadu,Enterprise,2026-06-26
C001350,Lucknow,Uttar Pradesh,Consumer,2025-06-17
C001351,Pune,Maharashtra,Consumer,2025-03-12
C001352,Hyderabad,Telangana,SMB,2025-11-04
C001353,Jaipur,Rajasthan,Consumer,2026-06-10
C001354,Chennai,Tamil Nadu,SMB,2025-05-16
C001355,Bengaluru,Karnataka,SMB,2025-12-18
C001356,Jaipur,Rajasthan,Enterprise,2026-03-04
C001357,Hyderabad,Telangana,Consumer,2025-12-25
C001358,Mumbai,Maharashtra,Consumer,2025-04-05
C001359,Bengaluru,Karnataka,Consumer,2026-08-30
C001360,Hyderabad,Telangana,Consumer,2025-06-03
C001361,Kolkata,West Bengal,SMB,2026-06-18
C001362,Mumbai,Maharashtra,Enterprise,2026-04-01
C001363,Chennai,Tamil Nadu,Consumer,2025-01-17
C001364,Mumbai,Maharashtra,Consumer,2026-05-17
C001365,Ahmedabad,Gujarat,Consumer,2025-03-13
C001366,Pune,Maharashtra,Consumer,2025-02-03
C001367,Ahmedabad,Gujarat,Consumer,2025-05-11
C001368,Lucknow,Uttar Pradesh,SMB,2026-07-17
C001369,Kolkata,West Bengal,SMB,2025-01-23
C001370,Kolkata,West Bengal,Enterprise,2025-11-28
C001371,Delhi,Delhi,SMB,2025-06-16
C001372,Delhi,Delhi,SMB,2025-08-06
C001373,Ahmedabad,Gujarat,Consumer,2025-01-27
C001374,Lucknow,Uttar Pradesh,Enterprise,2026-04-25
C001375,Hyderabad,Telangana,Enterprise,2025-08-18
C001376,Ahmedabad,Gujarat,SMB,2026-03-04
C001377,Ahmedabad,Gujarat,Consumer,2025-03-10
C001378,Chennai,Tamil Nadu,SMB,2025-04-17
C001379,Kolkata,West Bengal,Consumer,2026-05-15
C001380,Jaipur,Rajasthan,Consumer,2026-05-05
C001381,Jaipur,Rajasthan,Consumer,2025-10-25
C001382,Pune,Maharashtra,SMB,2026-02-27
C001383,Ahmedabad,Gujarat,SMB,2026-03-16
C001384,Jaipur,Rajasthan,SMB,2025-10-29
C001385,Chennai,Tamil Nadu,Consumer,2025-01-21
C001386,Pune,Maharashtra,Enterprise,2025-06-20
C001387,Bengaluru,Karnataka,SMB,2025-02-15
C001388,Ahmedabad,Gujarat,Enterprise,2025-10-05
C001389,Lucknow,Uttar Pradesh,Consumer,2025-05-04
C001390,Mumbai,Maharashtra,Consumer,2026-05-26
C001391,Hyderabad,Telangana,SMB,2026-02-19
C001392,Bengaluru,Karnataka,Consumer,2026-03-24
C001393,Kolkata,West Bengal,SMB,2025-05-15
C001394,Delhi,Delhi,Consumer,2026-04-06
C001395,Pune,Maharashtra,Enterprise,2026-06-26
C001396,Pune,Maharashtra,Enterprise,2025-01-22
C001397,Pune,Maharashtra,Enterprise,2026-03-14
C001398,Delhi,Delhi,Enterprise,2025-05-27
C001399,Ahmedabad,Gujarat,Enterprise,2025-08-29
C001400,Delhi,Delhi,SMB,2025-01-30
C001401,Mumbai,Maharashtra,Consumer,2025-06-30
C001402,Lucknow,Uttar Pradesh,Consumer,2025-01-16
C001403,Jaipur,Rajasthan,SMB,2025-01-01
C001404,Pune,Maharashtra,Enterprise,2025-06-06
C001405,Delhi,Delhi,SMB,2026-07-11
C001406,Delhi,Delhi,SMB,2025-02-16
C001407,Bengaluru,Karnataka,Consumer,2026-04-01
C001408,Delhi,Delhi,Consumer,2026-02-13
C001409,Pune,Maharashtra,Consumer,2025-10-18
C001410,Kolkata,West Bengal,Enterprise,2025-03-20
C001411,Pune,Maharashtra,SMB,2025-09-08
C001412,Delhi,Delhi,Consumer,2026-07-23
C001413,Kolkata,West Bengal,Enterprise,2026-01-14
C001414,Pune,Maharashtra,Consumer,2026-07-04
C001415,Jaipur,Rajasthan,Enterprise,2026-04-22
C001416,Pune,Maharashtra,Consumer,2026-06-01
C001417,Lucknow,Uttar Pradesh,Consumer,2025-10-21
C001418,Chennai,Tamil Nadu,Enterprise,2026-06-19
C001419,Chennai,Tamil Nadu,Consumer,2025-05-19
C001420,Bengaluru,Karnataka,Enterprise,2026-03-21
C001421,Kolkata,West Bengal,Enterprise,2025-01-26
C001422,Delhi,Delhi,Enterprise,2025-09-05
C001423,Lucknow,Uttar Pradesh,Consumer,2026-05-12
C001424,Lucknow,Uttar Pradesh,Consumer,2026-01-21
C001425,Delhi,Delhi,SMB,2026-08-02
C001426,Mumbai,Maharashtra,Consumer,2025-09-27
C001427,Pune,Maharashtra,Consumer,2026-05-10
C001428,Mumbai,Maharashtra,Enterprise,2026-06-05
C001429,Pune,Maharashtra,SMB,2025-01-09
C001430,Chennai,Tamil Nadu,Consumer,2025-07-13
C001431,Mumbai,Maharashtra,SMB,2025-07-19
C001432,Mumbai,Maharashtra,Enterprise,2025-01-01
C001433,Bengaluru,Karnataka,SMB,2025-12-07
C001434,Kolkata,West Bengal,Consumer,2025-11-18
C001435,Ahmedabad,Gujarat,SMB,2025-09-30
C001436,Jaipur,Rajasthan,SMB,2025-03-20
C001437,Ahmedabad,Gujarat,Enterprise,2026-05-21
C001438,Hyderabad,Telangana,Consumer,2025-12-17
C001439,Mumbai,Maharashtra,Consumer,2025-08-18
C001440,Bengaluru,Karnataka,SMB,2025-07-22
C001441,Mumbai,Maharashtra,Consumer,2025-09-23
C001442,Delhi,Delhi,SMB,2025-05-05
C001443,Mumbai,Maharashtra,Enterprise,2025-03-14
C001444,Pune,Maharashtra,Enterprise,2026-04-22
C001445,Ahmedabad,Gujarat,Enterprise,2025-01-25
C001446,Kolkata,West Bengal,Enterprise,2025-05-09
C001447,Lucknow,Uttar Pradesh,SMB,2025-05-03
C001448,Bengaluru,Karnataka,Consumer,2025-09-15
C001449,Hyderabad,Telangana,Consumer,2025-11-14
C001450,Jaipur,Rajasthan,Enterprise,2026-07-21
C001451,Jaipur,Rajasthan,SMB,2026-05-29
C001452,Chennai,Tamil Nadu,SMB,2025-07-04
C001453,Mumbai,Maharashtra,Consumer,2025-11-02
C001454,Lucknow,Uttar Pradesh,Enterprise,2026-01-17
C001455,Delhi,Delhi,Consumer,2025-10-08
C001456,Bengaluru,Karnataka,SMB,2025-03-10
C001457,Chennai,Tamil Nadu,Enterprise,2026-05-01
C001458,Lucknow,Uttar Pradesh,SMB,2025-06-05
C001459,Mumbai,Maharashtra,Consumer,2025-06-10
C001460,Delhi,Delhi,Enterprise,2025-08-15
C001461,Mumbai,Maharashtra,SMB,2025-03-31
C001462,Chennai,Tamil Nadu,SMB,2026-01-01
C001463,Ahmedabad,Gujarat,Enterprise,2025-07-25
C001464,Mumbai,Maharashtra,Enterprise,2026-02-27
C001465,Kolkata,West Bengal,Consumer,2025-10-16
C001466,Kolkata,West Bengal,SMB,2025-05-25
C001467,Ahmedabad,Gujarat,Consumer,2025-07-24
C001468,Ahmedabad,Gujarat,SMB,2025-07-24
C001469,Hyderabad,Telangana,SMB,2026-03-15
C001470,Bengaluru,Karnataka,Consumer,2026-08-08
C001471,Mumbai,Maharashtra,Consumer,2026-06-03
C001472,Pune,Maharashtra,Enterprise,2025-11-18
C001473,Lucknow,Uttar Pradesh,Consumer,2026-03-06
C001474,Bengaluru,Karnataka,SMB,2026-02-10
C001475,Kolkata,West Bengal,Enterprise,2026-06-18
C001476,Ahmedabad,Gujarat,Enterprise,2025-07-03
C001477,Ahmedabad,Gujarat,SMB,2025-03-03
C001478,Kolkata,West Bengal,Enterprise,2025-01-27
C001479,Jaipur,Rajasthan,Enterprise,2026-02-06
C001480,Lucknow,Uttar Pradesh,Enterprise,2026-04-27
C001481,Delhi,Delhi,Consumer,2026-08-12
C001482,Ahmedabad,Gujarat,Consumer,2025-05-10
C001483,Hyderabad,Telangana,Consumer,2025-04-09
C001484,Bengaluru,Karnataka,SMB,2025-03-02
C001485,Kolkata,West Bengal,Consumer,2026-05-03
C001486,Delhi,Delhi,Enterprise,2025-07-20
C001487,Pune,Maharashtra,Enterprise,2026-09-20
C001488,Mumbai,Maharashtra,Consumer,2025-10-29
C001489,Jaipur,Rajasthan,SMB,2026-03-05
C001490,Pune,Maharashtra,SMB,2026-02-08
C001491,Ahmedabad,Gujarat,Consumer,2026-09-03
C001492,Lucknow,Uttar Pradesh,Enterprise,2026-02-10
C001493,Kolkata,West Bengal,Consumer,2025-11-18
C001494,Delhi,Delhi,Consumer,2026-03-17
C001495,Lucknow,Uttar Pradesh,Enterprise,2026-08-13
C001496,Mumbai,Maharashtra,Consumer,2026-03-14
C001497,Mumbai,Maharashtra,SMB,2026-02-21
C001498,Pune,Maharashtra,SMB,2025-07-25
C001499,Kolkata,West Bengal,Enterprise,2026-01-13
C001500,Lucknow,Uttar Pradesh,Enterprise,2026-01-03
C001501,Bengaluru,Karnataka,Consumer,2025-08-02
C001502,Kolkata,West Bengal,Consumer,2026-04-26
C001503,Lucknow,Uttar Pradesh,Enterprise,2026-06-23
C001504,Kolkata,West Bengal,Consumer,2025-11-04
C001505,Pune,Maharashtra,Enterprise,2025-07-04
C001506,Bengaluru,Karnataka,Enterprise,2026-01-05
C001507,Chennai,Tamil Nadu,SMB,2025-01-16
C001508,Pune,Maharashtra,SMB,2025-08-30
C001509,Chennai,Tamil Nadu,SMB,2026-06-25
C001510,Mumbai,Maharashtra,Consumer,2025-04-15
C001511,Chennai,Tamil Nadu,Enterprise,2025-12-11
C001512,Pune,Maharashtra,SMB,2026-07-21
C001513,Kolkata,West Bengal,Enterprise,2026-05-17
C001514,Mumbai,Maharashtra,Consumer,2025-12-10
C001515,Hyderabad,Telangana,SMB,2026-07-30
C001516,Ahmedabad,Gujarat,Enterprise,2025-10-18
C001517,Bengaluru,Karnataka,Enterprise,2026-09-07
C001518,Delhi,Delhi,Consumer,2025-08-30
C001519,Jaipur,Rajasthan,SMB,2025-04-16
C001520,Jaipur,Rajasthan,Enterprise,2025-01-23
C001521,Delhi,Delhi,Consumer,2025-06-05
C001522,Bengaluru,Karnataka,Consumer,2025-01-26
C001523,Ahmedabad,Gujarat,Consumer,2025-10-07
C001524,Hyderabad,Telangana,SMB,2025-10-14
C001525,Ahmedabad,Gujarat,Enterprise,2025-11-05
C001526,Mumbai,Maharashtra,Enterprise,2025-01-24
C001527,Hyderabad,Telangana,SMB,2026-01-15
C001528,Lucknow,Uttar Pradesh,SMB,2025-05-18
C001529,Ahmedabad,Gujarat,Enterprise,2026-03-05
C001530,Pune,Maharashtra,SMB,2025-05-08
C001531,Chennai,Tamil Nadu,Enterprise,2026-06-20
C001532,Mumbai,Maharashtra,SMB,2025-01-22
C001533,Kolkata,West Bengal,Consumer,2025-05-07
C001534,Lucknow,Uttar Pradesh,Consumer,2025-06-21
C001535,Hyderabad,Telangana,Enterprise,2025-06-10
C001536,Chennai,Tamil Nadu,Enterprise,2025-11-15
C001537,Jaipur,Rajasthan,Consumer,2026-08-30
C001538,Bengaluru,Karnataka,SMB,2025-04-13
C001539,Delhi,Delhi,Enterprise,2026-09-15
C001540,Bengaluru,Karnataka,Consumer,2025-07-16
C001541,Lucknow,Uttar Pradesh,SMB,2026-07-08
C001542,Chennai,Tamil Nadu,SMB,2025-10-20
C001543,Pune,Maharashtra,SMB,2025-07-15
C001544,Hyderabad,Telangana,SMB,2025-08-23
C001545,Jaipur,Rajasthan,Enterprise,2025-11-05
C001546,Lucknow,Uttar Pradesh,Consumer,2025-01-06
C001547,Jaipur,Rajasthan,Enterprise,2025-10-18
C001548,Jaipur,Rajasthan,Enterprise,2026-04-07
C001549,Lucknow,Uttar Pradesh,SMB,2025-08-20
C001550,Mumbai,Maharashtra,SMB,2025-02-19
C001551,Pune,Maharashtra,SMB,2026-05-13
C001552,Pune,Maharashtra,SMB,2025-07-22
C001553,Chennai,Tamil Nadu,Consumer,2025-04-27
C001554,Jaipur,Rajasthan,Consumer,2025-02-14
C001555,Lucknow,Uttar Pradesh,SMB,2026-05-29
C001556,Pune,Maharashtra,Enterprise,2025-04-19
C001557,Bengaluru,Karnataka,Enterprise,2026-01-22
C001558,Chennai,Tamil Nadu,SMB,2025-11-22
C001559,Kolkata,West Bengal,SMB,2026-07-27
C001560,Bengaluru,Karnataka,Enterprise,2026-07-04
C001561,Lucknow,Uttar Pradesh,Consumer,2025-09-24
C001562,Hyderabad,Telangana,Enterprise,2026-02-20
C001563,Ahmedabad,Gujarat,Enterprise,2025-10-06
C001564,Jaipur,Rajasthan,SMB,2025-05-13
C001565,Jaipur,Rajasthan,Consumer,2025-08-17
C001566,Mumbai,Maharashtra,SMB,2025-04-10
C001567,Chennai,Tamil Nadu,Enterprise,2026-09-20
C001568,Jaipur,Rajasthan,Consumer,2026-06-12
C001569,Pune,Maharashtra,Enterprise,2025-03-11
C001570,Hyderabad,Telangana,SMB,2025-06-23
C001571,Chennai,Tamil Nadu,SMB,2026-09-05
C001572,Pune,Maharashtra,SMB,2025-07-22
C001573,Lucknow,Uttar Pradesh,SMB,2025-12-27
C001574,Mumbai,Maharashtra,SMB,2025-02-11
C001575,Lucknow,Uttar Pradesh,Enterprise,2026-04-28
C001576,Mumbai,Maharashtra,SMB,2025-06-01
C001577,Jaipur,Rajasthan,Consumer,2026-06-13
C001578,Kolkata,West Bengal,Enterprise,2025-08-20
C001579,Kolkata,West Bengal,Consumer,2025-04-28
C001580,Delhi,Delhi,Consumer,2025-09-24
C001581,Kolkata,West Bengal,Enterprise,2025-12-22
C001582,Delhi,Delhi,SMB,2026-07-10
C001583,Delhi,Delhi,Consumer,2026-01-14
C001584,Pune,Maharashtra,Enterprise,2025-05-18
C001585,Pune,Maharashtra,Enterprise,2025-02-15
C001586,Bengaluru,Karnataka,SMB,2025-08-01
C001587,Hyderabad,Telangana,Consumer,2026-03-24
C001588,Delhi,Delhi,SMB,2026-09-02
C001589,Mumbai,Maharashtra,Consumer,2026-04-23
C001590,Kolkata,West Bengal,Enterprise,2025-11-30
C001591,Kolkata,West Bengal,SMB,2026-01-06
C001592,Kolkata,West Bengal,Consumer,2025-01-30
C001593,Jaipur,Rajasthan,Consumer,2026-07-22
C001594,Pune,Maharashtra,Consumer,2025-09-08
C001595,Jaipur,Rajasthan,Consumer,2025-01-14
C001596,Bengaluru,Karnataka,Enterprise,2026-07-24
C001597,Hyderabad,Telangana,Consumer,2026-06-23
C001598,Pune,Maharashtra,SMB,2025-04-11
C001599,Mumbai,Maharashtra,SMB,2026-01-26
C001600,Lucknow,Uttar Pradesh,SMB,2025-05-10
C001601,Mumbai,Maharashtra,Consumer,2025-08-20
C001602,Chennai,Tamil Nadu,SMB,2026-07-20
C001603,Jaipur,Rajasthan,Enterprise,2026-02-12
C001604,Pune,Maharashtra,SMB,2026-06-18
C001605,Delhi,Delhi,SMB,2026-01-16
C001606,Pune,Maharashtra,Consumer,2025-05-09
C001607,Kolkata,West Bengal,Consumer,2025-06-27
C001608,Hyderabad,Telangana,Enterprise,2025-04-12
C001609,Hyderabad,Telangana,Enterprise,2025-01-18
C001610,Lucknow,Uttar Pradesh,Enterprise,2025-05-12
C001611,Mumbai,Maharashtra,SMB,2026-07-07
C001612,Bengaluru,Karnataka,SMB,2026-05-13
C001613,Chennai,Tamil Nadu,Enterprise,2026-04-30
C001614,Bengaluru,Karnataka,Enterprise,2025-02-07
C001615,Mumbai,Maharashtra,Enterprise,2025-01-16
C001616,Bengaluru,Karnataka,Enterprise,2025-03-31
C001617,Kolkata,West Bengal,SMB,2025-10-23
C001618,Mumbai,Maharashtra,Enterprise,2025-07-16
C001619,Ahmedabad,Gujarat,Enterprise,2025-04-29
C001620,Hyderabad,Telangana,Enterprise,2026-06-17
C001621,Bengaluru,Karnataka,SMB,2025-11-23
C001622,Mumbai,Maharashtra,Enterprise,2026-02-09
C001623,Chennai,Tamil Nadu,Enterprise,2026-04-16
C001624,Delhi,Delhi,SMB,2025-03-23
C001625,Jaipur,Rajasthan,Enterprise,2026-04-25
C001626,Mumbai,Maharashtra,SMB,2025-03-30
C001627,Mumbai,Maharashtra,SMB,2025-06-04
C001628,Lucknow,Uttar Pradesh,Consumer,2026-08-28
C001629,Chennai,Tamil Nadu,Enterprise,2025-06-06
C001630,Pune,Maharashtra,Enterprise,2025-11-15
C001631,Chennai,Tamil Nadu,Consumer,2025-01-31
C001632,Jaipur,Rajasthan,SMB,2025-06-11
C001633,Ahmedabad,Gujarat,SMB,2025-07-02
C001634,Bengaluru,Karnataka,Consumer,2026-06-06
C001635,Mumbai,Maharashtra,Consumer,2026-03-22
C001636,Ahmedabad,Gujarat,Consumer,2025-03-11
C001637,Jaipur,Rajasthan,Consumer,2026-07-17
C001638,Mumbai,Maharashtra,SMB,2026-05-16
C001639,Hyderabad,Telangana,SMB,2025-08-18
C001640,Chennai,Tamil Nadu,SMB,2025-02-08
C001641,Mumbai,Maharashtra,Consumer,2025-01-31
C001642,Chennai,Tamil Nadu,SMB,2026-09-15
C001643,Pune,Maharashtra,SMB,2026-07-28
C001644,Mumbai,Maharashtra,Consumer,2026-08-12
C001645,Bengaluru,Karnataka,Consumer,2025-04-18
C001646,Delhi,Delhi,SMB,2025-10-05
C001647,Ahmedabad,Gujarat,Enterprise,2025-07-28
C001648,Mumbai,Maharashtra,SMB,2025-09-24
C001649,Delhi,Delhi,Consumer,2025-11-08
C001650,Kolkata,West Bengal,SMB,2025-07-31
C001651,Kolkata,West Bengal,Enterprise,2026-01-07
C001652,Kolkata,West Bengal,Enterprise,2026-09-11
C001653,Delhi,Delhi,Consumer,2025-04-13
C001654,Bengaluru,Karnataka,Consumer,2025-03-22
C001655,Kolkata,West Bengal,Enterprise,2026-01-10
C001656,Lucknow,Uttar Pradesh,Enterprise,2025-12-07
C001657,Delhi,Delhi,Enterprise,2025-10-22
C001658,Pune,Maharashtra,Enterprise,2025-01-23
C001659,Delhi,Delhi,SMB,2026-01-15
C001660,Mumbai,Maharashtra,SMB,2025-12-09
C001661,Bengaluru,Karnataka,Consumer,2025-07-23
C001662,Pune,Maharashtra,Consumer,2026-07-02
C001663,Jaipur,Rajasthan,Enterprise,2026-03-24
C001664,Lucknow,Uttar Pradesh,Consumer,2026-06-05
C001665,Pune,Maharashtra,Enterprise,2026-02-11
C001666,Lucknow,Uttar Pradesh,Consumer,2025-12-03
C001667,Hyderabad,Telangana,SMB,2025-09-26
C001668,Kolkata,West Bengal,Consumer,2026-03-10
C001669,Lucknow,Uttar Pradesh,Consumer,2025-01-10
C001670,Delhi,Delhi,Enterprise,2025-12-31
C001671,Ahmedabad,Gujarat,Consumer,2025-02-28
C001672,Ahmedabad,Gujarat,SMB,2025-07-07
C001673,Pune,Maharashtra,SMB,2025-02-09
C001674,Jaipur,Rajasthan,Consumer,2026-03-04
C001675,Kolkata,West Bengal,SMB,2025-07-02
C001676,Mumbai,Maharashtra,SMB,2025-12-12
C001677,Lucknow,Uttar Pradesh,SMB,2025-03-10
C001678,Ahmedabad,Gujarat,SMB,2025-09-03
C001679,Mumbai,Maharashtra,SMB,2026-08-02
C001680,Bengaluru,Karnataka,Consumer,2025-11-10
C001681,Kolkata,West Bengal,Consumer,2026-03-09
C001682,Jaipur,Rajasthan,Consumer,2025-03-12
C001683,Lucknow,Uttar Pradesh,Enterprise,2026-05-11
C001684,Chennai,Tamil Nadu,Enterprise,2026-03-13
C001685,Hyderabad,Telangana,Enterprise,2026-06-06
C001686,Ahmedabad,Gujarat,SMB,2025-10-10
C001687,Bengaluru,Karnataka,Consumer,2025-12-19
C001688,Pune,Maharashtra,Enterprise,2026-08-20
C001689,Lucknow,Uttar Pradesh,Enterprise,2026-01-03
C001690,Pune,Maharashtra,Enterprise,2025-12-18
C001691,Mumbai,Maharashtra,Consumer,2026-08-13
C001692,Hyderabad,Telangana,Consumer,2025-09-23
C001693,Pune,Maharashtra,Enterprise,2026-09-14
C001694,Chennai,Tamil Nadu,Enterprise,2026-02-10
C001695,Pune,Maharashtra,Enterprise,2025-03-24
C001696,Bengaluru,Karnataka,Consumer,2026-01-18
C001697,Delhi,Delhi,Enterprise,2026-07-31
C001698,Kolkata,West Bengal,Consumer,2025-07-17
C001699,Lucknow,Uttar Pradesh,Consumer,2025-05-26
C001700,Mumbai,Maharashtra,SMB,2025-06-17
C001701,Ahmedabad,Gujarat,Consumer,2026-07-11
C001702,Pune,Maharashtra,Consumer,2026-08-12
C001703,Kolkata,West Bengal,Consumer,2026-05-07
C001704,Lucknow,Uttar Pradesh,Consumer,2026-08-23
C001705,Ahmedabad,Gujarat,SMB,2026-05-27
C001706,Lucknow,Uttar Pradesh,Enterprise,2025-04-15
C001707,Ahmedabad,Gujarat,Consumer,2026-02-16
C001708,Bengaluru,Karnataka,Enterprise,2025-12-03
C001709,Lucknow,Uttar Pradesh,SMB,2026-01-30
C001710,Delhi,Delhi,Enterprise,2026-03-26
C001711,Delhi,Delhi,Enterprise,2025-04-10
C001712,Mumbai,Maharashtra,SMB,2026-05-26
C001713,Lucknow,Uttar Pradesh,Enterprise,2025-09-07
C001714,Jaipur,Rajasthan,SMB,2025-11-22
C001715,Lucknow,Uttar Pradesh,Enterprise,2026-08-16
C001716,Hyderabad,Telangana,SMB,2025-11-06
C001717,Pune,Maharashtra,SMB,2025-12-18
C001718,Delhi,Delhi,Consumer,2025-11-17
C001719,Lucknow,Uttar Pradesh,Enterprise,2026-08-05
C001720,Jaipur,Rajasthan,SMB,2026-06-29
C001721,Jaipur,Rajasthan,SMB,2026-07-07
C001722,Jaipur,Rajasthan,Enterprise,2025-06-18
C001723,Hyderabad,Telangana,Consumer,2026-04-30
C001724,Chennai,Tamil Nadu,Enterprise,2025-09-26
C001725,Delhi,Delhi,Enterprise,2026-05-20
C001726,Delhi,Delhi,Enterprise,2026-02-26
C001727,Pune,Maharashtra,Enterprise,2025-03-31
C001728,Pune,Maharashtra,Enterprise,2026-01-09
C001729,Lucknow,Uttar Pradesh,Enterprise,2026-06-03
C001730,Kolkata,West Bengal,Enterprise,2026-08-04
C001731,Jaipur,Rajasthan,SMB,2025-11-25
C001732,Bengaluru,Karnataka,Enterprise,2025-03-24
C001733,Bengaluru,Karnataka,SMB,2025-04-23
C001734,Bengaluru,Karnataka,Enterprise,2025-02-13
C001735,Hyderabad,Telangana,SMB,2026-08-06
C001736,Delhi,Delhi,SMB,2026-06-15
C001737,Chennai,Tamil Nadu,Consumer,2025-02-18
C001738,Chennai,Tamil Nadu,Consumer,2026-08-09
C001739,Jaipur,Rajasthan,Consumer,2025-10-06
C001740,Ahmedabad,Gujarat,Consumer,2026-04-24
C001741,Jaipur,Rajasthan,Consumer,2026-07-31
C001742,Jaipur,Rajasthan,SMB,2025-07-04
C001743,Jaipur,Rajasthan,Enterprise,2025-08-12
C001744,Bengaluru,Karnataka,SMB,2025-10-29
C001745,Kolkata,West Bengal,Enterprise,2025-08-31
C001746,Jaipur,Rajasthan,Consumer,2025-01-11
C001747,Chennai,Tamil Nadu,Consumer,2026-04-28
C001748,Ahmedabad,Gujarat,Consumer,2026-05-08
C001749,Pune,Maharashtra,Enterprise,2026-03-01
C001750,Lucknow,Uttar Pradesh,Consumer,2026-08-26
C001751,Hyderabad,Telangana,SMB,2025-12-15
C001752,Delhi,Delhi,Enterprise,2025-02-27
C001753,Delhi,Delhi,Consumer,2026-07-25
C001754,Jaipur,Rajasthan,Consumer,2025-10-20
C001755,Bengaluru,Karnataka,SMB,2025-08-05
C001756,Jaipur,Rajasthan,SMB,2025-04-12
C001757,Delhi,Delhi,Enterprise,2025-07-18
C001758,Bengaluru,Karnataka,SMB,2025-12-29
C001759,Delhi,Delhi,Consumer,2025-04-30
C001760,Pune,Maharashtra,Enterprise,2025-02-09
C001761,Lucknow,Uttar Pradesh,Enterprise,2025-08-22
C001762,Ahmedabad,Gujarat,Enterprise,2026-03-04
C001763,Pune,Maharashtra,Consumer,2026-09-01
C001764,Pune,Maharashtra,Enterprise,2025-06-20
C001765,Delhi,Delhi,Enterprise,2025-02-22
C001766,Jaipur,Rajasthan,Consumer,2025-11-20
C001767,Jaipur,Rajasthan,Enterprise,2025-11-10
C001768,Mumbai,Maharashtra,SMB,2025-06-21
C001769,Hyderabad,Telangana,Enterprise,2025-09-15
C001770,Pune,Maharashtra,SMB,2025-08-17
C001771,Hyderabad,Telangana,Enterprise,2026-02-17
C001772,Ahmedabad,Gujarat,Enterprise,2026-08-08
C001773,Bengaluru,Karnataka,Consumer,2026-06-04
C001774,Pune,Maharashtra,SMB,2025-07-06
C001775,Lucknow,Uttar Pradesh,Enterprise,2025-07-09
C001776,Bengaluru,Karnataka,Enterprise,2025-09-07
C001777,Kolkata,West Bengal,Consumer,2025-10-27
C001778,Chennai,Tamil Nadu,Enterprise,2026-07-17
C001779,Chennai,Tamil Nadu,Consumer,2026-02-06
C001780,Pune,Maharashtra,Enterprise,2026-09-16
C001781,Jaipur,Rajasthan,SMB,2026-01-14
C001782,Bengaluru,Karnataka,SMB,2026-05-22
C001783,Hyderabad,Telangana,SMB,2026-02-04
C001784,Mumbai,Maharashtra,Consumer,2025-05-11
C001785,Jaipur,Rajasthan,Enterprise,2025-01-06
C001786,Mumbai,Maharashtra,Consumer,2026-06-05
C001787,Hyderabad,Telangana,Enterprise,2025-11-26
C001788,Mumbai,Maharashtra,Consumer,2026-02-22
C001789,Kolkata,West Bengal,Enterprise,2025-02-26
C001790,Delhi,Delhi,Consumer,2025-12-23
C001791,Pune,Maharashtra,Consumer,2025-03-09
C001792,Mumbai,Maharashtra,Consumer,2025-05-19
C001793,Chennai,Tamil Nadu,Enterprise,2025-02-24
C001794,Lucknow,Uttar Pradesh,Consumer,2025-07-20
C001795,Kolkata,West Bengal,SMB,2025-12-17
C001796,Kolkata,West Bengal,SMB,2025-09-03
C001797,Bengaluru,Karnataka,SMB,2026-06-07
C001798,Mumbai,Maharashtra,Enterprise,2025-01-05
C001799,Lucknow,Uttar Pradesh,Consumer,2026-08-11
C001800,Lucknow,Uttar Pradesh,Consumer,2026-06-29
C001801,Mumbai,Maharashtra,SMB,2026-01-26
C001802,Mumbai,Maharashtra,SMB,2026-09-04
C001803,Chennai,Tamil Nadu,Enterprise,2025-03-09
C001804,Chennai,Tamil Nadu,SMB,2025-10-24
C001805,Kolkata,West Bengal,Enterprise,2025-01-24
C001806,Ahmedabad,Gujarat,Consumer,2026-02-19
C001807,Hyderabad,Telangana,Consumer,2026-08-04
C001808,Kolkata,West Bengal,Enterprise,2025-08-18
C001809,Delhi,Delhi,SMB,2026-06-11
C001810,Pune,Maharashtra,Consumer,2026-03-06
C001811,Jaipur,Rajasthan,Consumer,2025-04-06
C001812,Bengaluru,Karnataka,Consumer,2026-03-21
C001813,Lucknow,Uttar Pradesh,SMB,2026-02-22
C001814,Jaipur,Rajasthan,Consumer,2025-08-25
C001815,Hyderabad,Telangana,Enterprise,2026-07-30
C001816,Pune,Maharashtra,Consumer,2025-11-17
C001817,Jaipur,Rajasthan,Consumer,2025-05-06
C001818,Delhi,Delhi,Consumer,2026-04-25
C001819,Chennai,Tamil Nadu,Consumer,2025-03-31
C001820,Delhi,Delhi,Enterprise,2026-09-14
C001821,Lucknow,Uttar Pradesh,Consumer,2026-08-07
C001822,Jaipur,Rajasthan,SMB,2026-05-16
C001823,Jaipur,Rajasthan,Consumer,2025-08-14
C001824,Mumbai,Maharashtra,SMB,2025-03-18
C001825,Hyderabad,Telangana,Enterprise,2026-03-27
C001826,Ahmedabad,Gujarat,SMB,2025-10-05
C001827,Delhi,Delhi,Enterprise,2026-05-25
C001828,Hyderabad,Telangana,Consumer,2025-08-10
C001829,Lucknow,Uttar Pradesh,Consumer,2025-05-31
C001830,Pune,Maharashtra,SMB,2025-12-17
C001831,Pune,Maharashtra,Enterprise,2026-05-28
C001832,Chennai,Tamil Nadu,Enterprise,2026-03-30
C001833,Delhi,Delhi,Enterprise,2026-03-17
C001834,Pune,Maharashtra,SMB,2025-11-29
C001835,Delhi,Delhi,Consumer,2025-09-01
C001836,Hyderabad,Telangana,Consumer,2026-07-08
C001837,Kolkata,West Bengal,SMB,2025-10-07
C001838,Delhi,Delhi,Enterprise,2026-07-24
C001839,Pune,Maharashtra,SMB,2025-12-26
C001840,Ahmedabad,Gujarat,SMB,2026-08-25
C001841,Chennai,Tamil Nadu,SMB,2026-03-05
C001842,Mumbai,Maharashtra,Consumer,2026-05-17
C001843,Lucknow,Uttar Pradesh,Consumer,2025-08-06
C001844,Delhi,Delhi,Enterprise,2025-06-02
C001845,Chennai,Tamil Nadu,Enterprise,2026-05-02
C001846,Mumbai,Maharashtra,Enterprise,2025-02-28
C001847,Bengaluru,Karnataka,Enterprise,2026-05-06
C001848,Bengaluru,Karnataka,Enterprise,2026-03-26
C001849,Kolkata,West Bengal,Enterprise,2025-06-15
C001850,Bengaluru,Karnataka,Enterprise,2025-07-22
C001851,Jaipur,Rajasthan,Enterprise,2026-01-02
C001852,Delhi,Delhi,SMB,2025-11-01
C001853,Hyderabad,Telangana,Enterprise,2026-07-24
C001854,Chennai,Tamil Nadu,Consumer,2025-12-27
C001855,Jaipur,Rajasthan,Enterprise,2025-03-12
C001856,Kolkata,West Bengal,SMB,2026-01-26
C001857,Bengaluru,Karnataka,Enterprise,2025-07-05
C001858,Lucknow,Uttar Pradesh,Enterprise,2025-05-09
C001859,Jaipur,Rajasthan,Consumer,2025-12-13
C001860,Delhi,Delhi,Consumer,2026-03-16
C001861,Lucknow,Uttar Pradesh,Enterprise,2025-04-24
C001862,Ahmedabad,Gujarat,SMB,2025-02-01
C001863,Hyderabad,Telangana,SMB,2025-06-30
C001864,Mumbai,Maharashtra,SMB,2025-10-14
C001865,Hyderabad,Telangana,Consumer,2026-06-04
C001866,Hyderabad,Telangana,Enterprise,2026-09-07
C001867,Pune,Maharashtra,SMB,2025-12-31
C001868,Ahmedabad,Gujarat,Consumer,2025-01-31
C001869,Pune,Maharashtra,Consumer,2026-07-01
C001870,Jaipur,Rajasthan,Enterprise,2025-08-01
C001871,Chennai,Tamil Nadu,Enterprise,2026-02-27
C001872,Lucknow,Uttar Pradesh,Consumer,2025-10-20
C001873,Kolkata,West Bengal,SMB,2026-04-02
C001874,Mumbai,Maharashtra,Enterprise,2025-07-15
C001875,Kolkata,West Bengal,Consumer,2026-02-06
C001876,Kolkata,West Bengal,SMB,2025-09-25
C001877,Ahmedabad,Gujarat,SMB,2026-04-15
C001878,Bengaluru,Karnataka,Enterprise,2025-04-18
C001879,Ahmedabad,Gujarat,Consumer,2025-06-28
C001880,Mumbai,Maharashtra,Enterprise,2026-05-15
C001881,Chennai,Tamil Nadu,Consumer,2025-04-27
C001882,Delhi,Delhi,Consumer,2025-10-09
C001883,Lucknow,Uttar Pradesh,Enterprise,2025-04-02
C001884,Hyderabad,Telangana,SMB,2026-09-23
C001885,Pune,Maharashtra,Enterprise,2025-03-30
C001886,Ahmedabad,Gujarat,Enterprise,2026-01-07
C001887,Ahmedabad,Gujarat,Consumer,2026-04-04
C001888,Delhi,Delhi,Enterprise,2025-11-16
C001889,Bengaluru,Karnataka,Consumer,2025-02-03
C001890,Delhi,Delhi,Enterprise,2026-04-06
C001891,Delhi,Delhi,Consumer,2026-05-04
C001892,Jaipur,Rajasthan,Consumer,2026-03-21
C001893,Delhi,Delhi,Consumer,2025-05-10
C001894,Chennai,Tamil Nadu,Consumer,2026-02-06
C001895,Kolkata,West Bengal,Enterprise,2026-03-14
C001896,Bengaluru,Karnataka,Enterprise,2026-07-20
C001897,Chennai,Tamil Nadu,Consumer,2025-06-18
C001898,Ahmedabad,Gujarat,Enterprise,2026-01-02
C001899,Ahmedabad,Gujarat,Consumer,2025-06-20
C001900,Kolkata,West Bengal,Enterprise,2025-04-21
C001901,Lucknow,Uttar Pradesh,Consumer,2026-04-30
C001902,Jaipur,Rajasthan,SMB,2025-05-11
C001903,Pune,Maharashtra,SMB,2026-04-09
C001904,Lucknow,Uttar Pradesh,Consumer,2025-06-28
C001905,Kolkata,West Bengal,SMB,2025-04-13
C001906,Mumbai,Maharashtra,Consumer,2025-06-07
C001907,Jaipur,Rajasthan,Enterprise,2026-06-16
C001908,Kolkata,West Bengal,Consumer,2026-04-16
C001909,Mumbai,Maharashtra,Consumer,2026-01-05
C001910,Lucknow,Uttar Pradesh,Enterprise,2025-01-31
C001911,Jaipur,Rajasthan,Enterprise,2026-08-08
C001912,Mumbai,Maharashtra,Consumer,2026-01-10
C001913,Delhi,Delhi,Enterprise,2026-02-23
C001914,Bengaluru,Karnataka,Enterprise,2026-05-20
C001915,Kolkata,West Bengal,Enterprise,2025-11-23
C001916,Pune,Maharashtra,Consumer,2026-06-26
C001917,Jaipur,Rajasthan,SMB,2025-06-28
C001918,Ahmedabad,Gujarat,SMB,2025-09-30
C001919,Lucknow,Uttar Pradesh,Enterprise,2026-08-15
C001920,Lucknow,Uttar Pradesh,Consumer,2025-11-27
C001921,Delhi,Delhi,SMB,2026-01-06
C001922,Hyderabad,Telangana,Consumer,2025-08-09
C001923,Lucknow,Uttar Pradesh,Enterprise,2025-11-14
C001924,Chennai,Tamil Nadu,Consumer,2025-01-05
C001925,Bengaluru,Karnataka,Enterprise,2026-02-10
C001926,Mumbai,Maharashtra,Enterprise,2025-01-06
C001927,Kolkata,West Bengal,Enterprise,2025-06-09
C001928,Pune,Maharashtra,SMB,2025-10-09
C001929,Mumbai,Maharashtra,Consumer,2025-11-27
C001930,Lucknow,Uttar Pradesh,SMB,2025-07-22
C001931,Jaipur,Rajasthan,SMB,2026-03-15
C001932,Pune,Maharashtra,Enterprise,2025-08-03
C001933,Kolkata,West Bengal,Consumer,2025-11-17
C001934,Jaipur,Rajasthan,Enterprise,2026-01-10
C001935,Delhi,Delhi,SMB,2026-03-11
C001936,Jaipur,Rajasthan,SMB,2025-07-17
C001937,Chennai,Tamil Nadu,Enterprise,2025-09-25
C001938,Kolkata,West Bengal,Enterprise,2025-04-18
C001939,Mumbai,Maharashtra,Enterprise,2025-06-28
C001940,Ahmedabad,Gujarat,Enterprise,2025-05-06
C001941,Mumbai,Maharashtra,Consumer,2026-01-30
C001942,Kolkata,West Bengal,SMB,2026-09-15
C001943,Jaipur,Rajasthan,Enterprise,2026-06-26
C001944,Bengaluru,Karnataka,Consumer,2025-10-30
C001945,Bengaluru,Karnataka,Consumer,2025-04-23
C001946,Ahmedabad,Gujarat,Enterprise,2025-12-05
C001947,Mumbai,Maharashtra,Consumer,2025-07-24
C001948,Hyderabad,Telangana,SMB,2025-03-04
C001949,Lucknow,Uttar Pradesh,Consumer,2026-07-17
C001950,Kolkata,West Bengal,SMB,2026-04-22
C001951,Jaipur,Rajasthan,SMB,2026-07-07
C001952,Lucknow,Uttar Pradesh,Consumer,2026-08-24
C001953,Delhi,Delhi,Enterprise,2026-01-19
C001954,Ahmedabad,Gujarat,Consumer,2025-06-06
C001955,Jaipur,Rajasthan,SMB,2025-06-01
C001956,Bengaluru,Karnataka,Enterprise,2026-02-01
C001957,Jaipur,Rajasthan,Enterprise,2025-06-29
C001958,Lucknow,Uttar Pradesh,Consumer,2026-06-08
C001959,Bengaluru,Karnataka,SMB,2025-07-05
C001960,Bengaluru,Karnataka,Consumer,2025-03-09
C001961,Chennai,Tamil Nadu,SMB,2025-10-02
C001962,Kolkata,West Bengal,SMB,2026-04-01
C001963,Hyderabad,Telangana,Enterprise,2025-01-12
C001964,Mumbai,Maharashtra,Consumer,2026-03-03
C001965,Chennai,Tamil Nadu,Enterprise,2026-03-11
C001966,Lucknow,Uttar Pradesh,SMB,2025-09-27
C001967,Chennai,Tamil Nadu,Consumer,2026-04-16
C001968,Hyderabad,Telangana,SMB,2025-11-10
C001969,Lucknow,Uttar Pradesh,Consumer,2025-07-22
C001970,Delhi,Delhi,SMB,2026-01-29
C001971,Mumbai,Maharashtra,Enterprise,2025-02-26
C001972,Jaipur,Rajasthan,SMB,2025-09-22
C001973,Mumbai,Maharashtra,Enterprise,2025-07-20
C001974,Jaipur,Rajasthan,Enterprise,2025-07-14
C001975,Ahmedabad,Gujarat,SMB,2026-03-14
C001976,Ahmedabad,Gujarat,Consumer,2026-08-12
C001977,Pune,Maharashtra,SMB,2026-06-14
C001978,Ahmedabad,Gujarat,Enterprise,2025-01-22
C001979,Ahmedabad,Gujarat,Consumer,2025-07-20
C001980,Mumbai,Maharashtra,SMB,2026-05-08
C001981,Hyderabad,Telangana,Enterprise,2026-06-29
C001982,Hyderabad,Telangana,SMB,2025-11-17
C001983,Pune,Maharashtra,Enterprise,2026-02-21
C001984,Bengaluru,Karnataka,Enterprise,2025-07-24
C001985,Hyderabad,Telangana,SMB,2025-03-14
C001986,Kolkata,West Bengal,Enterprise,2026-08-05
C001987,Pune,Maharashtra,Consumer,2026-03-07
C001988,Delhi,Delhi,SMB,2025-09-01
C001989,Pune,Maharashtra,Consumer,2026-03-22
C001990,Chennai,Tamil Nadu,Consumer,2026-08-03
C001991,Hyderabad,Telangana,SMB,2026-07-27
C001992,Hyderabad,Telangana,Consumer,2026-07-26
C001993,Hyderabad,Telangana,SMB,2025-06-10
C001994,Hyderabad,Telangana,Consumer,2025-07-13
C001995,Lucknow,Uttar Pradesh,SMB,2025-05-02
C001996,Mumbai,Maharashtra,Consumer,2025-03-02
C001997,Ahmedabad,Gujarat,Enterprise,2025-01-06
C001998,Jaipur,Rajasthan,Consumer,2026-01-10
C001999,Pune,Maharashtra,Enterprise,2025-09-02
C002000,Ahmedabad,Gujarat,Enterprise,2025-08-02
C002001,Ahmedabad,Gujarat,Consumer,2026-08-17
C002002,Jaipur,Rajasthan,SMB,2025-11-06
C002003,Hyderabad,Telangana,Enterprise,2025-04-10
C002004,Bengaluru,Karnataka,Enterprise,2026-09-13
C002005,Kolkata,West Bengal,SMB,2026-02-25
C002006,Bengaluru,Karnataka,Enterprise,2025-09-27
C002007,Kolkata,West Bengal,Enterprise,2026-08-26
C002008,Delhi,Delhi,SMB,2025-04-04
C002009,Jaipur,Rajasthan,SMB,2025-09-03
C002010,Bengaluru,Karnataka,Consumer,2026-06-08
C002011,Hyderabad,Telangana,SMB,2026-03-28
C002012,Mumbai,Maharashtra,SMB,2025-10-08
C002013,Lucknow,Uttar Pradesh,SMB,2025-05-26
C002014,Jaipur,Rajasthan,SMB,2025-07-04
C002015,Chennai,Tamil Nadu,SMB,2026-04-22
C002016,Pune,Maharashtra,SMB,2025-05-23
C002017,Ahmedabad,Gujarat,SMB,2025-06-13
C002018,Kolkata,West Bengal,Enterprise,2026-08-08
C002019,Pune,Maharashtra,SMB,2025-11-08
C002020,Chennai,Tamil Nadu,SMB,2025-05-20
C002021,Lucknow,Uttar Pradesh,Consumer,2026-03-24
C002022,Hyderabad,Telangana,Consumer,2026-07-14
C002023,Chennai,Tamil Nadu,Consumer,2026-03-08
C002024,Kolkata,West Bengal,SMB,2025-06-02
C002025,Delhi,Delhi,Enterprise,2025-04-27
C002026,Ahmedabad,Gujarat,Consumer,2025-05-18
C002027,Kolkata,West Bengal,SMB,2025-04-15
C002028,Jaipur,Rajasthan,Enterprise,2026-07-14
C002029,Pune,Maharashtra,SMB,2025-08-22
C002030,Chennai,Tamil Nadu,Enterprise,2026-03-18
C002031,Bengaluru,Karnataka,SMB,2025-03-18
C002032,Delhi,Delhi,Consumer,2025-06-17
C002033,Chennai,Tamil Nadu,SMB,2026-05-05
C002034,Mumbai,Maharashtra,SMB,2026-08-02
C002035,Pune,Maharashtra,SMB,2025-10-08
C002036,Pune,Maharashtra,Enterprise,2026-03-10
C002037,Chennai,Tamil Nadu,SMB,2025-01-16
C002038,Kolkata,West Bengal,Consumer,2025-09-30
C002039,Lucknow,Uttar Pradesh,Consumer,2026-03-25
C002040,Lucknow,Uttar Pradesh,Enterprise,2026-05-20
C002041,Jaipur,Rajasthan,Consumer,2026-08-30
C002042,Chennai,Tamil Nadu,SMB,2025-09-10
C002043,Jaipur,Rajasthan,SMB,2026-08-25
C002044,Ahmedabad,Gujarat,Consumer,2025-10-23
C002045,Lucknow,Uttar Pradesh,SMB,2025-12-27
C002046,Delhi,Delhi,Consumer,2026-05-13
C002047,Pune,Maharashtra,SMB,2026-05-06
C002048,Lucknow,Uttar Pradesh,Enterprise,2025-11-11
C002049,Mumbai,Maharashtra,Consumer,2025-05-06
C002050,Pune,Maharashtra,Consumer,2025-09-01
C002051,Pune,Maharashtra,Enterprise,2025-08-15
C002052,Chennai,Tamil Nadu,Enterprise,2026-05-16
C002053,Kolkata,West Bengal,SMB,2025-12-12
C002054,Pune,Maharashtra,Enterprise,2026-04-01
C002055,Jaipur,Rajasthan,SMB,2025-11-18
C002056,Delhi,Delhi,Consumer,2025-01-18
C002057,Delhi,Delhi,Enterprise,2025-07-02
C002058,Chennai,Tamil Nadu,Enterprise,2026-06-29
C002059,Mumbai,Maharashtra,Consumer,2025-05-10
C002060,Kolkata,West Bengal,Consumer,2025-03-16
C002061,Mumbai,Maharashtra,SMB,2026-03-02
C002062,Bengaluru,Karnataka,Consumer,2026-08-22
C002063,Kolkata,West Bengal,Enterprise,2026-08-18
C002064,Mumbai,Maharashtra,Consumer,2025-07-23
C002065,Lucknow,Uttar Pradesh,Consumer,2025-03-07
C002066,Kolkata,West Bengal,SMB,2025-06-28
C002067,Hyderabad,Telangana,Enterprise,2025-08-09
C002068,Ahmedabad,Gujarat,Enterprise,2025-04-09
C002069,Delhi,Delhi,Enterprise,2025-05-13
C002070,Bengaluru,Karnataka,Consumer,2026-05-31
C002071,Pune,Maharashtra,SMB,2026-01-05
C002072,Ahmedabad,Gujarat,Enterprise,2025-07-31
C002073,Jaipur,Rajasthan,SMB,2025-04-15
C002074,Jaipur,Rajasthan,Consumer,2026-04-04
C002075,Lucknow,Uttar Pradesh,SMB,2026-05-06
C002076,Lucknow,Uttar Pradesh,SMB,2026-02-11
C002077,Jaipur,Rajasthan,SMB,2025-09-27
C002078,Ahmedabad,Gujarat,Enterprise,2025-06-26
C002079,Mumbai,Maharashtra,SMB,2025-08-28
C002080,Pune,Maharashtra,SMB,2025-07-21
C002081,Delhi,Delhi,SMB,2025-01-09
C002082,Bengaluru,Karnataka,Enterprise,2026-08-12
C002083,Delhi,Delhi,SMB,2025-08-11
C002084,Ahmedabad,Gujarat,Enterprise,2025-01-07
C002085,Ahmedabad,Gujarat,SMB,2025-08-21
C002086,Bengaluru,Karnataka,SMB,2026-09-12
C002087,Chennai,Tamil Nadu,Enterprise,2025-06-29
C002088,Bengaluru,Karnataka,Enterprise,2025-10-18
C002089,Hyderabad,Telangana,SMB,2026-03-12
C002090,Kolkata,West Bengal,SMB,2025-07-14
C002091,Delhi,Delhi,Enterprise,2026-07-27
C002092,Kolkata,West Bengal,SMB,2025-06-21
C002093,Chennai,Tamil Nadu,Consumer,2025-11-24
C002094,Hyderabad,Telangana,Enterprise,2026-08-17
C002095,Lucknow,Uttar Pradesh,Enterprise,2026-06-16
C002096,Chennai,Tamil Nadu,SMB,2026-05-19
C002097,Jaipur,Rajasthan,SMB,2025-11-17
C002098,Hyderabad,Telangana,Consumer,2025-05-22
C002099,Delhi,Delhi,SMB,2025-03-27
C002100,Ahmedabad,Gujarat,Enterprise,2025-12-18
C002101,Chennai,Tamil Nadu,Enterprise,2026-04-29
C002102,Ahmedabad,Gujarat,Consumer,2025-09-07
C002103,Bengaluru,Karnataka,Consumer,2025-02-08
C002104,Jaipur,Rajasthan,Consumer,2025-05-25
C002105,Mumbai,Maharashtra,SMB,2025-07-29
C002106,Delhi,Delhi,Enterprise,2025-12-07
C002107,Bengaluru,Karnataka,Consumer,2025-03-12
C002108,Delhi,Delhi,Consumer,2026-01-19
C002109,Hyderabad,Telangana,SMB,2025-11-23
C002110,Chennai,Tamil Nadu,SMB,2025-10-16
C002111,Ahmedabad,Gujarat,Enterprise,2026-09-07
C002112,Bengaluru,Karnataka,SMB,2025-03-04
C002113,Delhi,Delhi,Consumer,2025-07-26
C002114,Kolkata,West Bengal,Consumer,2026-02-26
C002115,Ahmedabad,Gujarat,Consumer,2025-05-30
C002116,Chennai,Tamil Nadu,SMB,2025-01-10
C002117,Mumbai,Maharashtra,Enterprise,2025-07-13
C002118,Kolkata,West Bengal,SMB,2025-07-11
C002119,Bengaluru,Karnataka,Consumer,2025-12-24
C002120,Mumbai,Maharashtra,Enterprise,2026-06-02
C002121,Hyderabad,Telangana,SMB,2025-10-30
C002122,Chennai,Tamil Nadu,SMB,2025-05-04
C002123,Bengaluru,Karnataka,Enterprise,2026-03-03
C002124,Jaipur,Rajasthan,Consumer,2025-07-16
C002125,Ahmedabad,Gujarat,Enterprise,2025-08-21
C002126,Hyderabad,Telangana,SMB,2025-02-10
C002127,Hyderabad,Telangana,Consumer,2025-07-03
C002128,Kolkata,West Bengal,SMB,2025-01-12
C002129,Delhi,Delhi,SMB,2026-03-31
C002130,Mumbai,Maharashtra,SMB,2026-09-05
C002131,Hyderabad,Telangana,Consumer,2025-02-02
C002132,Lucknow,Uttar Pradesh,Enterprise,2026-01-05
C002133,Lucknow,Uttar Pradesh,Consumer,2025-10-16
C002134,Mumbai,Maharashtra,Consumer,2025-05-03
C002135,Ahmedabad,Gujarat,Consumer,2026-06-17
C002136,Lucknow,Uttar Pradesh,SMB,2026-08-13
C002137,Bengaluru,Karnataka,Consumer,2025-10-04
C002138,Delhi,Delhi,Enterprise,2026-02-21
C002139,Mumbai,Maharashtra,Consumer,2026-01-14
C002140,Hyderabad,Telangana,SMB,2026-03-10
C002141,Pune,Maharashtra,SMB,2026-07-24
C002142,Hyderabad,Telangana,Consumer,2026-06-20
C002143,Kolkata,West Bengal,SMB,2026-07-17
C002144,Delhi,Delhi,SMB,2025-01-31
C002145,Ahmedabad,Gujarat,Enterprise,2025-12-06
C002146,Jaipur,Rajasthan,SMB,2026-02-26
C002147,Ahmedabad,Gujarat,Consumer,2026-03-17
C002148,Delhi,Delhi,Enterprise,2025-09-28
C002149,Pune,Maharashtra,Enterprise,2025-12-30
C002150,Chennai,Tamil Nadu,Enterprise,2026-03-07
C002151,Delhi,Delhi,Consumer,2026-02-17
C002152,Delhi,Delhi,SMB,2025-08-18
C002153,Chennai,Tamil Nadu,Enterprise,2025-10-13
C002154,Ahmedabad,Gujarat,Consumer,2026-08-26
C002155,Jaipur,Rajasthan,SMB,2026-07-24
C002156,Delhi,Delhi,Consumer,2026-04-27
C002157,Pune,Maharashtra,Enterprise,2025-07-05
C002158,Pune,Maharashtra,Enterprise,2025-02-19
C002159,Jaipur,Rajasthan,SMB,2025-05-28
C002160,Jaipur,Rajasthan,Enterprise,2026-01-22
C002161,Jaipur,Rajasthan,Consumer,2026-04-22
C002162,Chennai,Tamil Nadu,SMB,2025-11-15
C002163,Pune,Maharashtra,Consumer,2025-03-16
C002164,Jaipur,Rajasthan,Enterprise,2025-02-21
C002165,Bengaluru,Karnataka,Consumer,2025-05-19
C002166,Bengaluru,Karnataka,Consumer,2025-03-25
C002167,Ahmedabad,Gujarat,Consumer,2025-03-18
C002168,Bengaluru,Karnataka,Enterprise,2026-05-14
C002169,Kolkata,West Bengal,Enterprise,2026-01-16
C002170,Jaipur,Rajasthan,Enterprise,2026-06-29
C002171,Lucknow,Uttar Pradesh,SMB,2025-02-08
C002172,Pune,Maharashtra,Consumer,2026-04-16
C002173,Mumbai,Maharashtra,Consumer,2025-06-12
C002174,Ahmedabad,Gujarat,Consumer,2025-12-30
C002175,Bengaluru,Karnataka,SMB,2026-03-10
C002176,Kolkata,West Bengal,SMB,2026-09-09
C002177,Bengaluru,Karnataka,Enterprise,2025-07-26
C002178,Jaipur,Rajasthan,Consumer,2026-07-25
C002179,Mumbai,Maharashtra,SMB,2025-03-02
C002180,Hyderabad,Telangana,Enterprise,2025-03-17
C002181,Mumbai,Maharashtra,Enterprise,2025-06-29
C002182,Jaipur,Rajasthan,SMB,2025-05-28
C002183,Hyderabad,Telangana,Enterprise,2026-05-26
C002184,Hyderabad,Telangana,Enterprise,2026-05-01
C002185,Delhi,Delhi,Enterprise,2026-08-05
C002186,Jaipur,Rajasthan,SMB,2026-08-03
C002187,Mumbai,Maharashtra,Enterprise,2026-03-24
C002188,Pune,Maharashtra,Enterprise,2025-12-23
C002189,Kolkata,West Bengal,Consumer,2025-05-10
C002190,Delhi,Delhi,Enterprise,2025-11-08
C002191,Jaipur,Rajasthan,SMB,2026-05-26
C002192,Delhi,Delhi,Enterprise,2026-04-11
C002193,Ahmedabad,Gujarat,SMB,2025-09-02
C002194,Jaipur,Rajasthan,SMB,2025-10-16
C002195,Kolkata,West Bengal,Enterprise,2025-12-01
C002196,Pune,Maharashtra,Enterprise,2025-07-06
C002197,Lucknow,Uttar Pradesh,Enterprise,2025-06-16
C002198,Kolkata,West Bengal,Enterprise,2026-08-02
C002199,Chennai,Tamil Nadu,SMB,2025-12-18
C002200,Ahmedabad,Gujarat,SMB,2025-01-01
C002201,Bengaluru,Karnataka,SMB,2026-04-08
C002202,Bengaluru,Karnataka,Enterprise,2025-04-15
C002203,Chennai,Tamil Nadu,Consumer,2025-08-22
C002204,Hyderabad,Telangana,Consumer,2025-09-02
C002205,Bengaluru,Karnataka,Enterprise,2025-08-03
C002206,Jaipur,Rajasthan,Enterprise,2026-03-09
C002207,Lucknow,Uttar Pradesh,Enterprise,2025-05-01
C002208,Mumbai,Maharashtra,Consumer,2025-12-24
C002209,Pune,Maharashtra,Consumer,2025-04-18
C002210,Chennai,Tamil Nadu,SMB,2026-03-29
C002211,Hyderabad,Telangana,Consumer,2025-07-19
C002212,Chennai,Tamil Nadu,Consumer,2026-03-20
C002213,Kolkata,West Bengal,Enterprise,2025-06-18
C002214,Mumbai,Maharashtra,Enterprise,2025-09-10
C002215,Ahmedabad,Gujarat,Consumer,2026-01-15
C002216,Lucknow,Uttar Pradesh,Consumer,2026-04-08
C002217,Chennai,Tamil Nadu,Consumer,2026-07-22
C002218,Lucknow,Uttar Pradesh,SMB,2025-03-02
C002219,Bengaluru,Karnataka,SMB,2025-09-28
C002220,Kolkata,West Bengal,SMB,2025-04-04
C002221,Hyderabad,Telangana,Enterprise,2026-05-23
C002222,Lucknow,Uttar Pradesh,Consumer,2026-05-08
C002223,Kolkata,West Bengal,Consumer,2025-08-25
C002224,Jaipur,Rajasthan,Consumer,2025-09-06
C002225,Jaipur,Rajasthan,Enterprise,2025-04-27
C002226,Pune,Maharashtra,Enterprise,2026-06-26
C002227,Hyderabad,Telangana,Consumer,2025-02-09
C002228,Kolkata,West Bengal,SMB,2026-08-08
C002229,Lucknow,Uttar Pradesh,Enterprise,2026-01-28
C002230,Mumbai,Maharashtra,Consumer,2025-12-02
C002231,Chennai,Tamil Nadu,SMB,2025-04-25
C002232,Delhi,Delhi,SMB,2025-03-06
C002233,Ahmedabad,Gujarat,Enterprise,2026-08-02
C002234,Bengaluru,Karnataka,Enterprise,2025-11-07
C002235,Chennai,Tamil Nadu,Consumer,2025-11-06
C002236,Jaipur,Rajasthan,SMB,2026-08-25
C002237,Delhi,Delhi,Consumer,2026-01-09
C002238,Jaipur,Rajasthan,Consumer,2026-01-14
C002239,Kolkata,West Bengal,Enterprise,2026-03-20
C002240,Hyderabad,Telangana,Enterprise,2026-04-24
C002241,Jaipur,Rajasthan,Consumer,2025-07-08
C002242,Mumbai,Maharashtra,SMB,2026-08-27
C002243,Kolkata,West Bengal,SMB,2026-06-16
C002244,Lucknow,Uttar Pradesh,Consumer,2025-03-29
C002245,Kolkata,West Bengal,SMB,2025-10-11
C002246,Pune,Maharashtra,Consumer,2025-09-07
C002247,Pune,Maharashtra,Enterprise,2026-05-25
C002248,Bengaluru,Karnataka,SMB,2025-05-12
C002249,Pune,Maharashtra,Enterprise,2026-09-16
C002250,Ahmedabad,Gujarat,Enterprise,2025-04-24
C002251,Ahmedabad,Gujarat,Consumer,2025-07-01
C002252,Hyderabad,Telangana,Enterprise,2025-10-18
C002253,Delhi,Delhi,Enterprise,2025-03-08
C002254,Mumbai,Maharashtra,Enterprise,2025-02-12
C002255,Hyderabad,Telangana,Enterprise,2025-04-25
C002256,Chennai,Tamil Nadu,Consumer,2025-09-24
C002257,Mumbai,Maharashtra,SMB,2025-12-16
C002258,Ahmedabad,Gujarat,Consumer,2025-09-15
C002259,Hyderabad,Telangana,Enterprise,2026-02-22
C002260,Hyderabad,Telangana,Consumer,2026-03-01
C002261,Jaipur,Rajasthan,SMB,2026-03-03
C002262,Ahmedabad,Gujarat,Enterprise,2026-07-21
C002263,Delhi,Delhi,Enterprise,2026-06-27
C002264,Bengaluru,Karnataka,SMB,2026-03-29
C002265,Jaipur,Rajasthan,Consumer,2025-07-18
C002266,Delhi,Delhi,Consumer,2025-08-09
C002267,Hyderabad,Telangana,Enterprise,2026-04-25
C002268,Chennai,Tamil Nadu,Consumer,2025-12-28
C002269,Bengaluru,Karnataka,Consumer,2025-10-29
C002270,Chennai,Tamil Nadu,Enterprise,2026-05-28
C002271,Pune,Maharashtra,Consumer,2025-01-15
C002272,Chennai,Tamil Nadu,Enterprise,2025-10-28
C002273,Hyderabad,Telangana,SMB,2026-01-30
C002274,Mumbai,Maharashtra,SMB,2026-01-12
C002275,Lucknow,Uttar Pradesh,Enterprise,2025-03-10
C002276,Delhi,Delhi,Consumer,2026-01-24
C002277,Ahmedabad,Gujarat,Enterprise,2026-07-08
C002278,Bengaluru,Karnataka,Consumer,2025-07-12
C002279,Jaipur,Rajasthan,SMB,2025-09-17
C002280,Ahmedabad,Gujarat,SMB,2026-08-02
C002281,Delhi,Delhi,Consumer,2025-09-27
C002282,Pune,Maharashtra,SMB,2026-05-01
C002283,Chennai,Tamil Nadu,Consumer,2026-01-25
C002284,Chennai,Tamil Nadu,Consumer,2026-05-02
C002285,Chennai,Tamil Nadu,SMB,2025-01-23
C002286,Jaipur,Rajasthan,SMB,2025-06-25
C002287,Delhi,Delhi,SMB,2025-11-02
C002288,Delhi,Delhi,Consumer,2026-07-21
C002289,Kolkata,West Bengal,Enterprise,2026-06-11
C002290,Lucknow,Uttar Pradesh,Enterprise,2026-06-18
C002291,Hyderabad,Telangana,SMB,2025-07-06
C002292,Lucknow,Uttar Pradesh,Consumer,2025-11-28
C002293,Chennai,Tamil Nadu,Enterprise,2025-09-13
C002294,Ahmedabad,Gujarat,Enterprise,2025-04-13
C002295,Hyderabad,Telangana,Enterprise,2025-04-18
C002296,Lucknow,Uttar Pradesh,Enterprise,2026-06-16
C002297,Hyderabad,Telangana,Consumer,2025-08-29
C002298,Jaipur,Rajasthan,Consumer,2025-12-01
C002299,Delhi,Delhi,Enterprise,2026-03-15
C002300,Delhi,Delhi,SMB,2025-02-22
C002301,Jaipur,Rajasthan,Enterprise,2026-07-13
C002302,Mumbai,Maharashtra,Consumer,2025-09-04
C002303,Delhi,Delhi,Enterprise,2025-01-23
C002304,Pune,Maharashtra,SMB,2025-11-16
C002305,Chennai,Tamil Nadu,SMB,2026-08-03
C002306,Chennai,Tamil Nadu,Consumer,2026-08-29
C002307,Hyderabad,Telangana,Consumer,2025-04-13
C002308,Delhi,Delhi,Consumer,2026-08-16
C002309,Lucknow,Uttar Pradesh,Enterprise,2025-07-27
C002310,Lucknow,Uttar Pradesh,Enterprise,2026-04-21
C002311,Hyderabad,Telangana,Enterprise,2025-06-30
C002312,Hyderabad,Telangana,Enterprise,2025-01-21
C002313,Pune,Maharashtra,Consumer,2026-06-19
C002314,Ahmedabad,Gujarat,Consumer,2026-01-26
C002315,Lucknow,Uttar Pradesh,SMB,2026-07-08
C002316,Pune,Maharashtra,Consumer,2025-10-28
C002317,Ahmedabad,Gujarat,SMB,2025-04-17
C002318,Delhi,Delhi,Consumer,2025-06-25
C002319,Bengaluru,Karnataka,SMB,2026-08-17
C002320,Bengaluru,Karnataka,SMB,2025-11-17
C002321,Hyderabad,Telangana,Enterprise,2026-06-06
C002322,Hyderabad,Telangana,Consumer,2025-02-21
C002323,Delhi,Delhi,SMB,2026-04-25
C002324,Ahmedabad,Gujarat,Enterprise,2025-09-10
C002325,Ahmedabad,Gujarat,Consumer,2025-11-29
C002326,Kolkata,West Bengal,Consumer,2026-04-18
C002327,Kolkata,West Bengal,Enterprise,2025-09-01
C002328,Kolkata,West Bengal,Enterprise,2026-07-31
C002329,Lucknow,Uttar Pradesh,Enterprise,2026-02-21
C002330,Jaipur,Rajasthan,Enterprise,2026-07-01
C002331,Bengaluru,Karnataka,Enterprise,2025-03-26
C002332,Ahmedabad,Gujarat,SMB,2025-02-02
C002333,Hyderabad,Telangana,Enterprise,2026-02-22
C002334,Kolkata,West Bengal,Enterprise,2025-01-31
C002335,Jaipur,Rajasthan,SMB,2026-02-05
C002336,Bengaluru,Karnataka,Consumer,2025-08-15
C002337,Ahmedabad,Gujarat,SMB,2025-08-25
C002338,Chennai,Tamil Nadu,SMB,2025-05-10
C002339,Kolkata,West Bengal,SMB,2026-04-22
C002340,Bengaluru,Karnataka,Enterprise,2026-02-06
C002341,Delhi,Delhi,SMB,2026-05-17
C002342,Ahmedabad,Gujarat,Consumer,2026-07-16
C002343,Jaipur,Rajasthan,Consumer,2025-05-20
C002344,Lucknow,Uttar Pradesh,Enterprise,2026-03-01
C002345,Delhi,Delhi,SMB,2025-11-18
C002346,Pune,Maharashtra,SMB,2025-01-20
C002347,Delhi,Delhi,SMB,2026-04-04
C002348,Hyderabad,Telangana,SMB,2025-03-12
C002349,Chennai,Tamil Nadu,SMB,2026-06-22
C002350,Delhi,Delhi,Enterprise,2026-07-24
C002351,Mumbai,Maharashtra,Consumer,2025-03-30
C002352,Ahmedabad,Gujarat,Enterprise,2025-10-09
C002353,Mumbai,Maharashtra,Enterprise,2026-07-04
C002354,Kolkata,West Bengal,Enterprise,2026-09-07
C002355,Jaipur,Rajasthan,Enterprise,2025-05-05
C002356,Kolkata,West Bengal,Enterprise,2025-10-23
C002357,Bengaluru,Karnataka,Consumer,2025-09-18
C002358,Lucknow,Uttar Pradesh,Enterprise,2025-04-27
C002359,Delhi,Delhi,Consumer,2025-05-19
C002360,Bengaluru,Karnataka,SMB,2025-08-28
C002361,Chennai,Tamil Nadu,Enterprise,2026-08-21
C002362,Ahmedabad,Gujarat,SMB,2026-05-02
C002363,Delhi,Delhi,Consumer,2025-04-13
C002364,Hyderabad,Telangana,Consumer,2026-04-29
C002365,Chennai,Tamil Nadu,Consumer,2025-12-23
C002366,Ahmedabad,Gujarat,SMB,2026-02-27
C002367,Bengaluru,Karnataka,Enterprise,2026-01-19
C002368,Hyderabad,Telangana,Consumer,2026-04-03
C002369,Ahmedabad,Gujarat,SMB,2025-11-15
C002370,Ahmedabad,Gujarat,Consumer,2026-04-12
C002371,Lucknow,Uttar Pradesh,Consumer,2025-07-10
C002372,Jaipur,Rajasthan,SMB,2026-04-27
C002373,Jaipur,Rajasthan,Consumer,2025-02-07
C002374,Delhi,Delhi,Consumer,2025-02-12
C002375,Pune,Maharashtra,Consumer,2025-04-23
C002376,Bengaluru,Karnataka,Enterprise,2026-03-26
C002377,Lucknow,Uttar Pradesh,SMB,2025-09-15
C002378,Mumbai,Maharashtra,Consumer,2025-03-26
C002379,Kolkata,West Bengal,Consumer,2025-05-06
C002380,Chennai,Tamil Nadu,Enterprise,2026-05-29
C002381,Lucknow,Uttar Pradesh,Enterprise,2026-09-04
C002382,Jaipur,Rajasthan,Consumer,2025-12-20
C002383,Lucknow,Uttar Pradesh,SMB,2025-01-28
C002384,Mumbai,Maharashtra,SMB,2025-09-08
C002385,Pune,Maharashtra,SMB,2025-02-22
C002386,Kolkata,West Bengal,Enterprise,2025-02-20
C002387,Chennai,Tamil Nadu,SMB,2025-04-15
C002388,Mumbai,Maharashtra,Enterprise,2025-08-02
C002389,Pune,Maharashtra,Enterprise,2025-11-18
C002390,Jaipur,Rajasthan,Consumer,2026-06-25
C002391,Hyderabad,Telangana,Enterprise,2025-02-15
C002392,Mumbai,Maharashtra,Enterprise,2026-07-21
C002393,Jaipur,Rajasthan,Consumer,2026-01-11
C002394,Lucknow,Uttar Pradesh,Enterprise,2025-08-12
C002395,Kolkata,West Bengal,Enterprise,2025-09-03
C002396,Chennai,Tamil Nadu,Enterprise,2026-03-23
C002397,Lucknow,Uttar Pradesh,SMB,2025-04-11
C002398,Lucknow,Uttar Pradesh,Enterprise,2026-01-21
C002399,Jaipur,Rajasthan,Enterprise,2026-05-06
C002400,Ahmedabad,Gujarat,SMB,2026-09-20
C002401,Delhi,Delhi,Enterprise,2025-06-30
C002402,Chennai,Tamil Nadu,Consumer,2025-01-02
C002403,Mumbai,Maharashtra,Consumer,2025-12-28
C002404,Mumbai,Maharashtra,Enterprise,2025-06-11
C002405,Lucknow,Uttar Pradesh,SMB,2025-11-18
C002406,Bengaluru,Karnataka,SMB,2025-09-29
C002407,Jaipur,Rajasthan,Enterprise,2025-06-14
C002408,Bengaluru,Karnataka,Enterprise,2025-06-06
C002409,Chennai,Tamil Nadu,SMB,2026-09-06
C002410,Mumbai,Maharashtra,SMB,2025-08-22
C002411,Jaipur,Rajasthan,Enterprise,2025-09-09
C002412,Bengaluru,Karnataka,Consumer,2026-06-17
C002413,Pune,Maharashtra,SMB,2025-11-04
C002414,Lucknow,Uttar Pradesh,Enterprise,2025-01-23
C002415,Delhi,Delhi,Consumer,2025-09-14
C002416,Pune,Maharashtra,Enterprise,2026-01-08
C002417,Ahmedabad,Gujarat,Consumer,2026-05-17
C002418,Delhi,Delhi,SMB,2025-05-01
C002419,Ahmedabad,Gujarat,Enterprise,2025-09-18
C002420,Ahmedabad,Gujarat,SMB,2026-07-31
C002421,Bengaluru,Karnataka,Enterprise,2025-08-21
C002422,Lucknow,Uttar Pradesh,Enterprise,2026-06-11
C002423,Pune,Maharashtra,Enterprise,2026-02-21
C002424,Bengaluru,Karnataka,Consumer,2026-03-25
C002425,Pune,Maharashtra,SMB,2025-02-21
C002426,Delhi,Delhi,SMB,2025-01-25
C002427,Pune,Maharashtra,SMB,2026-05-02
C002428,Jaipur,Rajasthan,Consumer,2026-03-20
C002429,Lucknow,Uttar Pradesh,SMB,2025-05-26
C002430,Lucknow,Uttar Pradesh,Consumer,2026-08-31
C002431,Chennai,Tamil Nadu,Enterprise,2025-09-02
C002432,Bengaluru,Karnataka,SMB,2025-11-18
C002433,Mumbai,Maharashtra,SMB,2025-07-04
C002434,Pune,Maharashtra,SMB,2025-08-24
C002435,Hyderabad,Telangana,Enterprise,2025-08-23
C002436,Delhi,Delhi,Consumer,2025-10-18
C002437,Bengaluru,Karnataka,Consumer,2025-03-13
C002438,Ahmedabad,Gujarat,Enterprise,2025-01-20
C002439,Ahmedabad,Gujarat,Enterprise,2025-04-30
C002440,Hyderabad,Telangana,SMB,2026-01-11
C002441,Jaipur,Rajasthan,SMB,2026-08-26
C002442,Pune,Maharashtra,Consumer,2026-08-21
C002443,Mumbai,Maharashtra,Enterprise,2026-06-10
C002444,Delhi,Delhi,Consumer,2026-07-17
C002445,Bengaluru,Karnataka,SMB,2025-10-29
C002446,Jaipur,Rajasthan,Consumer,2025-01-04
C002447,Chennai,Tamil Nadu,Consumer,2026-06-18
C002448,Lucknow,Uttar Pradesh,Consumer,2025-09-16
C002449,Ahmedabad,Gujarat,Consumer,2025-03-22
C002450,Jaipur,Rajasthan,Enterprise,2026-08-03
C002451,Chennai,Tamil Nadu,Consumer,2026-03-25
C002452,Chennai,Tamil Nadu,Enterprise,2025-06-12
C002453,Pune,Maharashtra,Consumer,2025-05-30
C002454,Chennai,Tamil Nadu,SMB,2026-02-18
C002455,Pune,Maharashtra,SMB,2026-06-06
C002456,Mumbai,Maharashtra,SMB,2025-04-26
C002457,Delhi,Delhi,SMB,2025-03-30
C002458,Bengaluru,Karnataka,Enterprise,2026-03-11
C002459,Jaipur,Rajasthan,Consumer,2025-06-10
C002460,Jaipur,Rajasthan,SMB,2026-03-03
C002461,Pune,Maharashtra,SMB,2025-04-20
C002462,Chennai,Tamil Nadu,Enterprise,2025-07-10
C002463,Delhi,Delhi,Consumer,2025-08-30
C002464,Lucknow,Uttar Pradesh,SMB,2026-02-24
C002465,Ahmedabad,Gujarat,Consumer,2025-04-12
C002466,Bengaluru,Karnataka,SMB,2026-06-09
C002467,Bengaluru,Karnataka,Consumer,2025-10-25
C002468,Bengaluru,Karnataka,Consumer,2025-11-28
C002469,Kolkata,West Bengal,Consumer,2026-07-02
C002470,Lucknow,Uttar Pradesh,Enterprise,2026-05-04
C002471,Ahmedabad,Gujarat,Enterprise,2025-10-04
C002472,Chennai,Tamil Nadu,SMB,2025-06-03
C002473,Jaipur,Rajasthan,Consumer,2026-08-11
C002474,Ahmedabad,Gujarat,Enterprise,2025-04-13
C002475,Mumbai,Maharashtra,Enterprise,2025-12-30
C002476,Mumbai,Maharashtra,SMB,2025-08-30
C002477,Ahmedabad,Gujarat,SMB,2025-06-29
C002478,Hyderabad,Telangana,Consumer,2026-04-25
C002479,Chennai,Tamil Nadu,SMB,2025-11-01
C002480,Delhi,Delhi,Enterprise,2026-06-01
C002481,Pune,Maharashtra,SMB,2025-12-19
C002482,Ahmedabad,Gujarat,Consumer,2025-02-20
C002483,Ahmedabad,Gujarat,Consumer,2025-09-30
C002484,Ahmedabad,Gujarat,SMB,2025-05-13
C002485,Chennai,Tamil Nadu,SMB,2026-04-15
C002486,Lucknow,Uttar Pradesh,Consumer,2026-01-30
C002487,Mumbai,Maharashtra,SMB,2026-07-09
C002488,Mumbai,Maharashtra,SMB,2026-03-08
C002489,Mumbai,Maharashtra,SMB,2026-02-18
C002490,Ahmedabad,Gujarat,SMB,2026-04-04
C002491,Kolkata,West Bengal,Consumer,2026-04-28
C002492,Hyderabad,Telangana,Enterprise,2025-05-04
C002493,Ahmedabad,Gujarat,SMB,2025-02-21
C002494,Pune,Maharashtra,Consumer,2026-06-24
C002495,Lucknow,Uttar Pradesh,SMB,2026-09-02
C002496,Kolkata,West Bengal,Enterprise,2026-09-04
C002497,Pune,Maharashtra,Enterprise,2026-06-24
C002498,Hyderabad,Telangana,Consumer,2026-05-30
C002499,Mumbai,Maharashtra,Enterprise,2026-07-07
C002500,Lucknow,Uttar Pradesh,SMB,2025-03-30
C002501,Lucknow,Uttar Pradesh,Enterprise,2025-12-26
C002502,Pune,Maharashtra,Enterprise,2025-03-17
C002503,Ahmedabad,Gujarat,Consumer,2025-08-28
C002504,Kolkata,West Bengal,Consumer,2026-04-10
C002505,Mumbai,Maharashtra,Enterprise,2026-04-09
C002506,Kolkata,West Bengal,SMB,2026-01-19
C002507,Bengaluru,Karnataka,Consumer,2025-06-19
C002508,Delhi,Delhi,Enterprise,2026-08-10
C002509,Bengaluru,Karnataka,Consumer,2026-05-29
C002510,Delhi,Delhi,SMB,2026-02-17
C002511,Chennai,Tamil Nadu,SMB,2026-04-24
C002512,Lucknow,Uttar Pradesh,SMB,2025-06-01
C002513,Hyderabad,Telangana,Enterprise,2025-09-03
C002514,Chennai,Tamil Nadu,Enterprise,2026-09-09
C002515,Chennai,Tamil Nadu,SMB,2026-07-12
C002516,Pune,Maharashtra,Consumer,2026-03-29
C002517,Bengaluru,Karnataka,Enterprise,2026-02-01
C002518,Kolkata,West Bengal,Consumer,2025-08-17
C002519,Bengaluru,Karnataka,SMB,2026-03-03
C002520,Bengaluru,Karnataka,Consumer,2026-07-01
C002521,Jaipur,Rajasthan,SMB,2025-03-27
C002522,Chennai,Tamil Nadu,Consumer,2025-07-02
C002523,Kolkata,West Bengal,Enterprise,2026-04-04
C002524,Kolkata,West Bengal,Enterprise,2025-09-05
C002525,Kolkata,West Bengal,SMB,2025-10-24
C002526,Kolkata,West Bengal,Enterprise,2025-06-14
C002527,Delhi,Delhi,SMB,2025-04-19
C002528,Hyderabad,Telangana,Enterprise,2025-10-26
C002529,Pune,Maharashtra,SMB,2025-04-30
C002530,Chennai,Tamil Nadu,Enterprise,2025-04-08
C002531,Delhi,Delhi,Consumer,2025-02-25
C002532,Bengaluru,Karnataka,Consumer,2026-07-15
C002533,Ahmedabad,Gujarat,Enterprise,2025-12-06
C002534,Delhi,Delhi,Consumer,2025-04-17
C002535,Kolkata,West Bengal,SMB,2026-09-05
C002536,Lucknow,Uttar Pradesh,SMB,2026-04-30
C002537,Delhi,Delhi,SMB,2026-01-31
C002538,Kolkata,West Bengal,Enterprise,2025-12-16
C002539,Kolkata,West Bengal,SMB,2025-06-25
C002540,Delhi,Delhi,SMB,2026-04-15
C002541,Bengaluru,Karnataka,Enterprise,2026-01-22
C002542,Hyderabad,Telangana,Enterprise,2026-01-25
C002543,Chennai,Tamil Nadu,SMB,2026-03-01
C002544,Lucknow,Uttar Pradesh,SMB,2025-01-26
C002545,Bengaluru,Karnataka,Enterprise,2026-01-11
C002546,Pune,Maharashtra,Consumer,2026-03-27
C002547,Ahmedabad,Gujarat,Enterprise,2025-03-04
C002548,Delhi,Delhi,Enterprise,2026-07-23
C002549,Jaipur,Rajasthan,SMB,2025-12-28
C002550,Jaipur,Rajasthan,Consumer,2026-02-11
C002551,Lucknow,Uttar Pradesh,Consumer,2025-07-10
C002552,Ahmedabad,Gujarat,Enterprise,2026-07-31
C002553,Mumbai,Maharashtra,Enterprise,2026-05-08
C002554,Jaipur,Rajasthan,Enterprise,2025-08-31
C002555,Lucknow,Uttar Pradesh,Consumer,2025-09-24
C002556,Jaipur,Rajasthan,Consumer,2025-12-31
C002557,Ahmedabad,Gujarat,Enterprise,2025-12-31
C002558,Lucknow,Uttar Pradesh,Enterprise,2025-09-15
C002559,Kolkata,West Bengal,SMB,2026-09-12
C002560,Chennai,Tamil Nadu,SMB,2025-05-11
C002561,Bengaluru,Karnataka,Enterprise,2026-04-10
C002562,Chennai,Tamil Nadu,Enterprise,2026-09-02
C002563,Lucknow,Uttar Pradesh,SMB,2025-02-17
C002564,Ahmedabad,Gujarat,Enterprise,2025-05-12
C002565,Lucknow,Uttar Pradesh,Consumer,2026-05-25
C002566,Chennai,Tamil Nadu,Enterprise,2026-04-30
C002567,Bengaluru,Karnataka,SMB,2026-01-12
C002568,Mumbai,Maharashtra,Consumer,2026-01-28
C002569,Mumbai,Maharashtra,SMB,2025-07-15
C002570,Delhi,Delhi,Enterprise,2025-08-07
C002571,Chennai,Tamil Nadu,SMB,2025-01-12
C002572,Mumbai,Maharashtra,Enterprise,2025-05-16
C002573,Lucknow,Uttar Pradesh,Enterprise,2025-04-28
C002574,Ahmedabad,Gujarat,SMB,2026-09-20
C002575,Delhi,Delhi,SMB,2026-08-31
C002576,Hyderabad,Telangana,SMB,2025-05-21
C002577,Jaipur,Rajasthan,Consumer,2025-09-24
C002578,Mumbai,Maharashtra,Consumer,2026-04-08
C002579,Delhi,Delhi,SMB,2026-08-08
C002580,Kolkata,West Bengal,SMB,2025-07-04
C002581,Ahmedabad,Gujarat,Enterprise,2026-05-11
C002582,Delhi,Delhi,Consumer,2026-03-25
C002583,Pune,Maharashtra,Consumer,2026-05-14
C002584,Chennai,Tamil Nadu,Consumer,2025-02-10
C002585,Delhi,Delhi,SMB,2025-11-06
C002586,Ahmedabad,Gujarat,SMB,2026-01-05
C002587,Jaipur,Rajasthan,Consumer,2025-10-22
C002588,Kolkata,West Bengal,SMB,2025-07-23
C002589,Delhi,Delhi,Enterprise,2025-12-04
C002590,Bengaluru,Karnataka,SMB,2026-09-12
C002591,Ahmedabad,Gujarat,SMB,2026-06-12
C002592,Pune,Maharashtra,Enterprise,2026-06-15
C002593,Bengaluru,Karnataka,Consumer,2026-02-17
C002594,Pune,Maharashtra,SMB,2026-04-20
C002595,Chennai,Tamil Nadu,SMB,2025-07-29
C002596,Chennai,Tamil Nadu,Consumer,2025-07-18
C002597,Lucknow,Uttar Pradesh,SMB,2025-12-25
C002598,Hyderabad,Telangana,Enterprise,2026-06-06
C002599,Lucknow,Uttar Pradesh,Consumer,2026-02-08
C002600,Pune,Maharashtra,Enterprise,2026-06-21
C002601,Delhi,Delhi,SMB,2026-03-02
C002602,Bengaluru,Karnataka,Enterprise,2025-01-07
C002603,Mumbai,Maharashtra,Consumer,2025-11-16
C002604,Mumbai,Maharashtra,Enterprise,2025-03-22
C002605,Ahmedabad,Gujarat,SMB,2025-06-20
C002606,Chennai,Tamil Nadu,SMB,2025-05-30
C002607,Bengaluru,Karnataka,Consumer,2026-04-27
C002608,Mumbai,Maharashtra,Consumer,2026-04-07
C002609,Hyderabad,Telangana,Enterprise,2026-05-11
C002610,Mumbai,Maharashtra,Enterprise,2025-04-04
C002611,Mumbai,Maharashtra,Enterprise,2025-04-11
C002612,Kolkata,West Bengal,Enterprise,2026-08-17
C002613,Lucknow,Uttar Pradesh,Consumer,2025-03-28
C002614,Delhi,Delhi,SMB,2025-08-17
C002615,Ahmedabad,Gujarat,Enterprise,2025-02-28
C002616,Ahmedabad,Gujarat,SMB,2026-08-21
C002617,Kolkata,West Bengal,Enterprise,2026-06-03
C002618,Pune,Maharashtra,SMB,2025-05-06
C002619,Mumbai,Maharashtra,SMB,2026-08-27
C002620,Bengaluru,Karnataka,SMB,2025-10-29
C002621,Pune,Maharashtra,Consumer,2025-07-20
C002622,Chennai,Tamil Nadu,Consumer,2025-12-09
C002623,Mumbai,Maharashtra,SMB,2025-06-05
C002624,Lucknow,Uttar Pradesh,SMB,2025-05-19
C002625,Ahmedabad,Gujarat,Consumer,2025-04-22
C002626,Jaipur,Rajasthan,SMB,2025-06-19
C002627,Lucknow,Uttar Pradesh,Enterprise,2025-03-24
C002628,Ahmedabad,Gujarat,Enterprise,2025-07-21
C002629,Mumbai,Maharashtra,Consumer,2025-02-26
C002630,Mumbai,Maharashtra,Enterprise,2026-07-20
C002631,Chennai,Tamil Nadu,SMB,2025-01-15
C002632,Ahmedabad,Gujarat,Consumer,2026-05-23
C002633,Bengaluru,Karnataka,Consumer,2026-06-01
C002634,Kolkata,West Bengal,SMB,2025-04-28
C002635,Pune,Maharashtra,SMB,2026-03-23
C002636,Bengaluru,Karnataka,Enterprise,2026-07-04
C002637,Ahmedabad,Gujarat,SMB,2025-12-05
C002638,Kolkata,West Bengal,Enterprise,2026-08-30
C002639,Mumbai,Maharashtra,Enterprise,2025-06-25
C002640,Bengaluru,Karnataka,SMB,2026-06-20
C002641,Ahmedabad,Gujarat,Consumer,2026-03-17
C002642,Jaipur,Rajasthan,SMB,2025-09-16
C002643,Chennai,Tamil Nadu,SMB,2025-02-12
C002644,Mumbai,Maharashtra,SMB,2026-02-20
C002645,Pune,Maharashtra,Consumer,2025-12-24
C002646,Chennai,Tamil Nadu,Enterprise,2025-06-07
C002647,Delhi,Delhi,Enterprise,2025-01-31
C002648,Kolkata,West Bengal,Enterprise,2025-05-29
C002649,Chennai,Tamil Nadu,Enterprise,2025-10-31
C002650,Mumbai,Maharashtra,Enterprise,2026-06-20
C002651,Pune,Maharashtra,SMB,2025-03-07
C002652,Ahmedabad,Gujarat,Enterprise,2025-05-28
C002653,Delhi,Delhi,Consumer,2025-05-30
C002654,Bengaluru,Karnataka,Enterprise,2026-04-06
C002655,Hyderabad,Telangana,SMB,2025-10-29
C002656,Mumbai,Maharashtra,Enterprise,2026-05-15
C002657,Chennai,Tamil Nadu,SMB,2026-02-19
C002658,Ahmedabad,Gujarat,Consumer,2025-01-29
C002659,Pune,Maharashtra,Consumer,2025-09-20
C002660,Bengaluru,Karnataka,SMB,2025-04-02
C002661,Hyderabad,Telangana,Enterprise,2026-06-03
C002662,Jaipur,Rajasthan,SMB,2026-06-11
C002663,Jaipur,Rajasthan,Consumer,2026-07-30
C002664,Lucknow,Uttar Pradesh,Consumer,2025-02-25
C002665,Bengaluru,Karnataka,Enterprise,2025-04-20
C002666,Ahmedabad,Gujarat,Enterprise,2025-01-15
C002667,Ahmedabad,Gujarat,Enterprise,2025-02-05
C002668,Hyderabad,Telangana,Enterprise,2026-05-19
C002669,Delhi,Delhi,Consumer,2025-05-14
C002670,Bengaluru,Karnataka,SMB,2026-09-09
C002671,Mumbai,Maharashtra,SMB,2026-04-20
C002672,Delhi,Delhi,Enterprise,2025-02-19
C002673,Mumbai,Maharashtra,Consumer,2026-01-22
C002674,Lucknow,Uttar Pradesh,Enterprise,2025-06-21
C002675,Mumbai,Maharashtra,Consumer,2025-11-28
C002676,Pune,Maharashtra,Enterprise,2026-06-11
C002677,Kolkata,West Bengal,SMB,2025-04-04
C002678,Lucknow,Uttar Pradesh,Enterprise,2025-04-17
C002679,Pune,Maharashtra,Consumer,2026-08-17
C002680,Bengaluru,Karnataka,Enterprise,2025-05-15
C002681,Pune,Maharashtra,Consumer,2025-04-04
C002682,Chennai,Tamil Nadu,Consumer,2026-08-12
C002683,Kolkata,West Bengal,Consumer,2026-06-25
C002684,Pune,Maharashtra,Enterprise,2025-05-09
C002685,Ahmedabad,Gujarat,Consumer,2026-03-29
C002686,Bengaluru,Karnataka,Consumer,2025-03-19
C002687,Lucknow,Uttar Pradesh,SMB,2026-08-28
C002688,Delhi,Delhi,Consumer,2026-01-14
C002689,Mumbai,Maharashtra,Consumer,2025-01-06
C002690,Delhi,Delhi,Consumer,2026-07-03
C002691,Lucknow,Uttar Pradesh,SMB,2025-11-20
C002692,Ahmedabad,Gujarat,Enterprise,2025-04-09
C002693,Hyderabad,Telangana,Consumer,2026-05-12
C002694,Chennai,Tamil Nadu,Enterprise,2025-12-16
C002695,Kolkata,West Bengal,Consumer,2025-05-16
C002696,Lucknow,Uttar Pradesh,Enterprise,2025-01-30
C002697,Lucknow,Uttar Pradesh,Consumer,2026-07-12
C002698,Ahmedabad,Gujarat,Enterprise,2025-03-10
C002699,Chennai,Tamil Nadu,SMB,2025-11-22
C002700,Bengaluru,Karnataka,Enterprise,2025-07-03
C002701,Hyderabad,Telangana,Consumer,2026-02-16
C002702,Mumbai,Maharashtra,Enterprise,2025-10-09
C002703,Jaipur,Rajasthan,Enterprise,2025-06-20
C002704,Ahmedabad,Gujarat,Enterprise,2026-05-28
C002705,Hyderabad,Telangana,SMB,2025-02-11
C002706,Hyderabad,Telangana,Consumer,2026-09-11
C002707,Delhi,Delhi,Enterprise,2026-01-04
C002708,Ahmedabad,Gujarat,Consumer,2025-05-05
C002709,Bengaluru,Karnataka,Consumer,2026-05-16
C002710,Pune,Maharashtra,SMB,2025-06-12
C002711,Kolkata,West Bengal,SMB,2025-09-17
C002712,Lucknow,Uttar Pradesh,SMB,2025-02-03
C002713,Mumbai,Maharashtra,Enterprise,2025-02-10
C002714,Jaipur,Rajasthan,Consumer,2025-05-03
C002715,Bengaluru,Karnataka,SMB,2026-02-04
C002716,Mumbai,Maharashtra,Consumer,2025-07-02
C002717,Ahmedabad,Gujarat,Enterprise,2026-03-27
C002718,Pune,Maharashtra,SMB,2025-06-04
C002719,Pune,Maharashtra,Consumer,2026-08-29
C002720,Mumbai,Maharashtra,SMB,2025-06-26
C002721,Mumbai,Maharashtra,Consumer,2026-07-28
C002722,Kolkata,West Bengal,Consumer,2025-10-19
C002723,Hyderabad,Telangana,Consumer,2026-01-01
C002724,Lucknow,Uttar Pradesh,SMB,2025-02-12
C002725,Kolkata,West Bengal,Consumer,2025-06-17
C002726,Lucknow,Uttar Pradesh,SMB,2025-05-19
C002727,Kolkata,West Bengal,SMB,2025-04-16
C002728,Ahmedabad,Gujarat,Enterprise,2025-05-31
C002729,Pune,Maharashtra,SMB,2025-06-07
C002730,Pune,Maharashtra,Consumer,2025-01-25
C002731,Lucknow,Uttar Pradesh,Consumer,2025-08-06
C002732,Delhi,Delhi,Consumer,2025-12-28
C002733,Ahmedabad,Gujarat,SMB,2025-05-13
C002734,Pune,Maharashtra,Consumer,2025-08-18
C002735,Lucknow,Uttar Pradesh,Consumer,2026-09-06
C002736,Lucknow,Uttar Pradesh,Consumer,2026-03-26
C002737,Jaipur,Rajasthan,Consumer,2025-03-09
C002738,Kolkata,West Bengal,Enterprise,2026-01-15
C002739,Hyderabad,Telangana,Enterprise,2026-01-03
C002740,Ahmedabad,Gujarat,SMB,2025-01-12
C002741,Kolkata,West Bengal,Enterprise,2025-07-11
C002742,Hyderabad,Telangana,SMB,2025-12-04
C002743,Lucknow,Uttar Pradesh,Consumer,2026-04-05
C002744,Delhi,Delhi,Enterprise,2025-01-04
C002745,Kolkata,West Bengal,Consumer,2025-02-01
C002746,Ahmedabad,Gujarat,Enterprise,2026-08-20
C002747,Jaipur,Rajasthan,Consumer,2025-11-27
C002748,Jaipur,Rajasthan,SMB,2026-01-08
C002749,Mumbai,Maharashtra,SMB,2026-01-20
C002750,Hyderabad,Telangana,Consumer,2026-03-10
C002751,Bengaluru,Karnataka,Enterprise,2026-07-23
C002752,Kolkata,West Bengal,Consumer,2025-04-14
C002753,Pune,Maharashtra,SMB,2025-07-05
C002754,Mumbai,Maharashtra,Consumer,2026-01-08
C002755,Chennai,Tamil Nadu,Consumer,2026-07-01
C002756,Ahmedabad,Gujarat,Enterprise,2026-08-04
C002757,Lucknow,Uttar Pradesh,Consumer,2025-12-20
C002758,Ahmedabad,Gujarat,Consumer,2026-07-01
C002759,Kolkata,West Bengal,Consumer,2026-09-06
C002760,Pune,Maharashtra,Enterprise,2025-12-27
C002761,Bengaluru,Karnataka,Enterprise,2025-02-24
C002762,Kolkata,West Bengal,Enterprise,2025-09-16
C002763,Jaipur,Rajasthan,Consumer,2025-08-19
C002764,Kolkata,West Bengal,SMB,2026-06-27
C002765,Lucknow,Uttar Pradesh,Enterprise,2026-03-23
C002766,Hyderabad,Telangana,Enterprise,2025-03-04
C002767,Lucknow,Uttar Pradesh,SMB,2026-07-26
C002768,Bengaluru,Karnataka,Enterprise,2026-06-09
C002769,Pune,Maharashtra,Consumer,2025-03-28
C002770,Kolkata,West Bengal,SMB,2025-12-28
C002771,Lucknow,Uttar Pradesh,Consumer,2025-10-11
C002772,Pune,Maharashtra,Consumer,2026-05-19
C002773,Jaipur,Rajasthan,Enterprise,2025-02-22
C002774,Jaipur,Rajasthan,Enterprise,2026-08-24
C002775,Hyderabad,Telangana,Consumer,2025-09-18
C002776,Hyderabad,Telangana,Enterprise,2025-03-30
C002777,Ahmedabad,Gujarat,Enterprise,2026-08-08
C002778,Lucknow,Uttar Pradesh,Enterprise,2025-06-12
C002779,Hyderabad,Telangana,SMB,2025-10-01
C002780,Chennai,Tamil Nadu,Enterprise,2026-06-13
C002781,Kolkata,West Bengal,SMB,2025-02-12
C002782,Mumbai,Maharashtra,SMB,2025-09-26
C002783,Ahmedabad,Gujarat,SMB,2026-01-25
C002784,Jaipur,Rajasthan,Consumer,2026-01-01
C002785,Jaipur,Rajasthan,Enterprise,2026-02-18
C002786,Chennai,Tamil Nadu,SMB,2026-04-28
C002787,Pune,Maharashtra,Enterprise,2026-06-23
C002788,Mumbai,Maharashtra,Consumer,2025-12-22
C002789,Mumbai,Maharashtra,Consumer,2025-10-31
C002790,Delhi,Delhi,SMB,2025-03-01
C002791,Mumbai,Maharashtra,Consumer,2025-08-03
C002792,Mumbai,Maharashtra,Enterprise,2025-04-25
C002793,Ahmedabad,Gujarat,Consumer,2025-06-08
C002794,Jaipur,Rajasthan,Enterprise,2025-01-18
C002795,Chennai,Tamil Nadu,SMB,2026-06-15
C002796,Jaipur,Rajasthan,Consumer,2026-01-04
C002797,Pune,Maharashtra,SMB,2025-12-11
C002798,Bengaluru,Karnataka,SMB,2025-05-27
C002799,Mumbai,Maharashtra,Consumer,2026-09-15
C002800,Hyderabad,Telangana,Enterprise,2026-05-16
C002801,Pune,Maharashtra,SMB,2026-03-26
C002802,Pune,Maharashtra,Enterprise,2026-05-17
C002803,Pune,Maharashtra,SMB,2026-04-06
C002804,Jaipur,Rajasthan,Enterprise,2025-12-12
C002805,Ahmedabad,Gujarat,SMB,2026-03-17
C002806,Delhi,Delhi,SMB,2025-05-14
C002807,Chennai,Tamil Nadu,Consumer,2026-01-12
C002808,Pune,Maharashtra,SMB,2026-08-21
C002809,Bengaluru,Karnataka,Consumer,2025-10-02
C002810,Chennai,Tamil Nadu,SMB,2025-05-10
C002811,Lucknow,Uttar Pradesh,Consumer,2026-07-07
C002812,Jaipur,Rajasthan,SMB,2025-05-22
C002813,Delhi,Delhi,Enterprise,2026-06-23
C002814,Delhi,Delhi,Consumer,2025-07-04
C002815,Mumbai,Maharashtra,Consumer,2025-09-03
C002816,Lucknow,Uttar Pradesh,Consumer,2025-12-09
C002817,Chennai,Tamil Nadu,SMB,2025-05-24
C002818,Hyderabad,Telangana,Enterprise,2026-07-04
C002819,Bengaluru,Karnataka,Enterprise,2025-09-04
C002820,Pune,Maharashtra,Consumer,2025-10-17
C002821,Ahmedabad,Gujarat,Enterprise,2025-05-07
C002822,Jaipur,Rajasthan,SMB,2025-04-05
C002823,Bengaluru,Karnataka,SMB,2026-01-23
C002824,Delhi,Delhi,SMB,2025-09-06
C002825,Delhi,Delhi,Consumer,2026-07-28
C002826,Jaipur,Rajasthan,Enterprise,2025-09-15
C002827,Chennai,Tamil Nadu,SMB,2025-08-14
C002828,Lucknow,Uttar Pradesh,Enterprise,2025-04-25
C002829,Lucknow,Uttar Pradesh,Enterprise,2025-12-10
C002830,Pune,Maharashtra,Enterprise,2025-03-29
C002831,Ahmedabad,Gujarat,Consumer,2025-04-19
C002832,Jaipur,Rajasthan,Consumer,2025-08-28
C002833,Bengaluru,Karnataka,SMB,2026-04-25
C002834,Hyderabad,Telangana,SMB,2025-10-05
C002835,Mumbai,Maharashtra,SMB,2025-02-12
C002836,Lucknow,Uttar Pradesh,Enterprise,2025-06-01
C002837,Lucknow,Uttar Pradesh,Enterprise,2025-06-22
C002838,Chennai,Tamil Nadu,Consumer,2025-01-18
C002839,Mumbai,Maharashtra,Enterprise,2025-12-12
C002840,Mumbai,Maharashtra,Enterprise,2025-11-03
C002841,Hyderabad,Telangana,SMB,2025-09-04
C002842,Lucknow,Uttar Pradesh,Enterprise,2026-02-02
C002843,Bengaluru,Karnataka,Enterprise,2025-10-08
C002844,Kolkata,West Bengal,Consumer,2026-07-11
C002845,Kolkata,West Bengal,SMB,2025-10-27
C002846,Pune,Maharashtra,Consumer,2025-08-10
C002847,Pune,Maharashtra,SMB,2025-08-28
C002848,Ahmedabad,Gujarat,Enterprise,2025-03-10
C002849,Hyderabad,Telangana,Enterprise,2025-12-12
C002850,Kolkata,West Bengal,SMB,2025-08-13
C002851,Delhi,Delhi,Enterprise,2025-11-26
C002852,Kolkata,West Bengal,Consumer,2026-04-02
C002853,Lucknow,Uttar Pradesh,Consumer,2025-04-22
C002854,Hyderabad,Telangana,SMB,2026-01-04
C002855,Jaipur,Rajasthan,SMB,2025-02-21
C002856,Lucknow,Uttar Pradesh,SMB,2025-03-10
C002857,Bengaluru,Karnataka,SMB,2026-05-12
C002858,Chennai,Tamil Nadu,SMB,2025-05-16
C002859,Jaipur,Rajasthan,SMB,2026-07-06
C002860,Lucknow,Uttar Pradesh,Consumer,2025-06-04
C002861,Delhi,Delhi,SMB,2025-08-13
C002862,Jaipur,Rajasthan,SMB,2025-02-02
C002863,Chennai,Tamil Nadu,Enterprise,2025-08-25
C002864,Ahmedabad,Gujarat,Enterprise,2026-07-29
C002865,Ahmedabad,Gujarat,Consumer,2025-01-21
C002866,Bengaluru,Karnataka,Consumer,2025-07-24
C002867,Chennai,Tamil Nadu,Enterprise,2026-05-10
C002868,Ahmedabad,Gujarat,Consumer,2026-05-23
C002869,Chennai,Tamil Nadu,SMB,2025-05-20
C002870,Ahmedabad,Gujarat,Enterprise,2026-05-16
C002871,Hyderabad,Telangana,Consumer,2025-04-03
C002872,Chennai,Tamil Nadu,SMB,2025-02-21
C002873,Lucknow,Uttar Pradesh,Enterprise,2025-10-08
C002874,Lucknow,Uttar Pradesh,SMB,2026-03-16
C002875,Kolkata,West Bengal,SMB,2026-05-03
C002876,Ahmedabad,Gujarat,Enterprise,2025-04-03
C002877,Pune,Maharashtra,Enterprise,2026-07-24
C002878,Lucknow,Uttar Pradesh,Consumer,2025-07-21
C002879,Delhi,Delhi,Enterprise,2025-02-15
C002880,Delhi,Delhi,SMB,2025-12-25
C002881,Delhi,Delhi,SMB,2025-05-07
C002882,Bengaluru,Karnataka,SMB,2025-10-08
C002883,Kolkata,West Bengal,Enterprise,2025-10-04
C002884,Bengaluru,Karnataka,SMB,2025-08-15
C002885,Jaipur,Rajasthan,Enterprise,2025-03-01
C002886,Jaipur,Rajasthan,Consumer,2026-08-19
C002887,Delhi,Delhi,Consumer,2026-04-11
C002888,Delhi,Delhi,Enterprise,2025-09-08
C002889,Pune,Maharashtra,Enterprise,2026-09-14
C002890,Chennai,Tamil Nadu,SMB,2026-06-17
C002891,Pune,Maharashtra,Consumer,2026-02-20
C002892,Lucknow,Uttar Pradesh,SMB,2025-04-22
C002893,Bengaluru,Karnataka,Consumer,2026-02-07
C002894,Chennai,Tamil Nadu,SMB,2026-08-28
C002895,Ahmedabad,Gujarat,SMB,2025-09-22
C002896,Delhi,Delhi,Consumer,2025-06-19
C002897,Delhi,Delhi,Enterprise,2025-06-21
C002898,Hyderabad,Telangana,Enterprise,2026-04-22
C002899,Jaipur,Rajasthan,Enterprise,2026-07-08
C002900,Jaipur,Rajasthan,Enterprise,2026-08-11
C002901,Mumbai,Maharashtra,SMB,2025-12-24
C002902,Mumbai,Maharashtra,Consumer,2025-04-12
C002903,Bengaluru,Karnataka,SMB,2025-09-28
C002904,Chennai,Tamil Nadu,Enterprise,2025-10-09
C002905,Delhi,Delhi,SMB,2026-04-10
C002906,Jaipur,Rajasthan,SMB,2025-05-14
C002907,Chennai,Tamil Nadu,Consumer,2026-08-02
C002908,Mumbai,Maharashtra,Consumer,2025-04-10
C002909,Delhi,Delhi,Enterprise,2025-06-25
C002910,Chennai,Tamil Nadu,Consumer,2025-06-12
C002911,Delhi,Delhi,Consumer,2025-11-26
C002912,Mumbai,Maharashtra,Consumer,2025-01-15
C002913,Ahmedabad,Gujarat,SMB,2025-02-03
C002914,Hyderabad,Telangana,Consumer,2025-01-26
C002915,Jaipur,Rajasthan,Enterprise,2025-02-16
C002916,Ahmedabad,Gujarat,Consumer,2025-07-16
C002917,Bengaluru,Karnataka,Consumer,2025-08-23
C002918,Bengaluru,Karnataka,Consumer,2026-08-31
C002919,Mumbai,Maharashtra,Enterprise,2025-06-09
C002920,Lucknow,Uttar Pradesh,Consumer,2025-05-24
C002921,Pune,Maharashtra,Consumer,2025-03-12
C002922,Delhi,Delhi,Enterprise,2025-08-04
C002923,Lucknow,Uttar Pradesh,SMB,2025-10-01
C002924,Delhi,Delhi,Enterprise,2026-08-30
C002925,Lucknow,Uttar Pradesh,Consumer,2026-01-28
C002926,Lucknow,Uttar Pradesh,Consumer,2025-03-18
C002927,Lucknow,Uttar Pradesh,Consumer,2026-02-15
C002928,Hyderabad,Telangana,Enterprise,2025-05-29
C002929,Chennai,Tamil Nadu,Consumer,2026-08-09
C002930,Jaipur,Rajasthan,Consumer,2026-07-18
C002931,Mumbai,Maharashtra,Consumer,2026-01-27
C002932,Ahmedabad,Gujarat,SMB,2026-06-27
C002933,Lucknow,Uttar Pradesh,Consumer,2025-12-08
C002934,Mumbai,Maharashtra,Consumer,2025-10-03
C002935,Kolkata,West Bengal,SMB,2025-06-16
C002936,Jaipur,Rajasthan,Consumer,2025-11-13
C002937,Mumbai,Maharashtra,SMB,2025-04-07
C002938,Ahmedabad,Gujarat,Consumer,2026-02-08
C002939,Delhi,Delhi,SMB,2026-08-16
C002940,Pune,Maharashtra,Enterprise,2025-08-12
C002941,Jaipur,Rajasthan,Enterprise,2025-02-01
C002942,Mumbai,Maharashtra,SMB,2026-01-19
C002943,Mumbai,Maharashtra,SMB,2025-08-09
C002944,Ahmedabad,Gujarat,Enterprise,2026-07-26
C002945,Chennai,Tamil Nadu,Enterprise,2025-12-11
C002946,Hyderabad,Telangana,Enterprise,2025-11-13
C002947,Chennai,Tamil Nadu,SMB,2025-05-27
C002948,Mumbai,Maharashtra,SMB,2026-06-12
C002949,Pune,Maharashtra,Consumer,2025-01-10
C002950,Ahmedabad,Gujarat,Enterprise,2025-03-23
C002951,Kolkata,West Bengal,SMB,2026-02-10
C002952,Mumbai,Maharashtra,Consumer,2025-04-22
C002953,Kolkata,West Bengal,SMB,2026-06-24
C002954,Lucknow,Uttar Pradesh,Consumer,2026-07-30
C002955,Delhi,Delhi,Consumer,2025-10-10
C002956,Hyderabad,Telangana,SMB,2025-06-05
C002957,Lucknow,Uttar Pradesh,SMB,2025-04-06
C002958,Hyderabad,Telangana,SMB,2026-07-18
C002959,Ahmedabad,Gujarat,SMB,2026-08-18
C002960,Lucknow,Uttar Pradesh,Enterprise,2025-08-01
C002961,Kolkata,West Bengal,SMB,2026-01-05
C002962,Lucknow,Uttar Pradesh,SMB,2026-01-12
C002963,Jaipur,Rajasthan,SMB,2025-04-25
C002964,Ahmedabad,Gujarat,Consumer,2025-04-05
C002965,Chennai,Tamil Nadu,SMB,2026-01-22
C002966,Hyderabad,Telangana,Enterprise,2025-04-15
C002967,Bengaluru,Karnataka,Consumer,2026-07-28
C002968,Bengaluru,Karnataka,Consumer,2026-01-22
C002969,Bengaluru,Karnataka,Consumer,2025-10-25
C002970,Lucknow,Uttar Pradesh,Enterprise,2025-09-11
C002971,Delhi,Delhi,SMB,2026-04-29
C002972,Lucknow,Uttar Pradesh,Consumer,2026-08-14
C002973,Mumbai,Maharashtra,Enterprise,2026-08-07
C002974,Jaipur,Rajasthan,SMB,2026-09-08
C002975,Ahmedabad,Gujarat,Consumer,2025-08-17
C002976,Ahmedabad,Gujarat,SMB,2026-01-28
C002977,Chennai,Tamil Nadu,Enterprise,2025-09-24
C002978,Jaipur,Rajasthan,Enterprise,2025-01-14
C002979,Bengaluru,Karnataka,SMB,2025-04-03
C002980,Kolkata,West Bengal,SMB,2025-09-02
C002981,Kolkata,West Bengal,SMB,2025-12-24
C002982,Bengaluru,Karnataka,Consumer,2025-05-18
C002983,Jaipur,Rajasthan,Enterprise,2026-08-29
C002984,Chennai,Tamil Nadu,Enterprise,2025-05-08
C002985,Ahmedabad,Gujarat,SMB,2025-04-15
C002986,Chennai,Tamil Nadu,Enterprise,2025-10-30
C002987,Ahmedabad,Gujarat,Consumer,2026-03-18
C002988,Ahmedabad,Gujarat,Enterprise,2026-03-07
C002989,Jaipur,Rajasthan,Enterprise,2025-12-31
C002990,Ahmedabad,Gujarat,Enterprise,2025-05-02
C002991,Jaipur,Rajasthan,Consumer,2025-10-31
C002992,Chennai,Tamil Nadu,SMB,2026-04-05
C002993,Kolkata,West Bengal,Enterprise,2026-06-10
C002994,Pune,Maharashtra,SMB,2025-09-06
C002995,Bengaluru,Karnataka,Consumer,2026-04-04
C002996,Bengaluru,Karnataka,Consumer,2025-10-12
C002997,Pune,Maharashtra,Enterprise,2026-03-30
C002998,Bengaluru,Karnataka,Enterprise,2025-09-23
C002999,Kolkata,West Bengal,Consumer,2025-11-29
C003000,Pune,Maharashtra,SMB,2025-11-16
