campaign_id,date,channel,spend,impressions,clicks,conversions
CMP_google_ads_202501,2025-01-01,google_ads,5490.28,52771,712,16
CMP_meta_ads_202501,2025-01-01,meta_ads,17470.98,9707,718,57
CMP_email_202501,2025-01-01,email,42068.98,51828,3969,129
CMP_affiliate_202501,2025-01-01,affiliate,8513.97,43517,716,10
CMP_organic_social_202501,2025-01-01,organic_social,2808.7,11807,770,31
CMP_influencer_202501,2025-01-01,influencer,5170.94,20315,1479,163
CMP_google_ads_202501,2025-01-02,google_ads,15898.38,48500,2673,209
CMP_meta_ads_202501,2025-01-02,meta_ads,1087.61,2736,137,11
CMP_email_202501,2025-01-02,email,10994.89,13247,782,29
CMP_affiliate_202501,2025-01-02,affiliate,995.53,5853,109,10
CMP_organic_social_202501,2025-01-02,organic_social,33153.29,23266,1627,153
CMP_influencer_202501,2025-01-02,influencer,104502.45,59415,4268,67
CMP_google_ads_202501,2025-01-03,google_ads,54085.2,34140,2257,232
CMP_meta_ads_202501,2025-01-03,meta_ads,7108.9,28006,1448,135
CMP_email_202501,2025-01-03,email,100037.46,56782,4075,60
CMP_affiliate_202501,2025-01-03,affiliate,10471.04,44431,918,71
CMP_organic_social_202501,2025-01-03,organic_social,499.86,3329,134,4
CMP_influencer_202501,2025-01-03,influencer,10423.99,50769,672,36
CMP_google_ads_202501,2025-01-04,google_ads,32345.3,46062,3042,129
CMP_meta_ads_202501,2025-01-04,meta_ads,6126.16,14301,1105,11
CMP_email_202501,2025-01-04,email,70242.23,56379,4032,184
CMP_affiliate_202501,2025-01-04,affiliate,7260.52,34881,433,37
CMP_organic_social_202501,2025-01-04,organic_social,58810.14,39113,2359,127
CMP_influencer_202501,2025-01-04,influencer,4942.32,27641,400,47
CMP_google_ads_202501,2025-01-05,google_ads,2364.01,34132,428,30
CMP_meta_ads_202501,2025-01-05,meta_ads,40068.68,49520,1897,219
CMP_email_202501,2025-01-05,email,1750.57,7371,146,4
CMP_affiliate_202501,2025-01-05,affiliate,25123.21,50263,1463,126
CMP_organic_social_202501,2025-01-05,organic_social,30542.76,20701,1357,75
CMP_influencer_202501,2025-01-05,influencer,5393.66,27878,902,20
CMP_google_ads_202501,2025-01-06,google_ads,27446.1,26862,2131,175
CMP_meta_ads_202501,2025-01-06,meta_ads,27060.89,14261,1101,29
CMP_email_202501,2025-01-06,email,7022.29,20773,496,47
CMP_affiliate_202501,2025-01-06,affiliate,21474.81,30656,1446,29
CMP_organic_social_202501,2025-01-06,organic_social,9151.46,34789,472,48
CMP_influencer_202501,2025-01-06,influencer,22535.24,29052,1795,82
CMP_google_ads_202501,2025-01-07,google_ads,39980.94,23437,1779,90
CMP_meta_ads_202501,2025-01-07,meta_ads,10118.24,12604,537,44
CMP_email_202501,2025-01-07,email,13016.42,45652,2583,223
CMP_affiliate_202501,2025-01-07,affiliate,2490.83,6272,243,12
CMP_organic_social_202501,2025-01-07,organic_social,34984.17,54912,3924,87
CMP_influencer_202501,2025-01-07,influencer,79522.91,56779,4296,429
CMP_google_ads_202501,2025-01-08,google_ads,11059.57,6070,461,50
CMP_meta_ads_202501,2025-01-08,meta_ads,51123.56,31710,2463,55
CMP_email_202501,2025-01-08,email,5860.49,9549,653,22
CMP_affiliate_202501,2025-01-08,affiliate,3982.1,20731,383,42
CMP_organic_social_202501,2025-01-08,organic_social,6712.15,11787,513,60
CMP_influencer_202501,2025-01-08,influencer,2565.8,9356,215,19
CMP_google_ads_202501,2025-01-09,google_ads,3177.6,11563,880,12
CMP_meta_ads_202501,2025-01-09,meta_ads,28089.56,39040,1720,194
CMP_email_202501,2025-01-09,email,19962.76,47816,1600,48
CMP_affiliate_202501,2025-01-09,affiliate,63453.9,47028,3296,62
CMP_organic_social_202501,2025-01-09,organic_social,4662.52,32212,1288,61
CMP_influencer_202501,2025-01-09,influencer,1592.97,13883,489,36
CMP_google_ads_202501,2025-01-10,google_ads,7662.08,14059,822,27
CMP_meta_ads_202501,2025-01-10,meta_ads,7514.05,22130,425,27
CMP_email_202501,2025-01-10,email,10850.05,46527,797,74
CMP_affiliate_202501,2025-01-10,affiliate,45524.63,42124,3300,315
CMP_organic_social_202501,2025-01-10,organic_social,6320.71,20708,1448,94
CMP_influencer_202501,2025-01-10,influencer,13517.78,10741,697,30
CMP_google_ads_202501,2025-01-11,google_ads,3397.09,25930,313,14
CMP_meta_ads_202501,2025-01-11,meta_ads,486.52,2223,31,1
CMP_email_202501,2025-01-11,email,2759.76,15287,827,44
CMP_affiliate_202501,2025-01-11,affiliate,5673.66,20005,362,8
CMP_organic_social_202501,2025-01-11,organic_social,14785.69,19214,1487,73
CMP_influencer_202501,2025-01-11,influencer,31565.84,57357,2047,112
CMP_google_ads_202501,2025-01-12,google_ads,43549.41,24864,1953,120
CMP_meta_ads_202501,2025-01-12,meta_ads,13621.14,20150,1415,158
CMP_email_202501,2025-01-12,email,5183.85,8435,274,6
CMP_affiliate_202501,2025-01-12,affiliate,37136.2,23578,1707,148
CMP_organic_social_202501,2025-01-12,organic_social,7027.41,20903,501,28
CMP_influencer_202501,2025-01-12,influencer,15744.09,50729,1625,186
CMP_google_ads_202501,2025-01-13,google_ads,10994.49,22529,998,73
CMP_meta_ads_202501,2025-01-13,meta_ads,9620.75,36958,571,33
CMP_email_202501,2025-01-13,email,6600.18,37233,743,54
CMP_affiliate_202501,2025-01-13,affiliate,9417.46,29830,1587,131
CMP_organic_social_202501,2025-01-13,organic_social,25510.42,49028,1642,133
CMP_influencer_202501,2025-01-13,influencer,2679.94,10466,629,32
CMP_google_ads_202501,2025-01-14,google_ads,23302.64,42108,2698,184
CMP_meta_ads_202501,2025-01-14,meta_ads,5215.47,15413,303,24
CMP_email_202501,2025-01-14,email,81892.34,55167,4109,232
CMP_affiliate_202501,2025-01-14,affiliate,1108.54,2787,170,10
CMP_organic_social_202501,2025-01-14,organic_social,24011.29,16837,1279,70
CMP_influencer_202501,2025-01-14,influencer,19663.04,30132,1635,62
CMP_google_ads_202501,2025-01-15,google_ads,73242.42,58660,3899,244
CMP_meta_ads_202501,2025-01-15,meta_ads,9580.35,27931,1998,48
CMP_email_202501,2025-01-15,email,41512.81,49899,2488,245
CMP_affiliate_202501,2025-01-15,affiliate,3300.36,54220,558,12
CMP_organic_social_202501,2025-01-15,organic_social,60372.51,52578,2428,248
CMP_influencer_202501,2025-01-15,influencer,6628.26,13664,372,40
CMP_google_ads_202501,2025-01-16,google_ads,42984.67,44546,2048,190
CMP_meta_ads_202501,2025-01-16,meta_ads,18530.23,32579,946,78
CMP_email_202501,2025-01-16,email,4566.97,22559,1427,82
CMP_affiliate_202501,2025-01-16,affiliate,26855.57,24669,1397,73
CMP_organic_social_202501,2025-01-16,organic_social,28461.52,48074,1202,88
CMP_influencer_202501,2025-01-16,influencer,7272.69,45962,1216,39
CMP_google_ads_202501,2025-01-17,google_ads,10046.32,9887,447,27
CMP_meta_ads_202501,2025-01-17,meta_ads,2699.82,8364,227,13
CMP_email_202501,2025-01-17,email,1644.89,9888,423,23
CMP_affiliate_202501,2025-01-17,affiliate,1363.86,3380,159,10
CMP_organic_social_202501,2025-01-17,organic_social,6644.4,55575,1015,121
CMP_influencer_202501,2025-01-17,influencer,10597.02,34550,1528,124
CMP_google_ads_202501,2025-01-18,google_ads,18565.46,58754,777,81
CMP_meta_ads_202501,2025-01-18,meta_ads,33396.93,21826,1584,169
CMP_email_202501,2025-01-18,email,6523.63,29834,331,32
CMP_affiliate_202501,2025-01-18,affiliate,40024.61,34017,1912,186
CMP_organic_social_202501,2025-01-18,organic_social,1227.92,5017,55,1
CMP_influencer_202501,2025-01-18,influencer,6002.3,22412,748,62
CMP_google_ads_202501,2025-01-19,google_ads,6775.37,23351,579,23
CMP_meta_ads_202501,2025-01-19,meta_ads,6261.41,16425,1129,50
CMP_email_202501,2025-01-19,email,23153.04,18326,1070,59
CMP_affiliate_202501,2025-01-19,affiliate,13029.32,47971,628,41
CMP_organic_social_202501,2025-01-19,organic_social,17636.01,48661,730,9
CMP_influencer_202501,2025-01-19,influencer,8401.85,10359,815,72
CMP_google_ads_202501,2025-01-20,google_ads,41787.73,25500,1754,144
CMP_meta_ads_202501,2025-01-20,meta_ads,1823.11,5780,347,32
CMP_email_202501,2025-01-20,email,7922.88,9347,685,32
CMP_affiliate_202501,2025-01-20,affiliate,11051.95,10312,678,35
CMP_organic_social_202501,2025-01-20,organic_social,48106.77,29058,2114,164
CMP_influencer_202501,2025-01-20,influencer,7454.31,10134,665,22
CMP_google_ads_202501,2025-01-21,google_ads,25497.47,56231,4081,485
CMP_meta_ads_202501,2025-01-21,meta_ads,25442.78,52326,2179,196
CMP_email_202501,2025-01-21,email,84440.83,48402,3530,248
CMP_affiliate_202501,2025-01-21,affiliate,44550.97,57751,2670,107
CMP_organic_social_202501,2025-01-21,organic_social,3044.57,27476,335,23
CMP_influencer_202501,2025-01-21,influencer,8244.59,31051,619,68
CMP_google_ads_202501,2025-01-22,google_ads,4202.65,11067,338,3
CMP_meta_ads_202501,2025-01-22,meta_ads,4103.88,8966,341,32
CMP_email_202501,2025-01-22,email,5209.18,36999,462,20
CMP_affiliate_202501,2025-01-22,affiliate,39015.04,45032,3423,258
CMP_organic_social_202501,2025-01-22,organic_social,9183.95,28402,402,10
CMP_influencer_202501,2025-01-22,influencer,1179.04,4697,95,6
CMP_google_ads_202501,2025-01-23,google_ads,67670.31,54628,3667,345
CMP_meta_ads_202501,2025-01-23,meta_ads,3216.66,8783,369,30
CMP_email_202501,2025-01-23,email,55439.98,31773,2412,100
CMP_affiliate_202501,2025-01-23,affiliate,35525.29,58745,2866,200
CMP_organic_social_202501,2025-01-23,organic_social,17263.86,12219,720,77
CMP_influencer_202501,2025-01-23,influencer,34913.62,39294,1398,74
CMP_google_ads_202501,2025-01-24,google_ads,25890.41,34049,2509,68
CMP_meta_ads_202501,2025-01-24,meta_ads,5231.73,8743,340,40
CMP_email_202501,2025-01-24,email,2910.66,2126,141,9
CMP_affiliate_202501,2025-01-24,affiliate,25851.0,36872,1132,89
CMP_organic_social_202501,2025-01-24,organic_social,63573.59,47333,2971,315
CMP_influencer_202501,2025-01-24,influencer,5596.52,48844,540,43
CMP_google_ads_202501,2025-01-25,google_ads,2259.23,2056,108,3
CMP_meta_ads_202501,2025-01-25,meta_ads,4604.64,47090,551,31
CMP_email_202501,2025-01-25,email,4949.22,38522,1088,52
CMP_affiliate_202501,2025-01-25,affiliate,12140.59,27380,716,31
CMP_organic_social_202501,2025-01-25,organic_social,3716.11,12396,728,68
CMP_influencer_202501,2025-01-25,influencer,16608.41,52276,1086,129
CMP_google_ads_202501,2025-01-26,google_ads,28243.25,40552,2972,183
CMP_meta_ads_202501,2025-01-26,meta_ads,3679.42,15685,807,54
CMP_email_202501,2025-01-26,email,11669.9,11585,663,65
CMP_affiliate_202501,2025-01-26,affiliate,28379.02,38027,2125,45
CMP_organic_social_202501,2025-01-26,organic_social,4598.41,50180,847,16
CMP_influencer_202501,2025-01-26,influencer,72160.44,49205,3211,282
CMP_google_ads_202501,2025-01-27,google_ads,5060.95,23569,644,43
CMP_meta_ads_202501,2025-01-27,meta_ads,2627.23,4682,244,26
CMP_email_202501,2025-01-27,email,35546.91,50163,3423,341
CMP_affiliate_202501,2025-01-27,affiliate,22145.69,54700,3032,221
CMP_organic_social_202501,2025-01-27,organic_social,21874.93,41922,1946,85
CMP_influencer_202501,2025-01-27,influencer,17344.2,37104,1726,140
CMP_google_ads_202501,2025-01-28,google_ads,22826.05,30136,2010,118
CMP_meta_ads_202501,2025-01-28,meta_ads,23826.66,54820,1296,105
CMP_email_202501,2025-01-28,email,4595.86,25572,832,49
CMP_affiliate_202501,2025-01-28,affiliate,2312.01,3399,174,13
CMP_organic_social_202501,2025-01-28,organic_social,41812.95,40139,2755,77
CMP_influencer_202501,2025-01-28,influencer,8858.6,10525,497,32
CMP_google_ads_202501,2025-01-29,google_ads,36239.39,42679,2760,94
CMP_meta_ads_202501,2025-01-29,meta_ads,6588.7,7094,394,5
CMP_email_202501,2025-01-29,email,7233.3,50936,1514,69
CMP_affiliate_202501,2025-01-29,affiliate,42768.99,37992,2057,165
CMP_organic_social_202501,2025-01-29,organic_social,24478.1,37107,2170,248
CMP_influencer_202501,2025-01-29,influencer,10965.98,40191,2419,264
CMP_google_ads_202501,2025-01-30,google_ads,45236.45,54908,3199,165
CMP_meta_ads_202501,2025-01-30,meta_ads,36963.67,45075,3215,219
CMP_email_202501,2025-01-30,email,49386.09,48442,2291,60
CMP_affiliate_202501,2025-01-30,affiliate,39940.31,38640,1602,134
CMP_organic_social_202501,2025-01-30,organic_social,8777.6,48255,1433,118
CMP_influencer_202501,2025-01-30,influencer,17716.25,37088,1859,37
CMP_google_ads_202501,2025-01-31,google_ads,11144.49,36372,1623,99
CMP_meta_ads_202501,2025-01-31,meta_ads,5111.5,36242,1368,161
CMP_email_202501,2025-01-31,email,63761.67,34868,2687,283
CMP_affiliate_202501,2025-01-31,affiliate,7855.64,17049,1125,132
CMP_organic_social_202501,2025-01-31,organic_social,5090.89,32552,467,32
CMP_influencer_202501,2025-01-31,influencer,37986.02,47075,1762,108
CMP_google_ads_202502,2025-02-01,google_ads,41064.76,26518,2078,88
CMP_meta_ads_202502,2025-02-01,meta_ads,63620.61,42511,2783,79
CMP_email_202502,2025-02-01,email,1401.79,5636,121,10
CMP_affiliate_202502,2025-02-01,affiliate,14248.18,18464,817,65
CMP_organic_social_202502,2025-02-01,organic_social,3053.73,8923,420,10
CMP_influencer_202502,2025-02-01,influencer,16774.08,40919,2786,181
CMP_google_ads_202502,2025-02-02,google_ads,12403.32,33509,507,21
CMP_meta_ads_202502,2025-02-02,meta_ads,21166.96,49372,2194,174
CMP_email_202502,2025-02-02,email,25548.43,56852,2554,248
CMP_affiliate_202502,2025-02-02,affiliate,26569.5,47605,2138,133
CMP_organic_social_202502,2025-02-02,organic_social,26774.42,29078,1419,117
CMP_influencer_202502,2025-02-02,influencer,25051.4,23241,1006,75
CMP_google_ads_202502,2025-02-03,google_ads,4424.19,14678,936,17
CMP_meta_ads_202502,2025-02-03,meta_ads,61240.88,48941,3043,137
CMP_email_202502,2025-02-03,email,14222.02,19727,1533,62
CMP_affiliate_202502,2025-02-03,affiliate,1890.76,5709,301,20
CMP_organic_social_202502,2025-02-03,organic_social,17337.81,28978,942,18
CMP_influencer_202502,2025-02-03,influencer,45715.17,55448,3851,270
CMP_google_ads_202502,2025-02-04,google_ads,60546.51,51715,3663,235
CMP_meta_ads_202502,2025-02-04,meta_ads,54109.72,57464,2722,123
CMP_email_202502,2025-02-04,email,7454.08,9842,515,26
CMP_affiliate_202502,2025-02-04,affiliate,23251.98,39158,2579,307
CMP_organic_social_202502,2025-02-04,organic_social,18436.94,16022,752,37
CMP_influencer_202502,2025-02-04,influencer,4230.57,43368,1020,80
CMP_google_ads_202502,2025-02-05,google_ads,3349.0,13506,204,12
CMP_meta_ads_202502,2025-02-05,meta_ads,17425.57,49500,2829,327
CMP_email_202502,2025-02-05,email,30852.4,41431,2049,52
CMP_affiliate_202502,2025-02-05,affiliate,5061.34,18777,242,10
CMP_organic_social_202502,2025-02-05,organic_social,29605.01,49597,3647,359
CMP_influencer_202502,2025-02-05,influencer,738.87,3330,95,1
CMP_google_ads_202502,2025-02-06,google_ads,8173.97,6945,435,10
CMP_meta_ads_202502,2025-02-06,meta_ads,47127.44,46245,2770,244
CMP_email_202502,2025-02-06,email,4395.96,7269,188,10
CMP_affiliate_202502,2025-02-06,affiliate,9586.21,52097,733,27
CMP_organic_social_202502,2025-02-06,organic_social,6115.58,11122,344,4
CMP_influencer_202502,2025-02-06,influencer,15561.83,23048,1411,63
CMP_google_ads_202502,2025-02-07,google_ads,760.89,3290,76,6
CMP_meta_ads_202502,2025-02-07,meta_ads,2437.99,2534,153,18
CMP_email_202502,2025-02-07,email,1790.61,5922,109,10
CMP_affiliate_202502,2025-02-07,affiliate,7123.85,19657,1090,102
CMP_organic_social_202502,2025-02-07,organic_social,19705.66,28787,1961,72
CMP_influencer_202502,2025-02-07,influencer,18702.24,44072,2528,302
CMP_google_ads_202502,2025-02-08,google_ads,35816.09,24139,1440,124
CMP_meta_ads_202502,2025-02-08,meta_ads,4620.63,6728,379,43
CMP_email_202502,2025-02-08,email,56567.0,44627,2478,243
CMP_affiliate_202502,2025-02-08,affiliate,20078.78,28877,861,26
CMP_organic_social_202502,2025-02-08,organic_social,2704.37,17022,222,6
CMP_influencer_202502,2025-02-08,influencer,13293.07,34288,1437,44
CMP_google_ads_202502,2025-02-09,google_ads,51616.34,46642,3169,344
CMP_meta_ads_202502,2025-02-09,meta_ads,41172.96,39438,1705,20
CMP_email_202502,2025-02-09,email,1431.98,15690,301,29
CMP_affiliate_202502,2025-02-09,affiliate,5799.72,36198,367,15
CMP_organic_social_202502,2025-02-09,organic_social,12102.18,13218,964,71
CMP_influencer_202502,2025-02-09,influencer,23073.81,29990,2079,213
CMP_google_ads_202502,2025-02-10,google_ads,4425.31,56721,834,61
CMP_meta_ads_202502,2025-02-10,meta_ads,39861.29,47747,3750,80
CMP_email_202502,2025-02-10,email,5722.21,43868,768,31
CMP_affiliate_202502,2025-02-10,affiliate,31484.19,27503,2172,30
CMP_organic_social_202502,2025-02-10,organic_social,46523.71,56085,3100,116
CMP_influencer_202502,2025-02-10,influencer,3686.32,8279,410,38
CMP_google_ads_202502,2025-02-11,google_ads,6866.93,26724,1384,43
CMP_meta_ads_202502,2025-02-11,meta_ads,15099.19,44596,2908,289
CMP_email_202502,2025-02-11,email,18948.82,22910,1229,46
CMP_affiliate_202502,2025-02-11,affiliate,32241.97,38631,1907,156
CMP_organic_social_202502,2025-02-11,organic_social,4318.45,11192,587,19
CMP_influencer_202502,2025-02-11,influencer,46746.0,31861,2330,259
CMP_google_ads_202502,2025-02-12,google_ads,18711.13,29366,833,43
CMP_meta_ads_202502,2025-02-12,meta_ads,16121.38,36942,1014,28
CMP_email_202502,2025-02-12,email,18824.14,28158,1487,39
CMP_affiliate_202502,2025-02-12,affiliate,5964.81,9684,263,26
CMP_organic_social_202502,2025-02-12,organic_social,7902.27,30651,372,10
CMP_influencer_202502,2025-02-12,influencer,29081.64,49716,1651,184
CMP_google_ads_202502,2025-02-13,google_ads,13935.51,14826,752,76
CMP_meta_ads_202502,2025-02-13,meta_ads,59026.31,45510,2406,48
CMP_email_202502,2025-02-13,email,34276.27,29340,1995,174
CMP_affiliate_202502,2025-02-13,affiliate,7645.74,50102,762,15
CMP_organic_social_202502,2025-02-13,organic_social,55096.02,51992,3080,242
CMP_influencer_202502,2025-02-13,influencer,39658.57,42575,3018,111
CMP_google_ads_202502,2025-02-14,google_ads,46190.91,38674,2267,23
CMP_meta_ads_202502,2025-02-14,meta_ads,10723.03,9314,645,75
CMP_email_202502,2025-02-14,email,20244.16,47791,895,75
CMP_affiliate_202502,2025-02-14,affiliate,21131.82,41355,2269,50
CMP_organic_social_202502,2025-02-14,organic_social,1008.67,4910,114,5
CMP_influencer_202502,2025-02-14,influencer,30943.13,23413,1618,134
CMP_google_ads_202502,2025-02-15,google_ads,18366.38,19702,750,54
CMP_meta_ads_202502,2025-02-15,meta_ads,37205.47,32798,1561,53
CMP_email_202502,2025-02-15,email,7525.82,13791,685,79
CMP_affiliate_202502,2025-02-15,affiliate,9780.63,23125,410,35
CMP_organic_social_202502,2025-02-15,organic_social,15333.9,17139,710,52
CMP_influencer_202502,2025-02-15,influencer,32240.94,41434,2903,95
CMP_google_ads_202502,2025-02-16,google_ads,17812.73,32984,812,69
CMP_meta_ads_202502,2025-02-16,meta_ads,14556.27,22431,693,9
CMP_email_202502,2025-02-16,email,4353.74,34284,625,64
CMP_affiliate_202502,2025-02-16,affiliate,10702.08,18736,779,31
CMP_organic_social_202502,2025-02-16,organic_social,9510.8,28056,898,70
CMP_influencer_202502,2025-02-16,influencer,75674.92,58373,4397,350
CMP_google_ads_202502,2025-02-17,google_ads,20003.62,41189,2764,153
CMP_meta_ads_202502,2025-02-17,meta_ads,3259.6,22364,746,62
CMP_email_202502,2025-02-17,email,12001.93,26976,675,36
CMP_affiliate_202502,2025-02-17,affiliate,25214.61,42648,1429,26
CMP_organic_social_202502,2025-02-17,organic_social,23845.86,30587,1369,14
CMP_influencer_202502,2025-02-17,influencer,4418.39,18046,279,27
CMP_google_ads_202502,2025-02-18,google_ads,453.75,2479,82,5
CMP_meta_ads_202502,2025-02-18,meta_ads,5101.53,23205,882,55
CMP_email_202502,2025-02-18,email,3689.63,14746,291,32
CMP_affiliate_202502,2025-02-18,affiliate,15377.98,43010,2802,185
CMP_organic_social_202502,2025-02-18,organic_social,28712.64,39023,2950,338
CMP_influencer_202502,2025-02-18,influencer,6176.51,4672,280,13
CMP_google_ads_202502,2025-02-19,google_ads,72319.04,51761,3332,379
CMP_meta_ads_202502,2025-02-19,meta_ads,4130.34,6064,464,12
CMP_email_202502,2025-02-19,email,11972.45,41996,2130,110
CMP_affiliate_202502,2025-02-19,affiliate,23823.47,51085,2240,101
CMP_organic_social_202502,2025-02-19,organic_social,81892.83,53938,3831,88
CMP_influencer_202502,2025-02-19,influencer,18997.96,48412,3024,216
CMP_google_ads_202502,2025-02-20,google_ads,35148.12,53602,2113,109
CMP_meta_ads_202502,2025-02-20,meta_ads,5088.36,34835,1423,49
CMP_email_202502,2025-02-20,email,2392.3,4408,263,5
CMP_affiliate_202502,2025-02-20,affiliate,13088.41,21103,910,90
CMP_organic_social_202502,2025-02-20,organic_social,28466.56,59251,4099,150
CMP_influencer_202502,2025-02-20,influencer,23778.37,29059,1675,158
CMP_google_ads_202502,2025-02-21,google_ads,6618.97,6023,319,11
CMP_meta_ads_202502,2025-02-21,meta_ads,22090.64,19911,1046,30
CMP_email_202502,2025-02-21,email,58955.05,50306,2403,262
CMP_affiliate_202502,2025-02-21,affiliate,45929.54,52632,1971,89
CMP_organic_social_202502,2025-02-21,organic_social,17726.76,23402,1662,92
CMP_influencer_202502,2025-02-21,influencer,10038.99,46814,1373,123
CMP_google_ads_202502,2025-02-22,google_ads,5775.69,43714,504,5
CMP_meta_ads_202502,2025-02-22,meta_ads,77469.37,52484,3228,261
CMP_email_202502,2025-02-22,email,1743.25,28024,291,10
CMP_affiliate_202502,2025-02-22,affiliate,18750.73,36999,2633,30
CMP_organic_social_202502,2025-02-22,organic_social,2047.27,3232,141,7
CMP_influencer_202502,2025-02-22,influencer,9752.75,38682,2455,47
CMP_google_ads_202502,2025-02-23,google_ads,4541.63,28669,1233,105
CMP_meta_ads_202502,2025-02-23,meta_ads,69214.43,56984,2935,168
CMP_email_202502,2025-02-23,email,30625.29,27001,1232,123
CMP_affiliate_202502,2025-02-23,affiliate,7041.88,30784,1000,76
CMP_organic_social_202502,2025-02-23,organic_social,16602.21,12372,868,38
CMP_influencer_202502,2025-02-23,influencer,11324.51,40819,1452,83
CMP_google_ads_202502,2025-02-24,google_ads,43474.33,56325,4351,371
CMP_meta_ads_202502,2025-02-24,meta_ads,7497.18,50237,1077,104
CMP_email_202502,2025-02-24,email,1990.45,39685,516,19
CMP_affiliate_202502,2025-02-24,affiliate,5731.95,36712,602,47
CMP_organic_social_202502,2025-02-24,organic_social,24795.94,28428,1554,70
CMP_influencer_202502,2025-02-24,influencer,25205.86,21824,1363,35
CMP_google_ads_202502,2025-02-25,google_ads,5537.59,53523,805,9
CMP_meta_ads_202502,2025-02-25,meta_ads,1982.44,28893,488,56
CMP_email_202502,2025-02-25,email,12199.82,40786,1259,120
CMP_affiliate_202502,2025-02-25,affiliate,27317.94,38789,1153,13
CMP_organic_social_202502,2025-02-25,organic_social,18629.05,56472,2236,156
CMP_influencer_202502,2025-02-25,influencer,13547.07,47563,553,62
CMP_google_ads_202502,2025-02-26,google_ads,74163.53,51270,3947,170
CMP_meta_ads_202502,2025-02-26,meta_ads,8834.3,23632,1260,47
CMP_email_202502,2025-02-26,email,12552.33,23458,1186,80
CMP_affiliate_202502,2025-02-26,affiliate,8491.15,15818,401,47
CMP_organic_social_202502,2025-02-26,organic_social,8380.79,44376,786,69
CMP_influencer_202502,2025-02-26,influencer,64621.58,51912,3924,95
CMP_google_ads_202502,2025-02-27,google_ads,19285.15,35242,2526,275
CMP_meta_ads_202502,2025-02-27,meta_ads,14586.26,52692,1112,111
CMP_email_202502,2025-02-27,email,3523.93,18967,523,43
CMP_affiliate_202502,2025-02-27,affiliate,28066.85,50387,1448,23
CMP_organic_social_202502,2025-02-27,organic_social,55654.56,48313,2878,197
CMP_influencer_202502,2025-02-27,influencer,28006.73,43387,1142,135
CMP_google_ads_202502,2025-02-28,google_ads,6667.0,19838,307,10
CMP_meta_ads_202502,2025-02-28,meta_ads,33788.62,53326,2155,200
CMP_email_202502,2025-02-28,email,3456.48,18920,760,53
CMP_affiliate_202502,2025-02-28,affiliate,22985.56,39577,1570,105
CMP_organic_social_202502,2025-02-28,organic_social,5134.83,46530,552,59
CMP_influencer_202502,2025-02-28,influencer,19997.08,19916,896,19
CMP_google_ads_202503,2025-03-01,google_ads,12033.49,11135,491,57
CMP_meta_ads_202503,2025-03-01,meta_ads,8889.92,16498,1288,82
CMP_email_202503,2025-03-01,email,40462.17,30666,1828,185
CMP_affiliate_202503,2025-03-01,affiliate,9050.29,29710,1356,98
CMP_organic_social_202503,2025-03-01,organic_social,14869.85,22319,1165,21
CMP_influencer_202503,2025-03-01,influencer,10193.17,25829,642,31
CMP_google_ads_202503,2025-03-02,google_ads,32147.1,49091,2260,82
CMP_meta_ads_202503,2025-03-02,meta_ads,38981.1,57123,2479,121
CMP_email_202503,2025-03-02,email,5687.74,11494,828,69
CMP_affiliate_202503,2025-03-02,affiliate,19266.41,59117,1941,151
CMP_organic_social_202503,2025-03-02,organic_social,12679.99,33366,1376,124
CMP_influencer_202503,2025-03-02,influencer,7271.73,25667,920,60
CMP_google_ads_202503,2025-03-03,google_ads,4020.21,15870,1055,72
CMP_meta_ads_202503,2025-03-03,meta_ads,20444.29,36303,1585,26
CMP_email_202503,2025-03-03,email,8156.0,9202,733,42
CMP_affiliate_202503,2025-03-03,affiliate,23036.4,37660,1353,119
CMP_organic_social_202503,2025-03-03,organic_social,35556.8,21265,1483,36
CMP_influencer_202503,2025-03-03,influencer,11432.02,16375,819,63
CMP_google_ads_202503,2025-03-04,google_ads,5744.47,13426,312,10
CMP_meta_ads_202503,2025-03-04,meta_ads,9542.96,34920,1026,29
CMP_email_202503,2025-03-04,email,11102.51,24491,459,40
CMP_affiliate_202503,2025-03-04,affiliate,13170.93,59879,1103,80
CMP_organic_social_202503,2025-03-04,organic_social,23789.27,31692,2220,68
CMP_influencer_202503,2025-03-04,influencer,21895.06,42358,1061,72
CMP_google_ads_202503,2025-03-05,google_ads,2887.48,11416,151,13
CMP_meta_ads_202503,2025-03-05,meta_ads,43174.95,33014,2028,32
CMP_email_202503,2025-03-05,email,6879.65,57316,775,77
CMP_affiliate_202503,2025-03-05,affiliate,50010.95,36173,2007,59
CMP_organic_social_202503,2025-03-05,organic_social,23496.94,48458,1321,43
CMP_influencer_202503,2025-03-05,influencer,55679.48,44629,2813,270
CMP_google_ads_202503,2025-03-06,google_ads,29820.09,41813,1753,125
CMP_meta_ads_202503,2025-03-06,meta_ads,45730.4,38299,2317,266
CMP_email_202503,2025-03-06,email,11931.76,41461,1948,219
CMP_affiliate_202503,2025-03-06,affiliate,14689.06,32947,1163,35
CMP_organic_social_202503,2025-03-06,organic_social,60295.79,52190,2977,55
CMP_influencer_202503,2025-03-06,influencer,4742.25,10649,284,23
CMP_google_ads_202503,2025-03-07,google_ads,13230.14,59357,2747,278
CMP_meta_ads_202503,2025-03-07,meta_ads,34087.89,41663,2719,52
CMP_email_202503,2025-03-07,email,12094.12,27680,685,55
CMP_affiliate_202503,2025-03-07,affiliate,66069.82,49930,3967,459
CMP_organic_social_202503,2025-03-07,organic_social,25159.88,57148,2684,318
CMP_influencer_202503,2025-03-07,influencer,3310.99,7659,258,23
CMP_google_ads_202503,2025-03-08,google_ads,68123.78,55600,3864,74
CMP_meta_ads_202503,2025-03-08,meta_ads,7039.01,16107,1097,85
CMP_email_202503,2025-03-08,email,12190.1,35146,924,109
CMP_affiliate_202503,2025-03-08,affiliate,33432.41,30788,1678,179
CMP_organic_social_202503,2025-03-08,organic_social,24863.61,36943,1118,87
CMP_influencer_202503,2025-03-08,influencer,39794.08,45242,2058,119
CMP_google_ads_202503,2025-03-09,google_ads,35333.73,45960,2541,168
CMP_meta_ads_202503,2025-03-09,meta_ads,9008.42,37461,945,19
CMP_email_202503,2025-03-09,email,15552.75,18974,1225,121
CMP_affiliate_202503,2025-03-09,affiliate,8002.29,35798,1170,127
CMP_organic_social_202503,2025-03-09,organic_social,10797.45,14970,690,28
CMP_influencer_202503,2025-03-09,influencer,4929.71,16361,208,4
CMP_google_ads_202503,2025-03-10,google_ads,56784.65,49565,3240,184
CMP_meta_ads_202503,2025-03-10,meta_ads,4713.27,16913,210,21
CMP_email_202503,2025-03-10,email,16654.86,50339,1195,17
CMP_affiliate_202503,2025-03-10,affiliate,46165.99,37026,2256,98
CMP_organic_social_202503,2025-03-10,organic_social,22878.05,48665,2603,71
CMP_influencer_202503,2025-03-10,influencer,1282.9,24217,367,21
CMP_google_ads_202503,2025-03-11,google_ads,6903.34,36350,706,81
CMP_meta_ads_202503,2025-03-11,meta_ads,6363.52,45843,694,44
CMP_email_202503,2025-03-11,email,18387.43,54994,3515,241
CMP_affiliate_202503,2025-03-11,affiliate,6227.04,18523,505,8
CMP_organic_social_202503,2025-03-11,organic_social,15193.93,23721,971,26
CMP_influencer_202503,2025-03-11,influencer,28309.53,19711,1389,100
CMP_google_ads_202503,2025-03-12,google_ads,1343.21,10463,149,14
CMP_meta_ads_202503,2025-03-12,meta_ads,11936.27,59805,817,69
CMP_email_202503,2025-03-12,email,21837.77,17525,1083,26
CMP_affiliate_202503,2025-03-12,affiliate,58095.1,58909,2762,53
CMP_organic_social_202503,2025-03-12,organic_social,6727.33,35415,1631,18
CMP_influencer_202503,2025-03-12,influencer,3958.31,2417,160,2
CMP_google_ads_202503,2025-03-13,google_ads,8182.06,57108,741,55
CMP_meta_ads_202503,2025-03-13,meta_ads,54443.56,43428,2982,209
CMP_email_202503,2025-03-13,email,49490.16,53533,2247,148
CMP_affiliate_202503,2025-03-13,affiliate,9048.24,43547,1896,137
CMP_organic_social_202503,2025-03-13,organic_social,27371.97,41105,1182,40
CMP_influencer_202503,2025-03-13,influencer,24828.74,57338,2255,59
CMP_google_ads_202503,2025-03-14,google_ads,25850.03,42523,1104,24
CMP_meta_ads_202503,2025-03-14,meta_ads,6318.18,15625,293,5
CMP_email_202503,2025-03-14,email,43839.16,56223,2326,172
CMP_affiliate_202503,2025-03-14,affiliate,14209.56,45857,1329,119
CMP_organic_social_202503,2025-03-14,organic_social,2171.53,51491,680,45
CMP_influencer_202503,2025-03-14,influencer,58680.35,46091,3481,197
CMP_google_ads_202503,2025-03-15,google_ads,52955.19,56117,3502,101
CMP_meta_ads_202503,2025-03-15,meta_ads,7522.19,13992,524,39
CMP_email_202503,2025-03-15,email,16574.21,37558,2045,178
CMP_affiliate_202503,2025-03-15,affiliate,37435.17,42753,1702,46
CMP_organic_social_202503,2025-03-15,organic_social,62720.57,54766,3819,405
CMP_influencer_202503,2025-03-15,influencer,12500.32,47183,1034,122
CMP_google_ads_202503,2025-03-16,google_ads,28360.46,57472,3684,274
CMP_meta_ads_202503,2025-03-16,meta_ads,40507.86,41398,2328,253
CMP_email_202503,2025-03-16,email,5615.81,5625,299,24
CMP_affiliate_202503,2025-03-16,affiliate,10618.19,24630,486,10
CMP_organic_social_202503,2025-03-16,organic_social,41911.11,58213,3258,296
CMP_influencer_202503,2025-03-16,influencer,9615.53,36611,552,44
CMP_google_ads_202503,2025-03-17,google_ads,18257.14,56049,1705,42
CMP_meta_ads_202503,2025-03-17,meta_ads,19104.41,34828,1305,108
CMP_email_202503,2025-03-17,email,9148.2,59372,1133,48
CMP_affiliate_202503,2025-03-17,affiliate,413.54,3176,36,2
CMP_organic_social_202503,2025-03-17,organic_social,34717.06,42055,1593,88
CMP_influencer_202503,2025-03-17,influencer,9982.1,13042,642,33
CMP_google_ads_202503,2025-03-18,google_ads,6857.09,8978,652,27
CMP_meta_ads_202503,2025-03-18,meta_ads,38282.13,42767,1985,104
CMP_email_202503,2025-03-18,email,12362.62,25674,1249,128
CMP_affiliate_202503,2025-03-18,affiliate,9357.4,33127,1193,98
CMP_organic_social_202503,2025-03-18,organic_social,16427.71,18393,1200,28
CMP_influencer_202503,2025-03-18,influencer,20609.85,54350,957,87
CMP_google_ads_202503,2025-03-19,google_ads,12646.31,37738,1011,30
CMP_meta_ads_202503,2025-03-19,meta_ads,1879.5,6324,130,12
CMP_email_202503,2025-03-19,email,6573.15,18420,697,65
CMP_affiliate_202503,2025-03-19,affiliate,9064.88,11507,585,55
CMP_organic_social_202503,2025-03-19,organic_social,199.65,2207,36,0
CMP_influencer_202503,2025-03-19,influencer,10218.06,57519,823,28
CMP_google_ads_202503,2025-03-20,google_ads,3183.15,49596,546,28
CMP_meta_ads_202503,2025-03-20,meta_ads,11890.48,25327,498,6
CMP_email_202503,2025-03-20,email,22252.17,18994,1138,56
CMP_affiliate_202503,2025-03-20,affiliate,34207.82,35648,2156,105
CMP_organic_social_202503,2025-03-20,organic_social,2329.33,4560,162,6
CMP_influencer_202503,2025-03-20,influencer,22542.77,35342,1565,163
CMP_google_ads_202503,2025-03-21,google_ads,28182.24,46538,1366,122
CMP_meta_ads_202503,2025-03-21,meta_ads,97205.97,57877,3965,55
CMP_email_202503,2025-03-21,email,5918.73,7173,309,10
CMP_affiliate_202503,2025-03-21,affiliate,18075.03,50681,1237,141
CMP_organic_social_202503,2025-03-21,organic_social,55250.52,44667,3521,192
CMP_influencer_202503,2025-03-21,influencer,5182.07,24660,1532,35
CMP_google_ads_202503,2025-03-22,google_ads,31330.26,32602,1965,203
CMP_meta_ads_202503,2025-03-22,meta_ads,3769.45,5066,386,32
CMP_email_202503,2025-03-22,email,4638.29,9456,325,20
CMP_affiliate_202503,2025-03-22,affiliate,5097.87,16518,540,17
CMP_organic_social_202503,2025-03-22,organic_social,2763.6,11873,308,22
CMP_influencer_202503,2025-03-22,influencer,17247.38,32408,1429,31
CMP_google_ads_202503,2025-03-23,google_ads,54384.65,45472,3172,322
CMP_meta_ads_202503,2025-03-23,meta_ads,8299.68,28565,462,10
CMP_email_202503,2025-03-23,email,22626.84,47136,2343,109
CMP_affiliate_202503,2025-03-23,affiliate,21697.8,24594,923,94
CMP_organic_social_202503,2025-03-23,organic_social,6697.23,12533,558,57
CMP_influencer_202503,2025-03-23,influencer,7689.84,9303,342,15
CMP_google_ads_202503,2025-03-24,google_ads,9963.94,24185,522,59
CMP_meta_ads_202503,2025-03-24,meta_ads,34741.41,31858,1754,21
CMP_email_202503,2025-03-24,email,4769.68,30214,447,45
CMP_affiliate_202503,2025-03-24,affiliate,16555.52,19861,795,78
CMP_organic_social_202503,2025-03-24,organic_social,7501.53,16562,327,21
CMP_influencer_202503,2025-03-24,influencer,10034.77,18051,502,38
CMP_google_ads_202503,2025-03-25,google_ads,3754.14,10493,194,8
CMP_meta_ads_202503,2025-03-25,meta_ads,373.97,7471,75,1
CMP_email_202503,2025-03-25,email,9736.88,38928,672,42
CMP_affiliate_202503,2025-03-25,affiliate,12283.43,9551,563,24
CMP_organic_social_202503,2025-03-25,organic_social,7369.7,12432,695,18
CMP_influencer_202503,2025-03-25,influencer,25077.48,14409,1146,57
CMP_google_ads_202503,2025-03-26,google_ads,6770.33,9807,736,68
CMP_meta_ads_202503,2025-03-26,meta_ads,6948.6,10811,637,26
CMP_email_202503,2025-03-26,email,25802.33,51050,3062,111
CMP_affiliate_202503,2025-03-26,affiliate,26975.24,58097,2859,71
CMP_organic_social_202503,2025-03-26,organic_social,56455.83,50753,3005,241
CMP_influencer_202503,2025-03-26,influencer,3436.44,9664,163,15
CMP_google_ads_202503,2025-03-27,google_ads,38205.76,46077,2529,276
CMP_meta_ads_202503,2025-03-27,meta_ads,30037.2,44602,2120,171
CMP_email_202503,2025-03-27,email,15538.08,33057,824,94
CMP_affiliate_202503,2025-03-27,affiliate,4888.11,35533,439,49
CMP_organic_social_202503,2025-03-27,organic_social,12393.11,17765,497,53
CMP_influencer_202503,2025-03-27,influencer,52427.59,43490,2801,222
CMP_google_ads_202503,2025-03-28,google_ads,25488.13,17563,1027,36
CMP_meta_ads_202503,2025-03-28,meta_ads,7918.2,10669,780,27
CMP_email_202503,2025-03-28,email,8620.71,30474,2106,217
CMP_affiliate_202503,2025-03-28,affiliate,17395.52,36610,2860,314
CMP_organic_social_202503,2025-03-28,organic_social,5440.75,14057,230,9
CMP_influencer_202503,2025-03-28,influencer,5664.4,7803,531,20
CMP_google_ads_202503,2025-03-29,google_ads,10660.79,10382,484,8
CMP_meta_ads_202503,2025-03-29,meta_ads,29746.69,37552,1804,203
CMP_email_202503,2025-03-29,email,17338.91,38488,1245,51
CMP_affiliate_202503,2025-03-29,affiliate,16191.92,56848,1201,13
CMP_organic_social_202503,2025-03-29,organic_social,5761.67,8452,344,26
CMP_influencer_202503,2025-03-29,influencer,27692.24,58061,2956,133
CMP_google_ads_202503,2025-03-30,google_ads,15854.02,40819,914,31
CMP_meta_ads_202503,2025-03-30,meta_ads,9776.86,27825,547,24
CMP_email_202503,2025-03-30,email,30416.42,43005,2622,123
CMP_affiliate_202503,2025-03-30,affiliate,9685.33,22816,527,55
CMP_organic_social_202503,2025-03-30,organic_social,16127.71,9341,676,67
CMP_influencer_202503,2025-03-30,influencer,37170.45,33341,1545,39
CMP_google_ads_202503,2025-03-31,google_ads,24003.95,26724,994,57
CMP_meta_ads_202503,2025-03-31,meta_ads,5929.1,15459,446,38
CMP_email_202503,2025-03-31,email,3578.12,2825,206,14
CMP_affiliate_202503,2025-03-31,affiliate,6778.79,7761,611,56
CMP_organic_social_202503,2025-03-31,organic_social,28759.57,46839,3324,187
CMP_influencer_202503,2025-03-31,influencer,1593.32,13463,331,27
CMP_google_ads_202504,2025-04-01,google_ads,10271.32,24793,984,35
CMP_meta_ads_202504,2025-04-01,meta_ads,10724.74,21925,1278,152
CMP_email_202504,2025-04-01,email,6742.21,40705,1015,52
CMP_affiliate_202504,2025-04-01,affiliate,11655.49,5991,478,56
CMP_organic_social_202504,2025-04-01,organic_social,23788.19,33107,1805,130
CMP_influencer_202504,2025-04-01,influencer,10666.21,50996,602,10
CMP_google_ads_202504,2025-04-02,google_ads,63394.76,54911,2675,141
CMP_meta_ads_202504,2025-04-02,meta_ads,848.98,3491,76,7
CMP_email_202504,2025-04-02,email,1359.57,2330,110,7
CMP_affiliate_202504,2025-04-02,affiliate,75538.3,55226,3865,147
CMP_organic_social_202504,2025-04-02,organic_social,15586.55,26894,1378,160
CMP_influencer_202504,2025-04-02,influencer,4695.03,25810,423,21
CMP_google_ads_202504,2025-04-03,google_ads,12541.61,36257,2553,103
CMP_meta_ads_202504,2025-04-03,meta_ads,16424.34,34446,1332,76
CMP_email_202504,2025-04-03,email,24659.89,33438,1502,140
CMP_affiliate_202504,2025-04-03,affiliate,50862.84,46920,2659,223
CMP_organic_social_202504,2025-04-03,organic_social,9005.23,25883,1359,118
CMP_influencer_202504,2025-04-03,influencer,13092.77,36310,854,98
CMP_google_ads_202504,2025-04-04,google_ads,17418.35,18983,1280,98
CMP_meta_ads_202504,2025-04-04,meta_ads,8999.58,49499,579,64
CMP_email_202504,2025-04-04,email,2713.54,13679,405,28
CMP_affiliate_202504,2025-04-04,affiliate,5822.32,19398,878,76
CMP_organic_social_202504,2025-04-04,organic_social,8004.1,11680,664,72
CMP_influencer_202504,2025-04-04,influencer,17261.62,14193,887,82
CMP_google_ads_202504,2025-04-05,google_ads,41131.13,38333,2775,53
CMP_meta_ads_202504,2025-04-05,meta_ads,17634.76,15855,827,59
CMP_email_202504,2025-04-05,email,7137.73,14171,529,26
CMP_affiliate_202504,2025-04-05,affiliate,11516.13,27175,801,91
CMP_organic_social_202504,2025-04-05,organic_social,16882.62,36797,972,27
CMP_influencer_202504,2025-04-05,influencer,67450.01,44379,3030,296
CMP_google_ads_202504,2025-04-06,google_ads,10646.2,21918,1327,79
CMP_meta_ads_202504,2025-04-06,meta_ads,49900.48,43137,2149,52
CMP_email_202504,2025-04-06,email,28687.33,49070,1659,123
CMP_affiliate_202504,2025-04-06,affiliate,3605.7,10188,535,28
CMP_organic_social_202504,2025-04-06,organic_social,57347.14,37290,2529,249
CMP_influencer_202504,2025-04-06,influencer,13930.53,7677,573,38
CMP_google_ads_202504,2025-04-07,google_ads,18488.58,42335,1438,16
CMP_meta_ads_202504,2025-04-07,meta_ads,11989.26,12676,651,77
CMP_email_202504,2025-04-07,email,45130.72,44339,3047,194
CMP_affiliate_202504,2025-04-07,affiliate,26086.3,25416,1241,44
CMP_organic_social_202504,2025-04-07,organic_social,5316.82,35508,437,41
CMP_influencer_202504,2025-04-07,influencer,51406.0,53504,3056,267
CMP_google_ads_202504,2025-04-08,google_ads,27677.98,40224,2549,29
CMP_meta_ads_202504,2025-04-08,meta_ads,8643.91,41460,1089,107
CMP_email_202504,2025-04-08,email,4171.64,44212,690,76
CMP_affiliate_202504,2025-04-08,affiliate,11289.62,16227,698,33
CMP_organic_social_202504,2025-04-08,organic_social,18160.22,56148,1012,64
CMP_influencer_202504,2025-04-08,influencer,22922.28,35924,961,30
CMP_google_ads_202504,2025-04-09,google_ads,28999.03,54494,3053,225
CMP_meta_ads_202504,2025-04-09,meta_ads,17795.72,35234,758,11
CMP_email_202504,2025-04-09,email,39583.25,54184,2483,270
CMP_affiliate_202504,2025-04-09,affiliate,17736.26,56966,2060,67
CMP_organic_social_202504,2025-04-09,organic_social,39750.48,44162,3022,190
CMP_influencer_202504,2025-04-09,influencer,32229.73,17889,1377,145
CMP_google_ads_202504,2025-04-10,google_ads,10753.65,24137,716,56
CMP_meta_ads_202504,2025-04-10,meta_ads,22557.36,27903,1205,137
CMP_email_202504,2025-04-10,email,13146.52,35639,553,41
CMP_affiliate_202504,2025-04-10,affiliate,22395.39,53224,3680,61
CMP_organic_social_202504,2025-04-10,organic_social,18528.24,33485,1955,189
CMP_influencer_202504,2025-04-10,influencer,39390.4,26264,1768,43
CMP_google_ads_202504,2025-04-11,google_ads,10259.67,9497,445,8
CMP_meta_ads_202504,2025-04-11,meta_ads,51040.6,35409,2116,237
CMP_email_202504,2025-04-11,email,13910.42,28992,748,34
CMP_affiliate_202504,2025-04-11,affiliate,45136.52,39564,1927,72
CMP_organic_social_202504,2025-04-11,organic_social,45552.46,47757,1978,158
CMP_influencer_202504,2025-04-11,influencer,5574.52,23583,275,27
CMP_google_ads_202504,2025-04-12,google_ads,21629.58,27716,2163,130
CMP_meta_ads_202504,2025-04-12,meta_ads,13069.89,21271,529,16
CMP_email_202504,2025-04-12,email,8477.04,15580,641,54
CMP_affiliate_202504,2025-04-12,affiliate,74500.99,49025,3178,189
CMP_organic_social_202504,2025-04-12,organic_social,89102.59,47860,3807,232
CMP_influencer_202504,2025-04-12,influencer,10899.31,29202,953,47
CMP_google_ads_202504,2025-04-13,google_ads,17138.34,51351,864,94
CMP_meta_ads_202504,2025-04-13,meta_ads,40894.31,58288,2989,247
CMP_email_202504,2025-04-13,email,44492.51,58045,3911,246
CMP_affiliate_202504,2025-04-13,affiliate,22074.36,21181,1281,50
CMP_organic_social_202504,2025-04-13,organic_social,44167.61,51417,3975,358
CMP_influencer_202504,2025-04-13,influencer,395.45,7760,86,5
CMP_google_ads_202504,2025-04-14,google_ads,1394.39,4714,65,7
CMP_meta_ads_202504,2025-04-14,meta_ads,6850.71,9523,295,14
CMP_email_202504,2025-04-14,email,15627.76,53784,3744,282
CMP_affiliate_202504,2025-04-14,affiliate,1818.01,10689,273,24
CMP_organic_social_202504,2025-04-14,organic_social,14229.13,34885,2400,124
CMP_influencer_202504,2025-04-14,influencer,2247.57,9064,237,14
CMP_google_ads_202504,2025-04-15,google_ads,102126.51,57138,4153,140
CMP_meta_ads_202504,2025-04-15,meta_ads,17112.23,38570,762,62
CMP_email_202504,2025-04-15,email,14575.48,37833,2890,242
CMP_affiliate_202504,2025-04-15,affiliate,43225.95,41868,2757,307
CMP_organic_social_202504,2025-04-15,organic_social,18014.34,10953,779,93
CMP_influencer_202504,2025-04-15,influencer,11173.87,37996,657,74
CMP_google_ads_202504,2025-04-16,google_ads,4575.42,59945,1247,103
CMP_meta_ads_202504,2025-04-16,meta_ads,18694.2,49328,1454,62
CMP_email_202504,2025-04-16,email,30737.85,37169,1976,82
CMP_affiliate_202504,2025-04-16,affiliate,8287.36,9279,584,45
CMP_organic_social_202504,2025-04-16,organic_social,47958.52,53473,2405,122
CMP_influencer_202504,2025-04-16,influencer,11603.5,13379,605,21
CMP_google_ads_202504,2025-04-17,google_ads,18338.0,43470,3027,307
CMP_meta_ads_202504,2025-04-17,meta_ads,30412.66,38101,2392,160
CMP_email_202504,2025-04-17,email,42126.17,56663,3129,286
CMP_affiliate_202504,2025-04-17,affiliate,7763.24,24374,655,19
CMP_organic_social_202504,2025-04-17,organic_social,18457.8,41140,1129,105
CMP_influencer_202504,2025-04-17,influencer,9734.38,30790,876,74
CMP_google_ads_202504,2025-04-18,google_ads,16127.27,59582,892,69
CMP_meta_ads_202504,2025-04-18,meta_ads,12075.4,43721,844,58
CMP_email_202504,2025-04-18,email,3176.78,11240,750,39
CMP_affiliate_202504,2025-04-18,affiliate,7589.28,37460,1104,64
CMP_organic_social_202504,2025-04-18,organic_social,13174.93,36388,847,75
CMP_influencer_202504,2025-04-18,influencer,12613.06,33734,1987,200
CMP_google_ads_202504,2025-04-19,google_ads,33673.73,41760,2271,90
CMP_meta_ads_202504,2025-04-19,meta_ads,18735.97,18384,1446,19
CMP_email_202504,2025-04-19,email,59348.2,53728,3940,88
CMP_affiliate_202504,2025-04-19,affiliate,6274.4,54119,1840,164
CMP_organic_social_202504,2025-04-19,organic_social,19955.3,34779,1276,73
CMP_influencer_202504,2025-04-19,influencer,14031.0,16812,1173,102
CMP_google_ads_202504,2025-04-20,google_ads,11261.63,31754,749,50
CMP_meta_ads_202504,2025-04-20,meta_ads,6444.21,30501,890,95
CMP_email_202504,2025-04-20,email,6269.79,8291,254,4
CMP_affiliate_202504,2025-04-20,affiliate,1770.71,8806,342,25
CMP_organic_social_202504,2025-04-20,organic_social,1184.0,6158,177,3
CMP_influencer_202504,2025-04-20,influencer,7532.8,28494,919,101
CMP_google_ads_202504,2025-04-21,google_ads,35683.44,23816,1634,168
CMP_meta_ads_202504,2025-04-21,meta_ads,15863.58,28997,1676,42
CMP_email_202504,2025-04-21,email,3219.11,4494,131,9
CMP_affiliate_202504,2025-04-21,affiliate,21610.23,52427,4157,386
CMP_organic_social_202504,2025-04-21,organic_social,25378.81,51457,1078,74
CMP_influencer_202504,2025-04-21,influencer,16374.7,47966,935,95
CMP_google_ads_202504,2025-04-22,google_ads,16836.71,52454,840,55
CMP_meta_ads_202504,2025-04-22,meta_ads,30541.8,58066,1750,74
CMP_email_202504,2025-04-22,email,36271.28,34702,2355,48
CMP_affiliate_202504,2025-04-22,affiliate,11110.61,32186,1132,108
CMP_organic_social_202504,2025-04-22,organic_social,6016.5,18836,271,6
CMP_influencer_202504,2025-04-22,influencer,16294.38,39837,1674,108
CMP_google_ads_202504,2025-04-23,google_ads,16866.17,39996,1166,59
CMP_meta_ads_202504,2025-04-23,meta_ads,24619.89,26713,2088,175
CMP_email_202504,2025-04-23,email,28477.02,53048,3409,202
CMP_affiliate_202504,2025-04-23,affiliate,16232.37,43625,1427,125
CMP_organic_social_202504,2025-04-23,organic_social,61787.37,51044,3630,319
CMP_influencer_202504,2025-04-23,influencer,15787.33,20466,650,44
CMP_google_ads_202504,2025-04-24,google_ads,13618.35,22323,1033,109
CMP_meta_ads_202504,2025-04-24,meta_ads,27704.82,40219,2995,261
CMP_email_202504,2025-04-24,email,24739.48,46241,2003,117
CMP_affiliate_202504,2025-04-24,affiliate,14019.44,34322,1025,54
CMP_organic_social_202504,2025-04-24,organic_social,71480.29,52602,2937,135
CMP_influencer_202504,2025-04-24,influencer,968.89,9356,264,5
CMP_google_ads_202504,2025-04-25,google_ads,32474.19,34707,1723,56
CMP_meta_ads_202504,2025-04-25,meta_ads,7999.78,51941,832,14
CMP_email_202504,2025-04-25,email,3553.2,14023,337,12
CMP_affiliate_202504,2025-04-25,affiliate,22701.49,50221,3961,258
CMP_organic_social_202504,2025-04-25,organic_social,15287.89,24911,1340,116
CMP_influencer_202504,2025-04-25,influencer,1060.65,9463,251,19
CMP_google_ads_202504,2025-04-26,google_ads,9827.09,30472,491,52
CMP_meta_ads_202504,2025-04-26,meta_ads,33894.61,53790,4073,320
CMP_email_202504,2025-04-26,email,15151.85,16218,610,21
CMP_affiliate_202504,2025-04-26,affiliate,67539.93,56972,3921,363
CMP_organic_social_202504,2025-04-26,organic_social,7595.64,42996,2001,216
CMP_influencer_202504,2025-04-26,influencer,10205.54,16605,1185,61
CMP_google_ads_202504,2025-04-27,google_ads,7823.45,20207,1594,78
CMP_meta_ads_202504,2025-04-27,meta_ads,4450.25,15249,365,42
CMP_email_202504,2025-04-27,email,10590.4,26697,668,17
CMP_affiliate_202504,2025-04-27,affiliate,941.17,2059,54,0
CMP_organic_social_202504,2025-04-27,organic_social,1139.24,8790,118,11
CMP_influencer_202504,2025-04-27,influencer,17021.75,50885,3875,277
CMP_google_ads_202504,2025-04-28,google_ads,12231.01,29717,869,54
CMP_meta_ads_202504,2025-04-28,meta_ads,19704.03,27688,1696,26
CMP_email_202504,2025-04-28,email,4097.12,5946,364,43
CMP_affiliate_202504,2025-04-28,affiliate,14994.1,25082,1800,143
CMP_organic_social_202504,2025-04-28,organic_social,15259.58,50584,2128,160
CMP_influencer_202504,2025-04-28,influencer,77371.92,59729,4626,438
CMP_google_ads_202504,2025-04-29,google_ads,1404.11,5697,390,4
CMP_meta_ads_202504,2025-04-29,meta_ads,5961.59,11767,430,45
CMP_email_202504,2025-04-29,email,10282.73,41432,2419,132
CMP_affiliate_202504,2025-04-29,affiliate,17492.75,23868,754,17
CMP_organic_social_202504,2025-04-29,organic_social,15672.29,27898,2011,125
CMP_influencer_202504,2025-04-29,influencer,68330.47,39947,3082,167
CMP_google_ads_202504,2025-04-30,google_ads,2875.97,12628,362,23
CMP_meta_ads_202504,2025-04-30,meta_ads,24185.13,48273,3432,36
CMP_email_202504,2025-04-30,email,28548.6,26519,1348,155
CMP_affiliate_202504,2025-04-30,affiliate,9109.52,8950,499,25
CMP_organic_social_202504,2025-04-30,organic_social,3743.66,37479,964,34
CMP_influencer_202504,2025-04-30,influencer,19034.38,32623,874,58
CMP_google_ads_202505,2025-05-01,google_ads,12841.96,13465,526,33
CMP_meta_ads_202505,2025-05-01,meta_ads,2761.77,4892,323,29
CMP_email_202505,2025-05-01,email,6077.28,25252,534,47
CMP_affiliate_202505,2025-05-01,affiliate,17992.32,35760,1734,167
CMP_organic_social_202505,2025-05-01,organic_social,37001.83,21008,1539,113
CMP_influencer_202505,2025-05-01,influencer,1409.37,20682,351,41
CMP_google_ads_202505,2025-05-02,google_ads,36241.32,45388,3356,203
CMP_meta_ads_202505,2025-05-02,meta_ads,24445.69,40777,1526,167
CMP_email_202505,2025-05-02,email,10630.88,41567,1239,24
CMP_affiliate_202505,2025-05-02,affiliate,13136.41,56850,1630,21
CMP_organic_social_202505,2025-05-02,organic_social,16684.99,50925,940,90
CMP_influencer_202505,2025-05-02,influencer,27539.98,48339,1680,186
CMP_google_ads_202505,2025-05-03,google_ads,8628.69,24292,1802,80
CMP_meta_ads_202505,2025-05-03,meta_ads,24154.11,29586,2155,103
CMP_email_202505,2025-05-03,email,25902.86,40373,1130,114
CMP_affiliate_202505,2025-05-03,affiliate,3486.74,42289,577,13
CMP_organic_social_202505,2025-05-03,organic_social,19378.34,14600,954,10
CMP_influencer_202505,2025-05-03,influencer,3034.93,10183,122,10
CMP_google_ads_202505,2025-05-04,google_ads,8151.57,28501,529,11
CMP_meta_ads_202505,2025-05-04,meta_ads,41542.81,58572,3078,365
CMP_email_202505,2025-05-04,email,26133.85,16733,1155,38
CMP_affiliate_202505,2025-05-04,affiliate,996.67,3236,96,5
CMP_organic_social_202505,2025-05-04,organic_social,4138.1,8410,431,4
CMP_influencer_202505,2025-05-04,influencer,15267.32,18756,1147,49
CMP_google_ads_202505,2025-05-05,google_ads,25181.43,14625,1025,99
CMP_meta_ads_202505,2025-05-05,meta_ads,10669.17,45393,727,70
CMP_email_202505,2025-05-05,email,71548.18,59523,3431,65
CMP_affiliate_202505,2025-05-05,affiliate,3333.51,8228,421,30
CMP_organic_social_202505,2025-05-05,organic_social,29102.71,34003,1698,183
CMP_influencer_202505,2025-05-05,influencer,5338.57,4532,250,16
CMP_google_ads_202505,2025-05-06,google_ads,13979.94,21634,897,99
CMP_meta_ads_202505,2025-05-06,meta_ads,25806.67,42321,2140,104
CMP_email_202505,2025-05-06,email,17061.35,48023,1138,54
CMP_affiliate_202505,2025-05-06,affiliate,22332.3,18582,972,101
CMP_organic_social_202505,2025-05-06,organic_social,32937.79,48298,1421,108
CMP_influencer_202505,2025-05-06,influencer,26285.18,33062,1253,69
CMP_google_ads_202505,2025-05-07,google_ads,18303.55,43101,3317,274
CMP_meta_ads_202505,2025-05-07,meta_ads,18245.91,36829,1391,106
CMP_email_202505,2025-05-07,email,17884.08,31442,1082,69
CMP_affiliate_202505,2025-05-07,affiliate,38706.03,43139,2699,49
CMP_organic_social_202505,2025-05-07,organic_social,10568.7,32375,1065,120
CMP_influencer_202505,2025-05-07,influencer,5773.22,38737,1234,114
CMP_google_ads_202505,2025-05-08,google_ads,8553.78,33927,725,17
CMP_meta_ads_202505,2025-05-08,meta_ads,12982.2,41607,2188,176
CMP_email_202505,2025-05-08,email,24892.2,34838,1970,31
CMP_affiliate_202505,2025-05-08,affiliate,15189.23,32782,609,13
CMP_organic_social_202505,2025-05-08,organic_social,10618.27,19683,757,65
CMP_influencer_202505,2025-05-08,influencer,9309.8,41727,1149,103
CMP_google_ads_202505,2025-05-09,google_ads,2350.01,6383,206,22
CMP_meta_ads_202505,2025-05-09,meta_ads,5005.82,5259,411,37
CMP_email_202505,2025-05-09,email,8965.61,9396,669,17
CMP_affiliate_202505,2025-05-09,affiliate,7623.86,19656,685,9
CMP_organic_social_202505,2025-05-09,organic_social,38501.28,31449,1658,82
CMP_influencer_202505,2025-05-09,influencer,3554.25,11720,286,15
CMP_google_ads_202505,2025-05-10,google_ads,44018.81,54244,1854,199
CMP_meta_ads_202505,2025-05-10,meta_ads,27588.13,31716,1619,127
CMP_email_202505,2025-05-10,email,33959.69,27332,1947,154
CMP_affiliate_202505,2025-05-10,affiliate,26340.42,54060,2636,289
CMP_organic_social_202505,2025-05-10,organic_social,9312.23,50375,1815,169
CMP_influencer_202505,2025-05-10,influencer,14928.04,54773,981,31
CMP_google_ads_202505,2025-05-11,google_ads,32415.76,28530,1358,132
CMP_meta_ads_202505,2025-05-11,meta_ads,11385.07,13980,726,24
CMP_email_202505,2025-05-11,email,14842.52,26137,1787,27
CMP_affiliate_202505,2025-05-11,affiliate,3998.01,20759,452,45
CMP_organic_social_202505,2025-05-11,organic_social,31706.54,30653,1324,89
CMP_influencer_202505,2025-05-11,influencer,5379.89,6128,288,21
CMP_google_ads_202505,2025-05-12,google_ads,51785.13,57043,4529,326
CMP_meta_ads_202505,2025-05-12,meta_ads,5629.14,31150,502,8
CMP_email_202505,2025-05-12,email,49108.18,37747,2308,108
CMP_affiliate_202505,2025-05-12,affiliate,10598.79,14663,953,111
CMP_organic_social_202505,2025-05-12,organic_social,11365.01,57005,1309,69
CMP_influencer_202505,2025-05-12,influencer,56686.49,58746,4287,407
CMP_google_ads_202505,2025-05-13,google_ads,7211.61,19226,496,36
CMP_meta_ads_202505,2025-05-13,meta_ads,4938.91,10667,294,20
CMP_email_202505,2025-05-13,email,23856.03,25406,1982,60
CMP_affiliate_202505,2025-05-13,affiliate,5951.43,36040,403,17
CMP_organic_social_202505,2025-05-13,organic_social,21755.73,55519,1945,151
CMP_influencer_202505,2025-05-13,influencer,1171.53,6936,280,25
CMP_google_ads_202505,2025-05-14,google_ads,2848.87,26755,306,22
CMP_meta_ads_202505,2025-05-14,meta_ads,21403.24,54373,2525,47
CMP_email_202505,2025-05-14,email,40479.07,56983,2259,137
CMP_affiliate_202505,2025-05-14,affiliate,7851.44,16092,820,42
CMP_organic_social_202505,2025-05-14,organic_social,5974.61,55916,690,20
CMP_influencer_202505,2025-05-14,influencer,18345.48,43510,1236,84
CMP_google_ads_202505,2025-05-15,google_ads,1136.7,5070,87,2
CMP_meta_ads_202505,2025-05-15,meta_ads,25915.73,35439,2534,174
CMP_email_202505,2025-05-15,email,72889.14,52689,2992,246
CMP_affiliate_202505,2025-05-15,affiliate,27699.61,57795,2364,149
CMP_organic_social_202505,2025-05-15,organic_social,50146.43,46100,3105,369
CMP_influencer_202505,2025-05-15,influencer,862.2,3743,41,0
CMP_google_ads_202505,2025-05-16,google_ads,44937.23,40276,2847,115
CMP_meta_ads_202505,2025-05-16,meta_ads,11092.97,55894,2321,201
CMP_email_202505,2025-05-16,email,17480.11,58022,4366,425
CMP_affiliate_202505,2025-05-16,affiliate,20140.44,32573,1888,102
CMP_organic_social_202505,2025-05-16,organic_social,2702.8,5793,401,5
CMP_influencer_202505,2025-05-16,influencer,22394.9,57501,1132,30
CMP_google_ads_202505,2025-05-17,google_ads,7439.01,16759,336,30
CMP_meta_ads_202505,2025-05-17,meta_ads,7322.58,46736,649,41
CMP_email_202505,2025-05-17,email,25884.8,39060,1617,136
CMP_affiliate_202505,2025-05-17,affiliate,56272.4,37251,2559,137
CMP_organic_social_202505,2025-05-17,organic_social,15915.99,51813,1921,126
CMP_influencer_202505,2025-05-17,influencer,3381.3,12175,296,4
CMP_google_ads_202505,2025-05-18,google_ads,4169.05,19534,314,18
CMP_meta_ads_202505,2025-05-18,meta_ads,16808.79,46272,1334,139
CMP_email_202505,2025-05-18,email,7472.67,24023,1656,53
CMP_affiliate_202505,2025-05-18,affiliate,12453.93,31697,1425,25
CMP_organic_social_202505,2025-05-18,organic_social,40057.38,58254,2378,135
CMP_influencer_202505,2025-05-18,influencer,7017.97,10987,361,31
CMP_google_ads_202505,2025-05-19,google_ads,3391.45,15933,217,20
CMP_meta_ads_202505,2025-05-19,meta_ads,3255.85,8694,303,29
CMP_email_202505,2025-05-19,email,7685.28,8912,324,21
CMP_affiliate_202505,2025-05-19,affiliate,34096.46,59940,4705,368
CMP_organic_social_202505,2025-05-19,organic_social,8750.03,6379,377,9
CMP_influencer_202505,2025-05-19,influencer,50520.19,59472,2621,275
CMP_google_ads_202505,2025-05-20,google_ads,52892.73,36939,2847,246
CMP_meta_ads_202505,2025-05-20,meta_ads,10578.99,39460,1494,97
CMP_email_202505,2025-05-20,email,8715.74,18304,707,55
CMP_affiliate_202505,2025-05-20,affiliate,18237.96,17790,775,81
CMP_organic_social_202505,2025-05-20,organic_social,28159.98,31745,2487,101
CMP_influencer_202505,2025-05-20,influencer,13591.41,44905,1019,94
CMP_google_ads_202505,2025-05-21,google_ads,1790.12,4387,98,1
CMP_meta_ads_202505,2025-05-21,meta_ads,2811.05,9365,243,12
CMP_email_202505,2025-05-21,email,17008.25,51260,2784,217
CMP_affiliate_202505,2025-05-21,affiliate,53148.73,42237,2557,74
CMP_organic_social_202505,2025-05-21,organic_social,3697.0,12999,564,38
CMP_influencer_202505,2025-05-21,influencer,3664.59,3532,248,2
CMP_google_ads_202505,2025-05-22,google_ads,17424.92,9260,708,16
CMP_meta_ads_202505,2025-05-22,meta_ads,19512.69,26743,1859,86
CMP_email_202505,2025-05-22,email,3362.02,9399,370,7
CMP_affiliate_202505,2025-05-22,affiliate,15609.23,17060,906,47
CMP_organic_social_202505,2025-05-22,organic_social,19830.96,19550,1518,93
CMP_influencer_202505,2025-05-22,influencer,3901.38,14602,277,24
CMP_google_ads_202505,2025-05-23,google_ads,3695.0,41652,465,11
CMP_meta_ads_202505,2025-05-23,meta_ads,54777.69,39031,3106,200
CMP_email_202505,2025-05-23,email,5576.06,5223,260,19
CMP_affiliate_202505,2025-05-23,affiliate,8511.76,36700,1141,68
CMP_organic_social_202505,2025-05-23,organic_social,8117.38,35605,1735,83
CMP_influencer_202505,2025-05-23,influencer,3664.11,32641,1204,83
CMP_google_ads_202505,2025-05-24,google_ads,40268.22,51889,3158,36
CMP_meta_ads_202505,2025-05-24,meta_ads,9819.05,23609,589,55
CMP_email_202505,2025-05-24,email,6591.28,46522,727,69
CMP_affiliate_202505,2025-05-24,affiliate,22907.17,24337,1593,31
CMP_organic_social_202505,2025-05-24,organic_social,15663.55,38741,643,49
CMP_influencer_202505,2025-05-24,influencer,15788.62,55808,2018,38
CMP_google_ads_202505,2025-05-25,google_ads,60251.76,53289,2512,232
CMP_meta_ads_202505,2025-05-25,meta_ads,20120.31,36384,1087,66
CMP_email_202505,2025-05-25,email,48008.52,40040,2011,159
CMP_affiliate_202505,2025-05-25,affiliate,9278.32,16684,573,9
CMP_organic_social_202505,2025-05-25,organic_social,12624.97,33048,2275,267
CMP_influencer_202505,2025-05-25,influencer,17558.12,23420,803,40
CMP_google_ads_202505,2025-05-26,google_ads,25585.93,26610,1708,111
CMP_meta_ads_202505,2025-05-26,meta_ads,1404.48,3692,107,10
CMP_email_202505,2025-05-26,email,10586.91,38925,2214,132
CMP_affiliate_202505,2025-05-26,affiliate,13127.08,36723,1409,23
CMP_organic_social_202505,2025-05-26,organic_social,21964.61,57636,2399,240
CMP_influencer_202505,2025-05-26,influencer,19956.8,29996,1437,96
CMP_google_ads_202505,2025-05-27,google_ads,25551.55,42674,2099,67
CMP_meta_ads_202505,2025-05-27,meta_ads,3235.77,28590,1024,109
CMP_email_202505,2025-05-27,email,32211.87,34474,1295,96
CMP_affiliate_202505,2025-05-27,affiliate,31898.94,40993,1914,177
CMP_organic_social_202505,2025-05-27,organic_social,6578.92,46963,471,26
CMP_influencer_202505,2025-05-27,influencer,4352.47,17605,365,36
CMP_google_ads_202505,2025-05-28,google_ads,6349.58,26111,1999,97
CMP_meta_ads_202505,2025-05-28,meta_ads,15493.65,13484,759,51
CMP_email_202505,2025-05-28,email,10754.76,12290,648,14
CMP_affiliate_202505,2025-05-28,affiliate,27189.03,46841,1089,96
CMP_organic_social_202505,2025-05-28,organic_social,8081.14,25998,333,24
CMP_influencer_202505,2025-05-28,influencer,3526.39,16135,323,26
CMP_google_ads_202505,2025-05-29,google_ads,29091.89,46098,1785,181
CMP_meta_ads_202505,2025-05-29,meta_ads,6462.54,30437,850,39
CMP_email_202505,2025-05-29,email,95570.61,54010,4292,427
CMP_affiliate_202505,2025-05-29,affiliate,27505.06,48274,2442,130
CMP_organic_social_202505,2025-05-29,organic_social,457.65,4521,87,5
CMP_influencer_202505,2025-05-29,influencer,17894.99,41740,1489,45
CMP_google_ads_202505,2025-05-30,google_ads,2870.54,5305,278,27
CMP_meta_ads_202505,2025-05-30,meta_ads,7941.73,16502,454,43
CMP_email_202505,2025-05-30,email,3862.03,12291,246,20
CMP_affiliate_202505,2025-05-30,affiliate,11991.32,34796,1556,144
CMP_organic_social_202505,2025-05-30,organic_social,14212.16,16282,743,8
CMP_influencer_202505,2025-05-30,influencer,31017.73,40752,1532,147
CMP_google_ads_202505,2025-05-31,google_ads,26433.61,20911,1213,135
CMP_meta_ads_202505,2025-05-31,meta_ads,5107.22,13442,1003,58
CMP_email_202505,2025-05-31,email,44987.81,43553,3164,267
CMP_affiliate_202505,2025-05-31,affiliate,34122.01,55019,1825,100
CMP_organic_social_202505,2025-05-31,organic_social,17336.03,56257,3015,240
CMP_influencer_202505,2025-05-31,influencer,13275.21,22554,1106,32
CMP_google_ads_202506,2025-06-01,google_ads,18572.88,57622,4126,259
CMP_meta_ads_202506,2025-06-01,meta_ads,14408.1,21420,1677,134
CMP_email_202506,2025-06-01,email,1903.41,3969,169,7
CMP_affiliate_202506,2025-06-01,affiliate,58268.07,50616,2502,186
CMP_organic_social_202506,2025-06-01,organic_social,3784.54,7036,453,14
CMP_influencer_202506,2025-06-01,influencer,14919.06,47970,2066,103
CMP_google_ads_202506,2025-06-02,google_ads,4664.27,21388,451,25
CMP_meta_ads_202506,2025-06-02,meta_ads,31919.39,46122,1698,151
CMP_email_202506,2025-06-02,email,21754.45,16482,1226,126
CMP_affiliate_202506,2025-06-02,affiliate,17113.66,36632,806,37
CMP_organic_social_202506,2025-06-02,organic_social,4125.32,37556,412,16
CMP_influencer_202506,2025-06-02,influencer,9923.05,8241,432,10
CMP_google_ads_202506,2025-06-03,google_ads,6424.88,16055,772,82
CMP_meta_ads_202506,2025-06-03,meta_ads,9676.76,48237,906,53
CMP_email_202506,2025-06-03,email,7959.16,16035,1255,144
CMP_affiliate_202506,2025-06-03,affiliate,64731.93,47419,2942,327
CMP_organic_social_202506,2025-06-03,organic_social,60427.39,46953,2956,81
CMP_influencer_202506,2025-06-03,influencer,41846.7,59866,3600,314
CMP_google_ads_202506,2025-06-04,google_ads,24749.79,19141,1126,107
CMP_meta_ads_202506,2025-06-04,meta_ads,45219.01,46054,2876,211
CMP_email_202506,2025-06-04,email,25462.38,56024,2846,236
CMP_affiliate_202506,2025-06-04,affiliate,3930.29,3493,244,28
CMP_organic_social_202506,2025-06-04,organic_social,13569.93,57400,2729,61
CMP_influencer_202506,2025-06-04,influencer,9585.75,25091,747,89
CMP_google_ads_202506,2025-06-05,google_ads,3167.48,24021,921,102
CMP_meta_ads_202506,2025-06-05,meta_ads,10947.47,31460,1637,20
CMP_email_202506,2025-06-05,email,66776.43,43331,2957,182
CMP_affiliate_202506,2025-06-05,affiliate,20698.6,25439,1563,22
CMP_organic_social_202506,2025-06-05,organic_social,33353.96,34399,2255,45
CMP_influencer_202506,2025-06-05,influencer,4100.74,34878,939,85
CMP_google_ads_202506,2025-06-06,google_ads,26646.31,31267,2233,267
CMP_meta_ads_202506,2025-06-06,meta_ads,38514.34,33991,2558,70
CMP_email_202506,2025-06-06,email,9042.29,9004,596,66
CMP_affiliate_202506,2025-06-06,affiliate,5663.56,13418,910,10
CMP_organic_social_202506,2025-06-06,organic_social,8854.05,32519,477,55
CMP_influencer_202506,2025-06-06,influencer,67471.55,52654,3907,196
CMP_google_ads_202506,2025-06-07,google_ads,9090.93,51039,1020,20
CMP_meta_ads_202506,2025-06-07,meta_ads,5855.84,41407,1325,129
CMP_email_202506,2025-06-07,email,12986.45,46140,767,52
CMP_affiliate_202506,2025-06-07,affiliate,30071.57,28511,1400,122
CMP_organic_social_202506,2025-06-07,organic_social,17330.98,12810,706,52
CMP_influencer_202506,2025-06-07,influencer,28425.31,49636,3911,421
CMP_google_ads_202506,2025-06-08,google_ads,16142.96,41808,1890,107
CMP_meta_ads_202506,2025-06-08,meta_ads,29024.58,23303,1272,127
CMP_email_202506,2025-06-08,email,7568.2,49704,1008,33
CMP_affiliate_202506,2025-06-08,affiliate,87030.58,51095,3490,125
CMP_organic_social_202506,2025-06-08,organic_social,3916.81,12968,973,55
CMP_influencer_202506,2025-06-08,influencer,13339.12,50376,1381,104
CMP_google_ads_202506,2025-06-09,google_ads,25182.17,34181,1041,68
CMP_meta_ads_202506,2025-06-09,meta_ads,2557.07,8649,216,25
CMP_email_202506,2025-06-09,email,526.68,5589,145,16
CMP_affiliate_202506,2025-06-09,affiliate,2400.4,34700,418,28
CMP_organic_social_202506,2025-06-09,organic_social,12700.56,31385,564,49
CMP_influencer_202506,2025-06-09,influencer,14566.55,26727,2119,161
CMP_google_ads_202506,2025-06-10,google_ads,10609.53,14576,547,64
CMP_meta_ads_202506,2025-06-10,meta_ads,10180.46,13115,886,53
CMP_email_202506,2025-06-10,email,35687.12,43963,1927,103
CMP_affiliate_202506,2025-06-10,affiliate,19232.61,22240,1718,77
CMP_organic_social_202506,2025-06-10,organic_social,895.03,3312,213,19
CMP_influencer_202506,2025-06-10,influencer,1230.7,4203,68,2
CMP_google_ads_202506,2025-06-11,google_ads,39786.53,33512,1602,65
CMP_meta_ads_202506,2025-06-11,meta_ads,12822.78,46565,1254,24
CMP_email_202506,2025-06-11,email,19779.32,31128,2355,45
CMP_affiliate_202506,2025-06-11,affiliate,7858.88,48526,1461,84
CMP_organic_social_202506,2025-06-11,organic_social,20293.27,17599,1032,14
CMP_influencer_202506,2025-06-11,influencer,33634.61,28262,2139,91
CMP_google_ads_202506,2025-06-12,google_ads,18260.19,21667,1636,125
CMP_meta_ads_202506,2025-06-12,meta_ads,59565.88,58474,4536,109
CMP_email_202506,2025-06-12,email,24264.94,52889,1399,162
CMP_affiliate_202506,2025-06-12,affiliate,10409.3,47666,1125,23
CMP_organic_social_202506,2025-06-12,organic_social,2228.47,5370,307,15
CMP_influencer_202506,2025-06-12,influencer,80221.7,49197,3374,389
CMP_google_ads_202506,2025-06-13,google_ads,19547.66,50338,2153,223
CMP_meta_ads_202506,2025-06-13,meta_ads,10810.03,26405,1922,111
CMP_email_202506,2025-06-13,email,7108.37,20329,686,6
CMP_affiliate_202506,2025-06-13,affiliate,16045.3,38328,710,54
CMP_organic_social_202506,2025-06-13,organic_social,13187.99,22765,573,46
CMP_influencer_202506,2025-06-13,influencer,8406.97,18412,626,30
CMP_google_ads_202506,2025-06-14,google_ads,5659.98,30593,1079,36
CMP_meta_ads_202506,2025-06-14,meta_ads,6385.62,29840,967,70
CMP_email_202506,2025-06-14,email,25129.65,41127,1646,136
CMP_affiliate_202506,2025-06-14,affiliate,34950.19,42453,2993,274
CMP_organic_social_202506,2025-06-14,organic_social,9399.32,29266,617,38
CMP_influencer_202506,2025-06-14,influencer,1219.17,5010,139,10
CMP_google_ads_202506,2025-06-15,google_ads,2911.04,43857,944,33
CMP_meta_ads_202506,2025-06-15,meta_ads,7013.05,47637,527,21
CMP_email_202506,2025-06-15,email,7165.23,12553,599,24
CMP_affiliate_202506,2025-06-15,affiliate,16428.57,22166,1470,146
CMP_organic_social_202506,2025-06-15,organic_social,34453.01,47411,3105,103
CMP_influencer_202506,2025-06-15,influencer,22847.1,20885,1646,130
CMP_google_ads_202506,2025-06-16,google_ads,49714.43,37796,2573,40
CMP_meta_ads_202506,2025-06-16,meta_ads,778.11,20281,254,19
CMP_email_202506,2025-06-16,email,6022.61,17362,358,19
CMP_affiliate_202506,2025-06-16,affiliate,35693.25,42121,1758,78
CMP_organic_social_202506,2025-06-16,organic_social,37021.33,58740,1581,99
CMP_influencer_202506,2025-06-16,influencer,629.1,5134,209,16
CMP_google_ads_202506,2025-06-17,google_ads,19471.35,13147,947,107
CMP_meta_ads_202506,2025-06-17,meta_ads,43512.44,56146,1881,83
CMP_email_202506,2025-06-17,email,45665.82,36940,2841,133
CMP_affiliate_202506,2025-06-17,affiliate,9112.34,11148,867,20
CMP_organic_social_202506,2025-06-17,organic_social,63981.02,50532,3029,163
CMP_influencer_202506,2025-06-17,influencer,13309.31,43748,1927,205
CMP_google_ads_202506,2025-06-18,google_ads,42030.37,58930,2160,256
CMP_meta_ads_202506,2025-06-18,meta_ads,47013.77,33721,2397,139
CMP_email_202506,2025-06-18,email,35987.21,41237,1972,22
CMP_affiliate_202506,2025-06-18,affiliate,34414.79,42472,3328,34
CMP_organic_social_202506,2025-06-18,organic_social,9394.65,23805,774,31
CMP_influencer_202506,2025-06-18,influencer,11739.54,10776,539,26
CMP_google_ads_202506,2025-06-19,google_ads,10407.05,8803,456,30
CMP_meta_ads_202506,2025-06-19,meta_ads,4184.34,7628,187,4
CMP_email_202506,2025-06-19,email,4008.89,20700,430,10
CMP_affiliate_202506,2025-06-19,affiliate,7990.72,29266,433,32
CMP_organic_social_202506,2025-06-19,organic_social,26722.38,49852,2229,105
CMP_influencer_202506,2025-06-19,influencer,13050.01,43950,1151,121
CMP_google_ads_202506,2025-06-20,google_ads,8480.78,22219,770,38
CMP_meta_ads_202506,2025-06-20,meta_ads,44007.6,42460,1818,192
CMP_email_202506,2025-06-20,email,11248.23,33623,2143,29
CMP_affiliate_202506,2025-06-20,affiliate,12787.91,26311,583,55
CMP_organic_social_202506,2025-06-20,organic_social,22612.71,28328,1020,107
CMP_influencer_202506,2025-06-20,influencer,3723.69,7480,157,7
CMP_google_ads_202506,2025-06-21,google_ads,3172.12,3614,257,14
CMP_meta_ads_202506,2025-06-21,meta_ads,40852.78,25932,1656,40
CMP_email_202506,2025-06-21,email,13763.93,35751,673,21
CMP_affiliate_202506,2025-06-21,affiliate,43717.99,40664,2583,282
CMP_organic_social_202506,2025-06-21,organic_social,6628.52,39703,1872,210
CMP_influencer_202506,2025-06-21,influencer,27838.9,26139,1764,158
CMP_google_ads_202506,2025-06-22,google_ads,14777.84,58533,879,56
CMP_meta_ads_202506,2025-06-22,meta_ads,1499.9,6786,134,8
CMP_email_202506,2025-06-22,email,8049.21,6733,326,22
CMP_affiliate_202506,2025-06-22,affiliate,950.78,4817,195,5
CMP_organic_social_202506,2025-06-22,organic_social,20434.82,31472,868,70
CMP_influencer_202506,2025-06-22,influencer,8797.74,41200,752,60
CMP_google_ads_202506,2025-06-23,google_ads,9052.86,14326,663,27
CMP_meta_ads_202506,2025-06-23,meta_ads,3059.15,25159,521,36
CMP_email_202506,2025-06-23,email,19131.87,27921,1459,95
CMP_affiliate_202506,2025-06-23,affiliate,10552.3,40884,877,32
CMP_organic_social_202506,2025-06-23,organic_social,37830.71,39835,1672,149
CMP_influencer_202506,2025-06-23,influencer,17519.95,16711,1319,135
CMP_google_ads_202506,2025-06-24,google_ads,13187.18,17998,709,16
CMP_meta_ads_202506,2025-06-24,meta_ads,44588.61,56391,4321,463
CMP_email_202506,2025-06-24,email,9674.06,47568,1911,225
CMP_affiliate_202506,2025-06-24,affiliate,2490.82,8582,144,15
CMP_organic_social_202506,2025-06-24,organic_social,27446.79,46573,1545,56
CMP_influencer_202506,2025-06-24,influencer,17221.22,32960,1808,178
CMP_google_ads_202506,2025-06-25,google_ads,20681.22,25346,966,65
CMP_meta_ads_202506,2025-06-25,meta_ads,13217.63,49326,819,13
CMP_email_202506,2025-06-25,email,2420.57,3410,134,6
CMP_affiliate_202506,2025-06-25,affiliate,8645.2,25817,552,44
CMP_organic_social_202506,2025-06-25,organic_social,24255.0,21470,1371,147
CMP_influencer_202506,2025-06-25,influencer,1365.23,7612,78,5
CMP_google_ads_202506,2025-06-26,google_ads,18867.68,52019,898,9
CMP_meta_ads_202506,2025-06-26,meta_ads,10193.42,28354,1203,50
CMP_email_202506,2025-06-26,email,1842.04,7571,457,49
CMP_affiliate_202506,2025-06-26,affiliate,8194.72,39174,833,30
CMP_organic_social_202506,2025-06-26,organic_social,1001.05,5751,266,8
CMP_influencer_202506,2025-06-26,influencer,15163.45,54737,3447,127
CMP_google_ads_202506,2025-06-27,google_ads,39832.41,29415,2101,143
CMP_meta_ads_202506,2025-06-27,meta_ads,637.23,2482,46,4
CMP_email_202506,2025-06-27,email,3860.54,6285,339,17
CMP_affiliate_202506,2025-06-27,affiliate,54037.18,36633,2567,283
CMP_organic_social_202506,2025-06-27,organic_social,26939.85,17362,1111,66
CMP_influencer_202506,2025-06-27,influencer,17685.08,59795,3502,231
CMP_google_ads_202506,2025-06-28,google_ads,12199.17,28075,810,32
CMP_meta_ads_202506,2025-06-28,meta_ads,5836.58,7079,516,41
CMP_email_202506,2025-06-28,email,44906.5,38905,2260,88
CMP_affiliate_202506,2025-06-28,affiliate,19680.18,22117,1600,172
CMP_organic_social_202506,2025-06-28,organic_social,25199.79,43942,1162,118
CMP_influencer_202506,2025-06-28,influencer,39318.34,27655,1942,106
CMP_google_ads_202506,2025-06-29,google_ads,34870.76,27441,1759,51
CMP_meta_ads_202506,2025-06-29,meta_ads,10112.01,40597,698,54
CMP_email_202506,2025-06-29,email,10535.9,32564,1939,215
CMP_affiliate_202506,2025-06-29,affiliate,758.0,3579,114,6
CMP_organic_social_202506,2025-06-29,organic_social,37962.11,29845,1593,112
CMP_influencer_202506,2025-06-29,influencer,5762.52,16387,280,24
CMP_google_ads_202506,2025-06-30,google_ads,10330.48,47236,3099,163
CMP_meta_ads_202506,2025-06-30,meta_ads,31752.15,39123,1484,159
CMP_email_202506,2025-06-30,email,41675.0,55912,4145,242
CMP_affiliate_202506,2025-06-30,affiliate,11688.45,51969,2266,182
CMP_organic_social_202506,2025-06-30,organic_social,7024.82,14735,504,14
CMP_influencer_202506,2025-06-30,influencer,19384.9,47000,1634,96
CMP_google_ads_202507,2025-07-01,google_ads,19594.83,42415,2568,290
CMP_meta_ads_202507,2025-07-01,meta_ads,26819.16,29287,2173,165
CMP_email_202507,2025-07-01,email,30646.9,37954,1731,179
CMP_affiliate_202507,2025-07-01,affiliate,3732.61,12892,764,69
CMP_organic_social_202507,2025-07-01,organic_social,19269.41,14502,839,39
CMP_influencer_202507,2025-07-01,influencer,16801.78,15295,987,92
CMP_google_ads_202507,2025-07-02,google_ads,5608.3,29005,1041,90
CMP_meta_ads_202507,2025-07-02,meta_ads,2709.83,20038,593,34
CMP_email_202507,2025-07-02,email,2151.27,42521,698,7
CMP_affiliate_202507,2025-07-02,affiliate,745.09,6387,99,10
CMP_organic_social_202507,2025-07-02,organic_social,18473.79,58862,1613,138
CMP_influencer_202507,2025-07-02,influencer,21961.56,26579,1084,11
CMP_google_ads_202507,2025-07-03,google_ads,62519.32,52298,3355,377
CMP_meta_ads_202507,2025-07-03,meta_ads,8836.03,27806,843,49
CMP_email_202507,2025-07-03,email,6908.8,14384,307,32
CMP_affiliate_202507,2025-07-03,affiliate,10511.43,18175,647,31
CMP_organic_social_202507,2025-07-03,organic_social,12392.08,47695,556,56
CMP_influencer_202507,2025-07-03,influencer,26710.74,43392,2066,87
CMP_google_ads_202507,2025-07-04,google_ads,12424.58,31688,514,51
CMP_meta_ads_202507,2025-07-04,meta_ads,1786.19,6010,175,18
CMP_email_202507,2025-07-04,email,21320.9,17609,1342,78
CMP_affiliate_202507,2025-07-04,affiliate,27791.17,24784,1342,104
CMP_organic_social_202507,2025-07-04,organic_social,8146.76,24012,1493,88
CMP_influencer_202507,2025-07-04,influencer,1800.2,4248,109,8
CMP_google_ads_202507,2025-07-05,google_ads,10324.9,31115,720,13
CMP_meta_ads_202507,2025-07-05,meta_ads,4101.97,9460,197,11
CMP_email_202507,2025-07-05,email,12999.84,59606,3606,380
CMP_affiliate_202507,2025-07-05,affiliate,2841.66,2213,132,12
CMP_organic_social_202507,2025-07-05,organic_social,420.16,2024,20,1
CMP_influencer_202507,2025-07-05,influencer,34918.15,39948,2320,77
CMP_google_ads_202507,2025-07-06,google_ads,30091.64,41885,2401,108
CMP_meta_ads_202507,2025-07-06,meta_ads,7564.76,12186,304,36
CMP_email_202507,2025-07-06,email,3549.26,7115,331,19
CMP_affiliate_202507,2025-07-06,affiliate,16343.12,44586,3101,133
CMP_organic_social_202507,2025-07-06,organic_social,4946.79,24365,747,78
CMP_influencer_202507,2025-07-06,influencer,31749.65,54230,2384,236
CMP_google_ads_202507,2025-07-07,google_ads,41080.34,38894,2336,223
CMP_meta_ads_202507,2025-07-07,meta_ads,19309.03,50629,2224,255
CMP_email_202507,2025-07-07,email,10493.75,38035,1145,98
CMP_affiliate_202507,2025-07-07,affiliate,33700.73,49595,2859,116
CMP_organic_social_202507,2025-07-07,organic_social,2837.48,6986,495,52
CMP_influencer_202507,2025-07-07,influencer,1341.51,7038,279,5
CMP_google_ads_202507,2025-07-08,google_ads,7470.34,28167,1157,28
CMP_meta_ads_202507,2025-07-08,meta_ads,26392.24,27411,1119,67
CMP_email_202507,2025-07-08,email,1499.23,3148,248,20
CMP_affiliate_202507,2025-07-08,affiliate,1046.13,6390,303,31
CMP_organic_social_202507,2025-07-08,organic_social,973.81,4751,162,6
CMP_influencer_202507,2025-07-08,influencer,48079.19,36117,2093,236
CMP_google_ads_202507,2025-07-09,google_ads,7549.16,45379,1046,103
CMP_meta_ads_202507,2025-07-09,meta_ads,36235.68,26736,1907,71
CMP_email_202507,2025-07-09,email,5207.21,28893,1155,12
CMP_affiliate_202507,2025-07-09,affiliate,8105.1,18692,830,80
CMP_organic_social_202507,2025-07-09,organic_social,15281.18,37661,894,72
CMP_influencer_202507,2025-07-09,influencer,29441.19,58738,1865,204
CMP_google_ads_202507,2025-07-10,google_ads,20311.04,46623,1384,41
CMP_meta_ads_202507,2025-07-10,meta_ads,22536.66,30489,953,18
CMP_email_202507,2025-07-10,email,3019.72,7817,177,21
CMP_affiliate_202507,2025-07-10,affiliate,3943.5,40784,580,58
CMP_organic_social_202507,2025-07-10,organic_social,2158.11,16464,184,1
CMP_influencer_202507,2025-07-10,influencer,49822.13,54271,2654,186
CMP_google_ads_202507,2025-07-11,google_ads,42757.71,35954,1782,61
CMP_meta_ads_202507,2025-07-11,meta_ads,1669.76,22380,548,17
CMP_email_202507,2025-07-11,email,6284.28,32164,330,28
CMP_affiliate_202507,2025-07-11,affiliate,14482.77,31813,2385,199
CMP_organic_social_202507,2025-07-11,organic_social,59724.96,36698,2782,224
CMP_influencer_202507,2025-07-11,influencer,18884.14,50967,1192,77
CMP_google_ads_202507,2025-07-12,google_ads,59023.99,54008,3760,193
CMP_meta_ads_202507,2025-07-12,meta_ads,6661.29,19976,368,23
CMP_email_202507,2025-07-12,email,44470.15,42191,1870,165
CMP_affiliate_202507,2025-07-12,affiliate,1756.77,21486,318,4
CMP_organic_social_202507,2025-07-12,organic_social,3314.09,6028,259,10
CMP_influencer_202507,2025-07-12,influencer,11575.56,43310,2715,56
CMP_google_ads_202507,2025-07-13,google_ads,15628.04,19283,1298,128
CMP_meta_ads_202507,2025-07-13,meta_ads,15078.45,31088,1688,148
CMP_email_202507,2025-07-13,email,10494.62,33116,444,20
CMP_affiliate_202507,2025-07-13,affiliate,49546.07,27879,2153,54
CMP_organic_social_202507,2025-07-13,organic_social,5185.94,10347,350,8
CMP_influencer_202507,2025-07-13,influencer,16478.25,15976,686,14
CMP_google_ads_202507,2025-07-14,google_ads,7903.57,25923,1317,64
CMP_meta_ads_202507,2025-07-14,meta_ads,8875.38,47015,1848,115
CMP_email_202507,2025-07-14,email,14522.62,20683,636,25
CMP_affiliate_202507,2025-07-14,affiliate,2534.37,2331,120,6
CMP_organic_social_202507,2025-07-14,organic_social,21147.55,38782,1073,11
CMP_influencer_202507,2025-07-14,influencer,12235.04,23606,1737,65
CMP_google_ads_202507,2025-07-15,google_ads,14168.31,53945,1300,49
CMP_meta_ads_202507,2025-07-15,meta_ads,8175.68,14367,545,48
CMP_email_202507,2025-07-15,email,668.8,9202,198,13
CMP_affiliate_202507,2025-07-15,affiliate,61942.12,35823,2796,136
CMP_organic_social_202507,2025-07-15,organic_social,18350.76,52157,2195,85
CMP_influencer_202507,2025-07-15,influencer,10360.19,13160,987,23
CMP_google_ads_202507,2025-07-16,google_ads,30995.63,43714,1497,61
CMP_meta_ads_202507,2025-07-16,meta_ads,3270.42,33182,442,9
CMP_email_202507,2025-07-16,email,33920.21,23081,1499,137
CMP_affiliate_202507,2025-07-16,affiliate,6457.92,30148,634,15
CMP_organic_social_202507,2025-07-16,organic_social,46373.89,50497,2690,102
CMP_influencer_202507,2025-07-16,influencer,23619.52,55678,1151,129
CMP_google_ads_202507,2025-07-17,google_ads,1116.93,10258,243,7
CMP_meta_ads_202507,2025-07-17,meta_ads,8162.25,22660,1587,59
CMP_email_202507,2025-07-17,email,9152.64,38372,2257,30
CMP_affiliate_202507,2025-07-17,affiliate,15629.96,27404,2110,40
CMP_organic_social_202507,2025-07-17,organic_social,2859.51,10850,168,3
CMP_influencer_202507,2025-07-17,influencer,15258.34,38372,1496,177
CMP_google_ads_202507,2025-07-18,google_ads,3294.01,3642,209,15
CMP_meta_ads_202507,2025-07-18,meta_ads,42498.55,32514,1756,120
CMP_email_202507,2025-07-18,email,2438.25,4956,108,1
CMP_affiliate_202507,2025-07-18,affiliate,69887.62,37683,3013,345
CMP_organic_social_202507,2025-07-18,organic_social,10087.74,8065,497,45
CMP_influencer_202507,2025-07-18,influencer,60911.68,36648,2836,309
CMP_google_ads_202507,2025-07-19,google_ads,38722.52,49965,3403,177
CMP_meta_ads_202507,2025-07-19,meta_ads,1703.18,22343,450,44
CMP_email_202507,2025-07-19,email,15140.94,27848,709,35
CMP_affiliate_202507,2025-07-19,affiliate,50628.95,58096,3305,35
CMP_organic_social_202507,2025-07-19,organic_social,7274.58,15308,958,66
CMP_influencer_202507,2025-07-19,influencer,37711.52,57388,1592,145
CMP_google_ads_202507,2025-07-20,google_ads,2109.5,43384,555,35
CMP_meta_ads_202507,2025-07-20,meta_ads,5193.39,27856,1068,124
CMP_email_202507,2025-07-20,email,3048.12,5173,143,8
CMP_affiliate_202507,2025-07-20,affiliate,11094.31,8215,491,26
CMP_organic_social_202507,2025-07-20,organic_social,13476.5,21034,598,15
CMP_influencer_202507,2025-07-20,influencer,3984.5,7753,289,18
CMP_google_ads_202507,2025-07-21,google_ads,15229.37,21796,1391,133
CMP_meta_ads_202507,2025-07-21,meta_ads,17286.67,37087,1494,44
CMP_email_202507,2025-07-21,email,53501.0,54611,2409,79
CMP_affiliate_202507,2025-07-21,affiliate,1947.17,9749,126,13
CMP_organic_social_202507,2025-07-21,organic_social,14099.49,40167,1318,51
CMP_influencer_202507,2025-07-21,influencer,5672.3,7999,269,29
CMP_google_ads_202507,2025-07-22,google_ads,11982.43,44807,3363,294
CMP_meta_ads_202507,2025-07-22,meta_ads,5098.95,9054,270,14
CMP_email_202507,2025-07-22,email,5442.31,51653,1443,45
CMP_affiliate_202507,2025-07-22,affiliate,30374.52,39627,1516,76
CMP_organic_social_202507,2025-07-22,organic_social,19769.02,25121,1219,45
CMP_influencer_202507,2025-07-22,influencer,7057.98,20383,342,18
CMP_google_ads_202507,2025-07-23,google_ads,18647.25,50290,2604,111
CMP_meta_ads_202507,2025-07-23,meta_ads,18690.23,17618,804,90
CMP_email_202507,2025-07-23,email,49083.09,54726,2117,222
CMP_affiliate_202507,2025-07-23,affiliate,8514.39,26971,1712,52
CMP_organic_social_202507,2025-07-23,organic_social,40481.71,41056,3119,339
CMP_influencer_202507,2025-07-23,influencer,16112.52,21570,1167,94
CMP_google_ads_202507,2025-07-24,google_ads,3129.12,11169,512,37
CMP_meta_ads_202507,2025-07-24,meta_ads,1813.78,2261,170,16
CMP_email_202507,2025-07-24,email,22275.4,39400,2024,93
CMP_affiliate_202507,2025-07-24,affiliate,3857.84,13557,203,13
CMP_organic_social_202507,2025-07-24,organic_social,57299.37,56549,3877,223
CMP_influencer_202507,2025-07-24,influencer,5923.43,6645,338,21
CMP_google_ads_202507,2025-07-25,google_ads,25466.38,56853,1935,220
CMP_meta_ads_202507,2025-07-25,meta_ads,5199.52,9880,658,28
CMP_email_202507,2025-07-25,email,35669.3,53742,2505,223
CMP_affiliate_202507,2025-07-25,affiliate,6076.55,24098,973,26
CMP_organic_social_202507,2025-07-25,organic_social,16771.48,45840,2199,171
CMP_influencer_202507,2025-07-25,influencer,76628.31,48854,3388,165
CMP_google_ads_202507,2025-07-26,google_ads,6622.45,19444,1135,28
CMP_meta_ads_202507,2025-07-26,meta_ads,25228.85,54064,2050,76
CMP_email_202507,2025-07-26,email,33658.4,35808,1781,192
CMP_affiliate_202507,2025-07-26,affiliate,28032.29,24290,1430,131
CMP_organic_social_202507,2025-07-26,organic_social,18329.61,26478,1246,81
CMP_influencer_202507,2025-07-26,influencer,9720.43,54808,3222,174
CMP_google_ads_202507,2025-07-27,google_ads,484.48,2419,155,13
CMP_meta_ads_202507,2025-07-27,meta_ads,21010.08,21795,1401,63
CMP_email_202507,2025-07-27,email,3860.81,17200,436,37
CMP_affiliate_202507,2025-07-27,affiliate,56662.3,32817,2349,99
CMP_organic_social_202507,2025-07-27,organic_social,5629.93,55561,668,23
CMP_influencer_202507,2025-07-27,influencer,31085.61,32981,2563,40
CMP_google_ads_202507,2025-07-28,google_ads,40030.91,22761,1695,94
CMP_meta_ads_202507,2025-07-28,meta_ads,34376.06,44510,1642,185
CMP_email_202507,2025-07-28,email,4528.01,13899,258,13
CMP_affiliate_202507,2025-07-28,affiliate,22588.36,14291,971,96
CMP_organic_social_202507,2025-07-28,organic_social,14387.78,19382,1160,49
CMP_influencer_202507,2025-07-28,influencer,2668.33,10273,176,8
CMP_google_ads_202507,2025-07-29,google_ads,16256.51,14917,1003,100
CMP_meta_ads_202507,2025-07-29,meta_ads,17676.23,56950,1013,30
CMP_email_202507,2025-07-29,email,2933.41,26994,530,48
CMP_affiliate_202507,2025-07-29,affiliate,71525.1,44035,3174,78
CMP_organic_social_202507,2025-07-29,organic_social,26551.87,24683,1188,12
CMP_influencer_202507,2025-07-29,influencer,32020.17,48938,2849,277
CMP_google_ads_202507,2025-07-30,google_ads,4510.7,13993,1006,101
CMP_meta_ads_202507,2025-07-30,meta_ads,1322.79,11028,238,17
CMP_email_202507,2025-07-30,email,20720.29,50569,1726,91
CMP_affiliate_202507,2025-07-30,affiliate,34171.91,39873,1870,188
CMP_organic_social_202507,2025-07-30,organic_social,53589.27,30786,2230,248
CMP_influencer_202507,2025-07-30,influencer,27885.02,23548,1241,129
CMP_google_ads_202507,2025-07-31,google_ads,27909.51,48094,3482,381
CMP_meta_ads_202507,2025-07-31,meta_ads,25044.23,55335,2393,93
CMP_email_202507,2025-07-31,email,4149.51,10231,276,2
CMP_affiliate_202507,2025-07-31,affiliate,25073.34,38605,2298,57
CMP_organic_social_202507,2025-07-31,organic_social,12438.48,30283,722,49
CMP_influencer_202507,2025-07-31,influencer,26290.18,59641,1053,46
CMP_google_ads_202508,2025-08-01,google_ads,10668.85,8267,545,34
CMP_meta_ads_202508,2025-08-01,meta_ads,16357.16,18655,780,55
CMP_email_202508,2025-08-01,email,12080.55,31933,491,36
CMP_affiliate_202508,2025-08-01,affiliate,4325.45,9971,237,18
CMP_organic_social_202508,2025-08-01,organic_social,4390.4,21943,1129,93
CMP_influencer_202508,2025-08-01,influencer,1771.83,30677,323,23
CMP_google_ads_202508,2025-08-02,google_ads,11332.68,41948,515,44
CMP_meta_ads_202508,2025-08-02,meta_ads,23786.5,59110,1420,57
CMP_email_202508,2025-08-02,email,15070.54,30152,1387,148
CMP_affiliate_202508,2025-08-02,affiliate,2239.47,3628,113,5
CMP_organic_social_202508,2025-08-02,organic_social,19174.92,57145,3008,250
CMP_influencer_202508,2025-08-02,influencer,7487.39,30775,938,57
CMP_google_ads_202508,2025-08-03,google_ads,3768.9,15479,387,34
CMP_meta_ads_202508,2025-08-03,meta_ads,61188.49,42182,2996,182
CMP_email_202508,2025-08-03,email,31492.8,33049,1436,135
CMP_affiliate_202508,2025-08-03,affiliate,50374.3,49293,2697,107
CMP_organic_social_202508,2025-08-03,organic_social,14159.03,35771,1532,38
CMP_influencer_202508,2025-08-03,influencer,33956.02,46301,3516,415
CMP_google_ads_202508,2025-08-04,google_ads,451.81,3755,69,7
CMP_meta_ads_202508,2025-08-04,meta_ads,38120.93,32907,2351,97
CMP_email_202508,2025-08-04,email,1651.38,15390,237,22
CMP_affiliate_202508,2025-08-04,affiliate,8656.76,15223,565,40
CMP_organic_social_202508,2025-08-04,organic_social,10867.12,50815,3253,124
CMP_influencer_202508,2025-08-04,influencer,5819.06,22180,1220,35
CMP_google_ads_202508,2025-08-05,google_ads,26018.82,59113,2996,140
CMP_meta_ads_202508,2025-08-05,meta_ads,36728.96,39101,1992,112
CMP_email_202508,2025-08-05,email,11508.13,49448,588,67
CMP_affiliate_202508,2025-08-05,affiliate,25914.38,19293,1394,161
CMP_organic_social_202508,2025-08-05,organic_social,27275.67,51092,1948,49
CMP_influencer_202508,2025-08-05,influencer,10681.84,33238,1383,26
CMP_google_ads_202508,2025-08-06,google_ads,932.35,2207,98,2
CMP_meta_ads_202508,2025-08-06,meta_ads,5103.66,9009,528,13
CMP_email_202508,2025-08-06,email,20929.73,27590,1854,105
CMP_affiliate_202508,2025-08-06,affiliate,3322.43,46335,627,56
CMP_organic_social_202508,2025-08-06,organic_social,18592.97,30529,1093,63
CMP_influencer_202508,2025-08-06,influencer,6168.47,47857,528,39
CMP_google_ads_202508,2025-08-07,google_ads,59890.36,56579,2865,199
CMP_meta_ads_202508,2025-08-07,meta_ads,64120.86,45529,3065,251
CMP_email_202508,2025-08-07,email,20800.56,30683,1638,131
CMP_affiliate_202508,2025-08-07,affiliate,4567.81,21848,300,25
CMP_organic_social_202508,2025-08-07,organic_social,8421.22,35460,1542,54
CMP_influencer_202508,2025-08-07,influencer,52294.89,33452,2523,122
CMP_google_ads_202508,2025-08-08,google_ads,11875.05,41642,542,9
CMP_meta_ads_202508,2025-08-08,meta_ads,7277.47,8306,498,44
CMP_email_202508,2025-08-08,email,12960.89,38433,839,73
CMP_affiliate_202508,2025-08-08,affiliate,19718.35,17896,797,26
CMP_organic_social_202508,2025-08-08,organic_social,23067.72,22333,936,66
CMP_influencer_202508,2025-08-08,influencer,941.41,5313,119,4
CMP_google_ads_202508,2025-08-09,google_ads,80283.52,51014,3424,238
CMP_meta_ads_202508,2025-08-09,meta_ads,10970.21,35489,1071,107
CMP_email_202508,2025-08-09,email,6849.88,6959,282,13
CMP_affiliate_202508,2025-08-09,affiliate,3085.97,9293,215,23
CMP_organic_social_202508,2025-08-09,organic_social,3671.59,4371,299,11
CMP_influencer_202508,2025-08-09,influencer,24744.15,55792,4073,304
CMP_google_ads_202508,2025-08-10,google_ads,8746.8,13624,780,34
CMP_meta_ads_202508,2025-08-10,meta_ads,26437.64,39937,1298,144
CMP_email_202508,2025-08-10,email,2725.24,31079,402,31
CMP_affiliate_202508,2025-08-10,affiliate,37706.08,23637,1767,18
CMP_organic_social_202508,2025-08-10,organic_social,27523.42,44382,1198,58
CMP_influencer_202508,2025-08-10,influencer,5372.15,9275,354,34
CMP_google_ads_202508,2025-08-11,google_ads,51225.14,32959,2228,119
CMP_meta_ads_202508,2025-08-11,meta_ads,22720.48,26937,1946,170
CMP_email_202508,2025-08-11,email,25897.34,48563,3193,358
CMP_affiliate_202508,2025-08-11,affiliate,8426.29,11237,511,54
CMP_organic_social_202508,2025-08-11,organic_social,66222.97,55775,2807,28
CMP_influencer_202508,2025-08-11,influencer,9578.58,23106,753,10
CMP_google_ads_202508,2025-08-12,google_ads,2511.73,4418,325,12
CMP_meta_ads_202508,2025-08-12,meta_ads,59765.94,38160,2768,182
CMP_email_202508,2025-08-12,email,17124.12,46900,2153,183
CMP_affiliate_202508,2025-08-12,affiliate,11329.99,28041,610,14
CMP_organic_social_202508,2025-08-12,organic_social,4525.51,18992,430,35
CMP_influencer_202508,2025-08-12,influencer,8827.62,41218,1759,101
CMP_google_ads_202508,2025-08-13,google_ads,80154.72,43213,3351,254
CMP_meta_ads_202508,2025-08-13,meta_ads,25884.05,54186,3110,182
CMP_email_202508,2025-08-13,email,2225.84,18829,254,3
CMP_affiliate_202508,2025-08-13,affiliate,3993.15,4774,298,15
CMP_organic_social_202508,2025-08-13,organic_social,4686.54,34974,1013,81
CMP_influencer_202508,2025-08-13,influencer,4338.5,6256,447,39
CMP_google_ads_202508,2025-08-14,google_ads,41296.86,29840,2315,91
CMP_meta_ads_202508,2025-08-14,meta_ads,20494.36,56524,4017,251
CMP_email_202508,2025-08-14,email,2587.72,34868,396,15
CMP_affiliate_202508,2025-08-14,affiliate,9591.81,46923,530,29
CMP_organic_social_202508,2025-08-14,organic_social,26623.03,45695,2310,165
CMP_influencer_202508,2025-08-14,influencer,47312.54,51856,3195,235
CMP_google_ads_202508,2025-08-15,google_ads,9427.15,16865,812,12
CMP_meta_ads_202508,2025-08-15,meta_ads,3684.39,6676,370,34
CMP_email_202508,2025-08-15,email,8202.06,47929,738,68
CMP_affiliate_202508,2025-08-15,affiliate,62762.34,34375,2743,291
CMP_organic_social_202508,2025-08-15,organic_social,1908.5,4853,107,1
CMP_influencer_202508,2025-08-15,influencer,1608.8,17865,425,47
CMP_google_ads_202508,2025-08-16,google_ads,12922.9,51315,2222,138
CMP_meta_ads_202508,2025-08-16,meta_ads,1061.46,13536,191,9
CMP_email_202508,2025-08-16,email,10963.64,13226,895,51
CMP_affiliate_202508,2025-08-16,affiliate,31176.35,53468,2351,138
CMP_organic_social_202508,2025-08-16,organic_social,37389.16,49638,1806,120
CMP_influencer_202508,2025-08-16,influencer,1685.62,12945,140,14
CMP_google_ads_202508,2025-08-17,google_ads,27249.91,45860,2545,186
CMP_meta_ads_202508,2025-08-17,meta_ads,21845.42,13914,1097,117
CMP_email_202508,2025-08-17,email,8212.37,45119,672,26
CMP_affiliate_202508,2025-08-17,affiliate,1827.42,15334,289,26
CMP_organic_social_202508,2025-08-17,organic_social,13323.06,16559,1038,123
CMP_influencer_202508,2025-08-17,influencer,17123.56,16453,837,18
CMP_google_ads_202508,2025-08-18,google_ads,26722.63,59034,2606,116
CMP_meta_ads_202508,2025-08-18,meta_ads,25106.15,20192,1174,112
CMP_email_202508,2025-08-18,email,29209.1,31401,2060,227
CMP_affiliate_202508,2025-08-18,affiliate,1703.96,6345,69,5
CMP_organic_social_202508,2025-08-18,organic_social,9724.6,6936,437,24
CMP_influencer_202508,2025-08-18,influencer,1068.6,7684,135,1
CMP_google_ads_202508,2025-08-19,google_ads,61904.02,39149,2775,287
CMP_meta_ads_202508,2025-08-19,meta_ads,5800.83,34675,1147,29
CMP_email_202508,2025-08-19,email,675.61,4310,66,2
CMP_affiliate_202508,2025-08-19,affiliate,36483.7,44758,2269,240
CMP_organic_social_202508,2025-08-19,organic_social,35923.22,39418,2309,143
CMP_influencer_202508,2025-08-19,influencer,6537.32,21940,680,52
CMP_google_ads_202508,2025-08-20,google_ads,3581.02,4737,162,10
CMP_meta_ads_202508,2025-08-20,meta_ads,54215.53,59047,2731,160
CMP_email_202508,2025-08-20,email,42687.05,53738,1946,155
CMP_affiliate_202508,2025-08-20,affiliate,27560.68,26266,1597,71
CMP_organic_social_202508,2025-08-20,organic_social,10920.13,30218,1594,48
CMP_influencer_202508,2025-08-20,influencer,9934.27,20561,444,47
CMP_google_ads_202508,2025-08-21,google_ads,2834.11,5439,241,28
CMP_meta_ads_202508,2025-08-21,meta_ads,2808.72,3716,225,4
CMP_email_202508,2025-08-21,email,5547.2,13361,821,53
CMP_affiliate_202508,2025-08-21,affiliate,1369.02,11951,339,24
CMP_organic_social_202508,2025-08-21,organic_social,21175.38,54169,958,67
CMP_influencer_202508,2025-08-21,influencer,56895.34,50273,3478,230
CMP_google_ads_202508,2025-08-22,google_ads,4042.35,5905,193,4
CMP_meta_ads_202508,2025-08-22,meta_ads,20232.79,29852,2315,144
CMP_email_202508,2025-08-22,email,6471.02,54899,1304,28
CMP_affiliate_202508,2025-08-22,affiliate,3062.24,4397,273,16
CMP_organic_social_202508,2025-08-22,organic_social,10313.68,28937,1045,106
CMP_influencer_202508,2025-08-22,influencer,11659.74,7388,543,61
CMP_google_ads_202508,2025-08-23,google_ads,40100.59,55517,3514,205
CMP_meta_ads_202508,2025-08-23,meta_ads,55123.18,37894,2738,163
CMP_email_202508,2025-08-23,email,10126.07,40192,1003,60
CMP_affiliate_202508,2025-08-23,affiliate,36157.44,57955,3463,362
CMP_organic_social_202508,2025-08-23,organic_social,56181.44,32354,2467,173
CMP_influencer_202508,2025-08-23,influencer,5115.52,14460,987,104
CMP_google_ads_202508,2025-08-24,google_ads,4746.13,7732,335,9
CMP_meta_ads_202508,2025-08-24,meta_ads,18139.29,43362,2769,48
CMP_email_202508,2025-08-24,email,37001.07,46106,3457,147
CMP_affiliate_202508,2025-08-24,affiliate,17877.44,14432,881,18
CMP_organic_social_202508,2025-08-24,organic_social,4105.36,4354,177,19
CMP_influencer_202508,2025-08-24,influencer,22496.84,36789,2715,64
CMP_google_ads_202508,2025-08-25,google_ads,3900.84,22493,236,14
CMP_meta_ads_202508,2025-08-25,meta_ads,24026.09,15291,1097,23
CMP_email_202508,2025-08-25,email,1993.51,4857,108,12
CMP_affiliate_202508,2025-08-25,affiliate,23133.47,20237,1192,18
CMP_organic_social_202508,2025-08-25,organic_social,23564.44,25227,1348,152
CMP_influencer_202508,2025-08-25,influencer,38624.07,25628,1665,24
CMP_google_ads_202508,2025-08-26,google_ads,26012.17,20872,1438,153
CMP_meta_ads_202508,2025-08-26,meta_ads,17655.77,31620,1636,158
CMP_email_202508,2025-08-26,email,44062.34,59043,2727,191
CMP_affiliate_202508,2025-08-26,affiliate,2818.82,24380,506,40
CMP_organic_social_202508,2025-08-26,organic_social,15573.91,51354,3438,357
CMP_influencer_202508,2025-08-26,influencer,14794.66,57438,1058,10
CMP_google_ads_202508,2025-08-27,google_ads,14685.62,44861,2461,130
CMP_meta_ads_202508,2025-08-27,meta_ads,4399.39,46422,527,31
CMP_email_202508,2025-08-27,email,20054.31,43044,2264,228
CMP_affiliate_202508,2025-08-27,affiliate,9454.73,41885,2747,260
CMP_organic_social_202508,2025-08-27,organic_social,30467.53,35899,2685,230
CMP_influencer_202508,2025-08-27,influencer,11827.31,32980,849,97
CMP_google_ads_202508,2025-08-28,google_ads,51180.64,55117,4204,460
CMP_meta_ads_202508,2025-08-28,meta_ads,15124.56,42640,2082,83
CMP_email_202508,2025-08-28,email,14837.62,32524,941,85
CMP_affiliate_202508,2025-08-28,affiliate,9948.53,9994,466,42
CMP_organic_social_202508,2025-08-28,organic_social,12026.8,16921,771,70
CMP_influencer_202508,2025-08-28,influencer,12041.53,42442,2202,48
CMP_google_ads_202508,2025-08-29,google_ads,9592.13,19206,511,29
CMP_meta_ads_202508,2025-08-29,meta_ads,1758.51,5613,117,10
CMP_email_202508,2025-08-29,email,5714.3,25609,1682,143
CMP_affiliate_202508,2025-08-29,affiliate,775.77,3305,36,1
CMP_organic_social_202508,2025-08-29,organic_social,25048.23,26817,1997,200
CMP_influencer_202508,2025-08-29,influencer,4102.74,29295,1276,28
CMP_google_ads_202508,2025-08-30,google_ads,44107.77,43811,2029,165
CMP_meta_ads_202508,2025-08-30,meta_ads,21741.2,43332,950,10
CMP_email_202508,2025-08-30,email,10842.79,25695,1105,31
CMP_affiliate_202508,2025-08-30,affiliate,54140.52,47140,3156,279
CMP_organic_social_202508,2025-08-30,organic_social,18153.94,24276,1105,26
CMP_influencer_202508,2025-08-30,influencer,7741.69,17014,540,11
CMP_google_ads_202508,2025-08-31,google_ads,7861.75,23261,342,18
CMP_meta_ads_202508,2025-08-31,meta_ads,13671.21,55967,565,52
CMP_email_202508,2025-08-31,email,8821.82,27455,744,30
CMP_affiliate_202508,2025-08-31,affiliate,47794.95,55435,3701,75
CMP_organic_social_202508,2025-08-31,organic_social,6410.6,55223,1275,143
CMP_influencer_202508,2025-08-31,influencer,5583.55,4556,311,12
CMP_google_ads_202509,2025-09-01,google_ads,34310.38,25510,1860,57
CMP_meta_ads_202509,2025-09-01,meta_ads,3595.8,4668,260,21
CMP_email_202509,2025-09-01,email,2973.61,11723,365,28
CMP_affiliate_202509,2025-09-01,affiliate,11813.99,56151,1700,138
CMP_organic_social_202509,2025-09-01,organic_social,17568.84,16610,806,89
CMP_influencer_202509,2025-09-01,influencer,16274.72,41948,1050,110
CMP_google_ads_202509,2025-09-02,google_ads,48730.07,50287,3930,197
CMP_meta_ads_202509,2025-09-02,meta_ads,71292.16,39655,3086,108
CMP_email_202509,2025-09-02,email,4219.87,32259,345,35
CMP_affiliate_202509,2025-09-02,affiliate,21404.99,25808,1738,187
CMP_organic_social_202509,2025-09-02,organic_social,17859.09,59570,4545,541
CMP_influencer_202509,2025-09-02,influencer,4092.1,5324,413,13
CMP_google_ads_202509,2025-09-03,google_ads,1777.72,6512,118,1
CMP_meta_ads_202509,2025-09-03,meta_ads,38914.28,20739,1653,69
CMP_email_202509,2025-09-03,email,11380.42,34641,1201,125
CMP_affiliate_202509,2025-09-03,affiliate,44678.27,46555,3497,156
CMP_organic_social_202509,2025-09-03,organic_social,10243.8,6905,488,28
CMP_influencer_202509,2025-09-03,influencer,27038.58,40508,1135,73
CMP_google_ads_202509,2025-09-04,google_ads,17974.81,20123,1390,99
CMP_meta_ads_202509,2025-09-04,meta_ads,9441.77,49105,1808,42
CMP_email_202509,2025-09-04,email,13102.2,55962,3730,107
CMP_affiliate_202509,2025-09-04,affiliate,8138.56,26628,1728,204
CMP_organic_social_202509,2025-09-04,organic_social,1296.98,6481,101,7
CMP_influencer_202509,2025-09-04,influencer,8280.93,12353,480,6
CMP_google_ads_202509,2025-09-05,google_ads,30616.01,33186,1331,101
CMP_meta_ads_202509,2025-09-05,meta_ads,7547.18,39003,2134,159
CMP_email_202509,2025-09-05,email,21379.06,50955,3144,166
CMP_affiliate_202509,2025-09-05,affiliate,30881.95,33341,1871,186
CMP_organic_social_202509,2025-09-05,organic_social,872.14,4530,237,9
CMP_influencer_202509,2025-09-05,influencer,1072.43,3039,189,19
CMP_google_ads_202509,2025-09-06,google_ads,28159.21,41281,2242,94
CMP_meta_ads_202509,2025-09-06,meta_ads,36041.78,35991,2473,127
CMP_email_202509,2025-09-06,email,13450.12,32466,551,58
CMP_affiliate_202509,2025-09-06,affiliate,32907.74,26427,1935,188
CMP_organic_social_202509,2025-09-06,organic_social,2222.32,27583,504,34
CMP_influencer_202509,2025-09-06,influencer,4799.18,20054,588,57
CMP_google_ads_202509,2025-09-07,google_ads,24469.94,47623,1087,117
CMP_meta_ads_202509,2025-09-07,meta_ads,81414.71,54616,3874,389
CMP_email_202509,2025-09-07,email,34331.51,58086,2536,37
CMP_affiliate_202509,2025-09-07,affiliate,12055.76,18936,1298,148
CMP_organic_social_202509,2025-09-07,organic_social,24995.07,43674,2971,209
CMP_influencer_202509,2025-09-07,influencer,44950.24,44530,2722,225
CMP_google_ads_202509,2025-09-08,google_ads,11049.17,9779,688,73
CMP_meta_ads_202509,2025-09-08,meta_ads,45716.01,52855,2302,34
CMP_email_202509,2025-09-08,email,48978.87,56676,2564,233
CMP_affiliate_202509,2025-09-08,affiliate,8741.65,19598,350,13
CMP_organic_social_202509,2025-09-08,organic_social,36361.7,46649,3303,141
CMP_influencer_202509,2025-09-08,influencer,47743.21,45679,2679,140
CMP_google_ads_202509,2025-09-09,google_ads,50340.46,32965,2242,257
CMP_meta_ads_202509,2025-09-09,meta_ads,6861.16,27602,1704,163
CMP_email_202509,2025-09-09,email,18931.3,41922,1593,135
CMP_affiliate_202509,2025-09-09,affiliate,3378.9,15273,592,24
CMP_organic_social_202509,2025-09-09,organic_social,3236.29,3927,146,3
CMP_influencer_202509,2025-09-09,influencer,8766.54,5590,443,47
CMP_google_ads_202509,2025-09-10,google_ads,1539.93,5979,108,10
CMP_meta_ads_202509,2025-09-10,meta_ads,3940.54,26363,369,6
CMP_email_202509,2025-09-10,email,4897.83,6029,360,35
CMP_affiliate_202509,2025-09-10,affiliate,60904.35,40755,2750,31
CMP_organic_social_202509,2025-09-10,organic_social,42097.55,57258,3563,212
CMP_influencer_202509,2025-09-10,influencer,24206.07,29897,1559,147
CMP_google_ads_202509,2025-09-11,google_ads,12702.57,20367,610,21
CMP_meta_ads_202509,2025-09-11,meta_ads,12972.17,22714,730,30
CMP_email_202509,2025-09-11,email,29957.85,39604,1959,153
CMP_affiliate_202509,2025-09-11,affiliate,6781.61,21322,1010,13
CMP_organic_social_202509,2025-09-11,organic_social,1063.33,10322,185,15
CMP_influencer_202509,2025-09-11,influencer,14666.95,34340,1667,193
CMP_google_ads_202509,2025-09-12,google_ads,10639.31,18135,541,54
CMP_meta_ads_202509,2025-09-12,meta_ads,58471.52,40823,2726,178
CMP_email_202509,2025-09-12,email,5307.51,14427,395,14
CMP_affiliate_202509,2025-09-12,affiliate,43888.04,55224,3605,48
CMP_organic_social_202509,2025-09-12,organic_social,84804.74,48230,3636,357
CMP_influencer_202509,2025-09-12,influencer,22360.3,52443,3157,33
CMP_google_ads_202509,2025-09-13,google_ads,23299.91,53876,1023,12
CMP_meta_ads_202509,2025-09-13,meta_ads,2345.73,11482,163,17
CMP_email_202509,2025-09-13,email,25378.15,34603,1382,94
CMP_affiliate_202509,2025-09-13,affiliate,13972.84,39457,2463,146
CMP_organic_social_202509,2025-09-13,organic_social,1108.87,2287,49,5
CMP_influencer_202509,2025-09-13,influencer,3309.73,10583,482,43
CMP_google_ads_202509,2025-09-14,google_ads,20642.22,25225,1280,56
CMP_meta_ads_202509,2025-09-14,meta_ads,19746.64,45607,2263,197
CMP_email_202509,2025-09-14,email,48131.95,36426,2034,193
CMP_affiliate_202509,2025-09-14,affiliate,26343.35,26355,1619,162
CMP_organic_social_202509,2025-09-14,organic_social,78171.11,56094,3314,232
CMP_influencer_202509,2025-09-14,influencer,2715.38,29370,726,54
CMP_google_ads_202509,2025-09-15,google_ads,8254.17,13922,1080,128
CMP_meta_ads_202509,2025-09-15,meta_ads,7689.18,55359,863,94
CMP_email_202509,2025-09-15,email,3734.09,11684,208,13
CMP_affiliate_202509,2025-09-15,affiliate,16196.0,39182,1975,218
CMP_organic_social_202509,2025-09-15,organic_social,13409.46,32555,1301,23
CMP_influencer_202509,2025-09-15,influencer,33956.87,26018,1497,104
CMP_google_ads_202509,2025-09-16,google_ads,9106.68,51723,1008,86
CMP_meta_ads_202509,2025-09-16,meta_ads,3569.56,21669,415,26
CMP_email_202509,2025-09-16,email,9210.21,13906,652,33
CMP_affiliate_202509,2025-09-16,affiliate,16407.5,27692,1593,156
CMP_organic_social_202509,2025-09-16,organic_social,56185.49,41538,2774,326
CMP_influencer_202509,2025-09-16,influencer,13924.08,17772,589,11
CMP_google_ads_202509,2025-09-17,google_ads,1646.77,6260,388,28
CMP_meta_ads_202509,2025-09-17,meta_ads,1588.61,21840,463,8
CMP_email_202509,2025-09-17,email,17658.02,33504,1398,108
CMP_affiliate_202509,2025-09-17,affiliate,15017.39,22346,634,57
CMP_organic_social_202509,2025-09-17,organic_social,9574.38,23973,994,32
CMP_influencer_202509,2025-09-17,influencer,17046.42,51360,2045,185
CMP_google_ads_202509,2025-09-18,google_ads,52299.37,51135,2206,105
CMP_meta_ads_202509,2025-09-18,meta_ads,13346.11,18238,956,95
CMP_email_202509,2025-09-18,email,3055.0,39460,506,5
CMP_affiliate_202509,2025-09-18,affiliate,21922.47,38801,2435,233
CMP_organic_social_202509,2025-09-18,organic_social,17960.85,28027,1492,127
CMP_influencer_202509,2025-09-18,influencer,5917.42,4775,240,15
CMP_google_ads_202509,2025-09-19,google_ads,14848.04,28480,1235,57
CMP_meta_ads_202509,2025-09-19,meta_ads,14190.18,56462,1086,17
CMP_email_202509,2025-09-19,email,2373.41,12600,146,3
CMP_affiliate_202509,2025-09-19,affiliate,1098.76,3991,231,9
CMP_organic_social_202509,2025-09-19,organic_social,38020.55,44684,2908,77
CMP_influencer_202509,2025-09-19,influencer,20233.29,36836,2306,53
CMP_google_ads_202509,2025-09-20,google_ads,10661.49,36406,2228,242
CMP_meta_ads_202509,2025-09-20,meta_ads,42080.28,36295,2224,120
CMP_email_202509,2025-09-20,email,54814.7,57446,2216,202
CMP_affiliate_202509,2025-09-20,affiliate,2212.65,12413,191,8
CMP_organic_social_202509,2025-09-20,organic_social,8031.73,11860,844,100
CMP_influencer_202509,2025-09-20,influencer,25803.5,32052,2471,174
CMP_google_ads_202509,2025-09-21,google_ads,14982.97,15317,1102,117
CMP_meta_ads_202509,2025-09-21,meta_ads,14063.46,18997,711,78
CMP_email_202509,2025-09-21,email,730.4,4431,156,7
CMP_affiliate_202509,2025-09-21,affiliate,5247.66,55802,1445,140
CMP_organic_social_202509,2025-09-21,organic_social,13651.35,23185,848,36
CMP_influencer_202509,2025-09-21,influencer,6764.31,43065,482,32
CMP_google_ads_202509,2025-09-22,google_ads,14525.78,24052,997,67
CMP_meta_ads_202509,2025-09-22,meta_ads,7825.35,11655,328,27
CMP_email_202509,2025-09-22,email,6169.01,23593,436,7
CMP_affiliate_202509,2025-09-22,affiliate,25289.5,21799,1103,48
CMP_organic_social_202509,2025-09-22,organic_social,12848.67,35582,2336,204
CMP_influencer_202509,2025-09-22,influencer,3868.25,16959,256,2
CMP_google_ads_202509,2025-09-23,google_ads,16196.57,32914,760,84
CMP_meta_ads_202509,2025-09-23,meta_ads,18091.79,56229,1265,75
CMP_email_202509,2025-09-23,email,48441.45,58215,4004,283
CMP_affiliate_202509,2025-09-23,affiliate,9108.63,31172,889,62
CMP_organic_social_202509,2025-09-23,organic_social,13399.48,31212,921,13
CMP_influencer_202509,2025-09-23,influencer,2223.5,13801,667,21
CMP_google_ads_202509,2025-09-24,google_ads,12767.21,17447,1262,97
CMP_meta_ads_202509,2025-09-24,meta_ads,3419.62,20503,370,13
CMP_email_202509,2025-09-24,email,23931.14,32990,1072,41
CMP_affiliate_202509,2025-09-24,affiliate,13557.44,12581,856,57
CMP_organic_social_202509,2025-09-24,organic_social,17349.25,31057,703,46
CMP_influencer_202509,2025-09-24,influencer,26154.98,54184,1346,24
CMP_google_ads_202509,2025-09-25,google_ads,18034.52,20117,1235,82
CMP_meta_ads_202509,2025-09-25,meta_ads,46663.48,28946,2050,62
CMP_email_202509,2025-09-25,email,12963.61,38052,562,27
CMP_affiliate_202509,2025-09-25,affiliate,5643.66,30558,339,25
CMP_organic_social_202509,2025-09-25,organic_social,28625.63,21001,1270,41
CMP_influencer_202509,2025-09-25,influencer,4801.74,12903,569,33
CMP_google_ads_202509,2025-09-26,google_ads,9912.1,26122,819,45
CMP_meta_ads_202509,2025-09-26,meta_ads,6390.19,35564,1523,76
CMP_email_202509,2025-09-26,email,2803.28,11011,410,22
CMP_affiliate_202509,2025-09-26,affiliate,38033.17,28536,1975,102
CMP_organic_social_202509,2025-09-26,organic_social,11967.57,46404,1815,204
CMP_influencer_202509,2025-09-26,influencer,42116.89,47930,3090,230
CMP_google_ads_202509,2025-09-27,google_ads,28272.01,24683,1279,98
CMP_meta_ads_202509,2025-09-27,meta_ads,73853.11,56008,4332,285
CMP_email_202509,2025-09-27,email,3899.7,11129,688,39
CMP_affiliate_202509,2025-09-27,affiliate,27875.5,14712,1133,73
CMP_organic_social_202509,2025-09-27,organic_social,5184.81,23115,1508,26
CMP_influencer_202509,2025-09-27,influencer,48501.26,46142,2110,92
CMP_google_ads_202509,2025-09-28,google_ads,9419.4,20403,380,40
CMP_meta_ads_202509,2025-09-28,meta_ads,5664.82,11472,546,64
CMP_email_202509,2025-09-28,email,29364.84,45553,1884,164
CMP_affiliate_202509,2025-09-28,affiliate,36791.54,54903,1696,33
CMP_organic_social_202509,2025-09-28,organic_social,29625.08,28137,1328,103
CMP_influencer_202509,2025-09-28,influencer,2553.12,5486,120,7
CMP_google_ads_202509,2025-09-29,google_ads,34116.36,56231,3759,54
CMP_meta_ads_202509,2025-09-29,meta_ads,9295.74,44378,875,79
CMP_email_202509,2025-09-29,email,13424.16,13717,685,27
CMP_affiliate_202509,2025-09-29,affiliate,2025.4,17925,452,5
CMP_organic_social_202509,2025-09-29,organic_social,45517.47,48326,2584,248
CMP_influencer_202509,2025-09-29,influencer,24927.09,42076,1117,74
CMP_google_ads_202509,2025-09-30,google_ads,25075.16,24781,1363,68
CMP_meta_ads_202509,2025-09-30,meta_ads,4459.89,26784,1153,70
CMP_email_202509,2025-09-30,email,752.6,6621,156,3
CMP_affiliate_202509,2025-09-30,affiliate,1355.6,8003,173,17
CMP_organic_social_202509,2025-09-30,organic_social,6849.67,4598,296,33
CMP_influencer_202509,2025-09-30,influencer,17132.85,38078,690,33
CMP_google_ads_202510,2025-10-01,google_ads,2682.9,9495,149,2
CMP_meta_ads_202510,2025-10-01,meta_ads,10127.87,40005,1219,81
CMP_email_202510,2025-10-01,email,6276.01,23189,1059,109
CMP_affiliate_202510,2025-10-01,affiliate,13591.13,34880,1072,37
CMP_organic_social_202510,2025-10-01,organic_social,18782.39,32769,1598,150
CMP_influencer_202510,2025-10-01,influencer,73280.69,57820,4596,519
CMP_google_ads_202510,2025-10-02,google_ads,59699.27,47247,2481,96
CMP_meta_ads_202510,2025-10-02,meta_ads,20202.73,46553,1626,174
CMP_email_202510,2025-10-02,email,41500.14,31527,2356,124
CMP_affiliate_202510,2025-10-02,affiliate,1819.7,13627,459,54
CMP_organic_social_202510,2025-10-02,organic_social,33726.49,57502,1690,134
CMP_influencer_202510,2025-10-02,influencer,96779.83,59088,4726,322
CMP_google_ads_202510,2025-10-03,google_ads,4348.61,21812,1219,51
CMP_meta_ads_202510,2025-10-03,meta_ads,1636.37,17643,209,15
CMP_email_202510,2025-10-03,email,10160.04,50808,2688,233
CMP_affiliate_202510,2025-10-03,affiliate,2887.2,28370,892,71
CMP_organic_social_202510,2025-10-03,organic_social,18686.8,27929,872,86
CMP_influencer_202510,2025-10-03,influencer,5731.55,32368,1741,87
CMP_google_ads_202510,2025-10-04,google_ads,38628.96,32008,2032,111
CMP_meta_ads_202510,2025-10-04,meta_ads,7418.28,12044,687,21
CMP_email_202510,2025-10-04,email,28191.02,22696,1488,49
CMP_affiliate_202510,2025-10-04,affiliate,20983.09,29154,1614,36
CMP_organic_social_202510,2025-10-04,organic_social,36172.25,51790,3086,279
CMP_influencer_202510,2025-10-04,influencer,16822.0,50271,2899,122
CMP_google_ads_202510,2025-10-05,google_ads,22140.04,27776,1484,62
CMP_meta_ads_202510,2025-10-05,meta_ads,27720.89,35003,2649,236
CMP_email_202510,2025-10-05,email,25325.78,53889,2237,182
CMP_affiliate_202510,2025-10-05,affiliate,10888.91,54198,858,12
CMP_organic_social_202510,2025-10-05,organic_social,17184.53,51045,1276,59
CMP_influencer_202510,2025-10-05,influencer,40992.12,43972,2110,110
CMP_google_ads_202510,2025-10-06,google_ads,30231.1,34472,1706,53
CMP_meta_ads_202510,2025-10-06,meta_ads,3245.25,8753,320,8
CMP_email_202510,2025-10-06,email,9481.77,58193,955,78
CMP_affiliate_202510,2025-10-06,affiliate,33864.72,57867,1955,65
CMP_organic_social_202510,2025-10-06,organic_social,11482.71,31993,601,50
CMP_influencer_202510,2025-10-06,influencer,8150.8,23384,951,19
CMP_google_ads_202510,2025-10-07,google_ads,21312.8,50131,936,15
CMP_meta_ads_202510,2025-10-07,meta_ads,9349.9,43945,2532,253
CMP_email_202510,2025-10-07,email,3017.02,30942,807,37
CMP_affiliate_202510,2025-10-07,affiliate,11939.06,39948,850,96
CMP_organic_social_202510,2025-10-07,organic_social,5520.48,15555,781,68
CMP_influencer_202510,2025-10-07,influencer,17758.85,24814,1481,165
CMP_google_ads_202510,2025-10-08,google_ads,10666.67,29812,700,70
CMP_meta_ads_202510,2025-10-08,meta_ads,39635.86,55427,4328,353
CMP_email_202510,2025-10-08,email,1534.28,4734,82,9
CMP_affiliate_202510,2025-10-08,affiliate,41255.32,48535,1758,99
CMP_organic_social_202510,2025-10-08,organic_social,14525.74,35437,984,37
CMP_influencer_202510,2025-10-08,influencer,27741.27,25784,1601,24
CMP_google_ads_202510,2025-10-09,google_ads,5295.38,40383,742,8
CMP_meta_ads_202510,2025-10-09,meta_ads,5156.18,31260,668,58
CMP_email_202510,2025-10-09,email,42026.75,34363,1913,178
CMP_affiliate_202510,2025-10-09,affiliate,57224.78,52307,3042,71
CMP_organic_social_202510,2025-10-09,organic_social,2591.93,9120,170,7
CMP_influencer_202510,2025-10-09,influencer,2978.22,3716,235,18
CMP_google_ads_202510,2025-10-10,google_ads,11220.75,54281,826,26
CMP_meta_ads_202510,2025-10-10,meta_ads,26607.62,26540,1455,77
CMP_email_202510,2025-10-10,email,8846.45,7310,418,31
CMP_affiliate_202510,2025-10-10,affiliate,10645.99,25134,1630,85
CMP_organic_social_202510,2025-10-10,organic_social,8096.15,39455,2489,286
CMP_influencer_202510,2025-10-10,influencer,2686.72,12577,306,18
CMP_google_ads_202510,2025-10-11,google_ads,15856.35,36753,664,44
CMP_meta_ads_202510,2025-10-11,meta_ads,1295.61,4821,138,10
CMP_email_202510,2025-10-11,email,16272.11,39417,1916,54
CMP_affiliate_202510,2025-10-11,affiliate,12464.2,47278,910,88
CMP_organic_social_202510,2025-10-11,organic_social,2413.67,17574,306,7
CMP_influencer_202510,2025-10-11,influencer,38622.47,27263,1629,43
CMP_google_ads_202510,2025-10-12,google_ads,9429.26,43854,682,71
CMP_meta_ads_202510,2025-10-12,meta_ads,17718.58,30222,990,109
CMP_email_202510,2025-10-12,email,7346.14,13185,441,44
CMP_affiliate_202510,2025-10-12,affiliate,35500.39,23572,1705,167
CMP_organic_social_202510,2025-10-12,organic_social,27248.12,26606,1951,41
CMP_influencer_202510,2025-10-12,influencer,19970.3,58678,2868,219
CMP_google_ads_202510,2025-10-13,google_ads,9144.75,44167,914,78
CMP_meta_ads_202510,2025-10-13,meta_ads,18272.5,46102,3031,341
CMP_email_202510,2025-10-13,email,12916.7,42481,931,109
CMP_affiliate_202510,2025-10-13,affiliate,32042.17,57415,2672,238
CMP_organic_social_202510,2025-10-13,organic_social,5921.37,28695,878,82
CMP_influencer_202510,2025-10-13,influencer,856.73,2461,80,7
CMP_google_ads_202510,2025-10-14,google_ads,19074.72,56440,2129,85
CMP_meta_ads_202510,2025-10-14,meta_ads,11530.05,46143,2583,266
CMP_email_202510,2025-10-14,email,5179.16,25904,424,45
CMP_affiliate_202510,2025-10-14,affiliate,47233.86,40594,1974,233
CMP_organic_social_202510,2025-10-14,organic_social,76237.94,59578,4378,93
CMP_influencer_202510,2025-10-14,influencer,30949.5,39639,2361,222
CMP_google_ads_202510,2025-10-15,google_ads,18944.63,58017,1043,122
CMP_meta_ads_202510,2025-10-15,meta_ads,4364.21,45709,844,14
CMP_email_202510,2025-10-15,email,12112.56,33246,495,36
CMP_affiliate_202510,2025-10-15,affiliate,32858.73,30240,1852,128
CMP_organic_social_202510,2025-10-15,organic_social,12372.72,39831,937,104
CMP_influencer_202510,2025-10-15,influencer,6727.78,26728,1926,146
CMP_google_ads_202510,2025-10-16,google_ads,2113.24,3695,172,3
CMP_meta_ads_202510,2025-10-16,meta_ads,3366.3,32170,480,19
CMP_email_202510,2025-10-16,email,9493.08,27923,940,30
CMP_affiliate_202510,2025-10-16,affiliate,15580.01,21888,867,18
CMP_organic_social_202510,2025-10-16,organic_social,6200.18,16564,451,15
CMP_influencer_202510,2025-10-16,influencer,37962.01,44368,2939,261
CMP_google_ads_202510,2025-10-17,google_ads,19970.43,48495,2716,66
CMP_meta_ads_202510,2025-10-17,meta_ads,3858.41,18355,320,6
CMP_email_202510,2025-10-17,email,18876.31,24348,1098,117
CMP_affiliate_202510,2025-10-17,affiliate,6638.09,18631,648,41
CMP_organic_social_202510,2025-10-17,organic_social,20985.87,52790,2932,80
CMP_influencer_202510,2025-10-17,influencer,7627.34,29160,525,29
CMP_google_ads_202510,2025-10-18,google_ads,460.18,3699,84,6
CMP_meta_ads_202510,2025-10-18,meta_ads,14855.04,24495,673,79
CMP_email_202510,2025-10-18,email,1640.53,8938,163,11
CMP_affiliate_202510,2025-10-18,affiliate,25713.85,53518,1691,196
CMP_organic_social_202510,2025-10-18,organic_social,26842.99,39173,1137,47
CMP_influencer_202510,2025-10-18,influencer,7516.22,8532,536,37
CMP_google_ads_202510,2025-10-19,google_ads,31312.46,59816,2195,138
CMP_meta_ads_202510,2025-10-19,meta_ads,3836.49,3374,163,9
CMP_email_202510,2025-10-19,email,34920.41,47317,2765,32
CMP_affiliate_202510,2025-10-19,affiliate,8401.45,56417,2079,44
CMP_organic_social_202510,2025-10-19,organic_social,54261.53,55311,2299,107
CMP_influencer_202510,2025-10-19,influencer,3670.07,4609,219,22
CMP_google_ads_202510,2025-10-20,google_ads,10412.45,17543,1186,101
CMP_meta_ads_202510,2025-10-20,meta_ads,4438.65,4824,183,20
CMP_email_202510,2025-10-20,email,94220.73,53779,4264,400
CMP_affiliate_202510,2025-10-20,affiliate,29586.23,23618,1228,134
CMP_organic_social_202510,2025-10-20,organic_social,43168.71,24223,1756,142
CMP_influencer_202510,2025-10-20,influencer,6914.51,17975,277,32
CMP_google_ads_202510,2025-10-21,google_ads,5285.41,8142,523,25
CMP_meta_ads_202510,2025-10-21,meta_ads,39954.95,41217,2476,54
CMP_email_202510,2025-10-21,email,16942.15,44974,3547,321
CMP_affiliate_202510,2025-10-21,affiliate,40608.11,52492,1885,68
CMP_organic_social_202510,2025-10-21,organic_social,27846.05,40811,2983,250
CMP_influencer_202510,2025-10-21,influencer,7512.6,30617,394,35
CMP_google_ads_202510,2025-10-22,google_ads,11451.04,34418,610,51
CMP_meta_ads_202510,2025-10-22,meta_ads,10451.27,38587,941,80
CMP_email_202510,2025-10-22,email,51268.25,26475,2055,78
CMP_affiliate_202510,2025-10-22,affiliate,15575.42,35624,678,41
CMP_organic_social_202510,2025-10-22,organic_social,25967.28,38120,1528,55
CMP_influencer_202510,2025-10-22,influencer,2956.86,25100,410,34
CMP_google_ads_202510,2025-10-23,google_ads,5108.21,6436,379,28
CMP_meta_ads_202510,2025-10-23,meta_ads,7884.17,45494,607,31
CMP_email_202510,2025-10-23,email,13435.87,10136,610,71
CMP_affiliate_202510,2025-10-23,affiliate,14097.54,32579,1051,27
CMP_organic_social_202510,2025-10-23,organic_social,9395.01,27909,606,70
CMP_influencer_202510,2025-10-23,influencer,4423.23,11385,405,10
CMP_google_ads_202510,2025-10-24,google_ads,13624.4,52195,2361,230
CMP_meta_ads_202510,2025-10-24,meta_ads,16735.82,42202,938,74
CMP_email_202510,2025-10-24,email,13643.14,19551,1200,78
CMP_affiliate_202510,2025-10-24,affiliate,5589.61,23544,1263,58
CMP_organic_social_202510,2025-10-24,organic_social,30278.36,32072,1500,117
CMP_influencer_202510,2025-10-24,influencer,2253.78,32330,389,21
CMP_google_ads_202510,2025-10-25,google_ads,7555.73,21835,1426,118
CMP_meta_ads_202510,2025-10-25,meta_ads,23460.89,30011,1475,60
CMP_email_202510,2025-10-25,email,751.74,2696,211,2
CMP_affiliate_202510,2025-10-25,affiliate,20184.36,35509,2769,78
CMP_organic_social_202510,2025-10-25,organic_social,54089.8,38605,2454,225
CMP_influencer_202510,2025-10-25,influencer,33819.66,17151,1358,89
CMP_google_ads_202510,2025-10-26,google_ads,43930.54,56773,1898,77
CMP_meta_ads_202510,2025-10-26,meta_ads,61017.5,45870,2929,42
CMP_email_202510,2025-10-26,email,28293.14,22502,1372,25
CMP_affiliate_202510,2025-10-26,affiliate,5643.01,7765,598,62
CMP_organic_social_202510,2025-10-26,organic_social,14024.06,21538,1537,135
CMP_influencer_202510,2025-10-26,influencer,7085.94,5621,290,23
CMP_google_ads_202510,2025-10-27,google_ads,12519.07,58619,598,12
CMP_meta_ads_202510,2025-10-27,meta_ads,60372.63,40251,2513,40
CMP_email_202510,2025-10-27,email,62635.15,52541,2858,191
CMP_affiliate_202510,2025-10-27,affiliate,41477.45,39739,2873,216
CMP_organic_social_202510,2025-10-27,organic_social,14919.36,18567,978,27
CMP_influencer_202510,2025-10-27,influencer,6717.31,25337,451,32
CMP_google_ads_202510,2025-10-28,google_ads,28716.17,40987,1797,142
CMP_meta_ads_202510,2025-10-28,meta_ads,14876.51,33320,2083,140
CMP_email_202510,2025-10-28,email,4246.02,24488,638,41
CMP_affiliate_202510,2025-10-28,affiliate,20729.61,45160,999,25
CMP_organic_social_202510,2025-10-28,organic_social,17854.92,35226,1184,36
CMP_influencer_202510,2025-10-28,influencer,1820.08,6481,74,6
CMP_google_ads_202510,2025-10-29,google_ads,49558.9,38583,2653,301
CMP_meta_ads_202510,2025-10-29,meta_ads,62136.2,47068,2780,73
CMP_email_202510,2025-10-29,email,10904.87,32147,1586,108
CMP_affiliate_202510,2025-10-29,affiliate,16804.88,56833,4248,202
CMP_organic_social_202510,2025-10-29,organic_social,8015.07,20921,1594,82
CMP_influencer_202510,2025-10-29,influencer,63785.17,39108,2714,204
CMP_google_ads_202510,2025-10-30,google_ads,3094.33,4285,131,8
CMP_meta_ads_202510,2025-10-30,meta_ads,9495.3,43807,2131,200
CMP_email_202510,2025-10-30,email,4513.33,9606,666,67
CMP_affiliate_202510,2025-10-30,affiliate,8675.84,27943,705,79
CMP_organic_social_202510,2025-10-30,organic_social,31346.7,37742,1799,62
CMP_influencer_202510,2025-10-30,influencer,24424.65,30299,1714,79
CMP_google_ads_202510,2025-10-31,google_ads,14017.28,11482,745,43
CMP_meta_ads_202510,2025-10-31,meta_ads,36765.06,51451,1695,105
CMP_email_202510,2025-10-31,email,24594.03,30761,2367,54
CMP_affiliate_202510,2025-10-31,affiliate,5490.03,18843,331,13
CMP_organic_social_202510,2025-10-31,organic_social,17379.82,26719,1416,74
CMP_influencer_202510,2025-10-31,influencer,33661.64,35440,2167,45
CMP_google_ads_202511,2025-11-01,google_ads,2384.23,8184,117,1
CMP_meta_ads_202511,2025-11-01,meta_ads,28958.17,40149,2232,182
CMP_email_202511,2025-11-01,email,4725.5,15637,284,28
CMP_affiliate_202511,2025-11-01,affiliate,6557.4,3859,291,4
CMP_organic_social_202511,2025-11-01,organic_social,44234.36,38900,2189,143
CMP_influencer_202511,2025-11-01,influencer,16737.62,59302,4401,110
CMP_google_ads_202511,2025-11-02,google_ads,22307.75,32577,1299,81
CMP_meta_ads_202511,2025-11-02,meta_ads,9356.95,55035,1592,47
CMP_email_202511,2025-11-02,email,17726.35,58095,1075,51
CMP_affiliate_202511,2025-11-02,affiliate,6466.23,13559,664,77
CMP_organic_social_202511,2025-11-02,organic_social,8590.09,47212,2539,67
CMP_influencer_202511,2025-11-02,influencer,7869.68,22654,1130,56
CMP_google_ads_202511,2025-11-03,google_ads,14221.75,53789,831,49
CMP_meta_ads_202511,2025-11-03,meta_ads,37931.6,59442,1715,135
CMP_email_202511,2025-11-03,email,6038.7,24056,703,82
CMP_affiliate_202511,2025-11-03,affiliate,43421.03,47411,2520,257
CMP_organic_social_202511,2025-11-03,organic_social,55091.23,39995,2752,36
CMP_influencer_202511,2025-11-03,influencer,37954.3,57548,1645,29
CMP_google_ads_202511,2025-11-04,google_ads,6166.94,18621,505,51
CMP_meta_ads_202511,2025-11-04,meta_ads,36314.66,53218,3440,140
CMP_email_202511,2025-11-04,email,10532.1,53206,1080,47
CMP_affiliate_202511,2025-11-04,affiliate,5609.27,19256,687,64
CMP_organic_social_202511,2025-11-04,organic_social,10947.04,33128,465,46
CMP_influencer_202511,2025-11-04,influencer,34989.66,35527,2213,76
CMP_google_ads_202511,2025-11-05,google_ads,6905.97,3741,288,20
CMP_meta_ads_202511,2025-11-05,meta_ads,82183.86,59226,3860,299
CMP_email_202511,2025-11-05,email,39664.24,42027,3294,359
CMP_affiliate_202511,2025-11-05,affiliate,9659.67,50558,1358,25
CMP_organic_social_202511,2025-11-05,organic_social,5558.32,33173,1258,71
CMP_influencer_202511,2025-11-05,influencer,2736.18,19505,247,23
CMP_google_ads_202511,2025-11-06,google_ads,13328.26,44537,2243,242
CMP_meta_ads_202511,2025-11-06,meta_ads,29989.28,18533,1478,118
CMP_email_202511,2025-11-06,email,6130.18,10060,510,31
CMP_affiliate_202511,2025-11-06,affiliate,13632.42,47041,1500,176
CMP_organic_social_202511,2025-11-06,organic_social,40908.41,34869,2754,137
CMP_influencer_202511,2025-11-06,influencer,1944.67,6970,312,7
CMP_google_ads_202511,2025-11-07,google_ads,14587.66,26890,1868,147
CMP_meta_ads_202511,2025-11-07,meta_ads,19320.28,58797,2449,197
CMP_email_202511,2025-11-07,email,17607.15,37036,782,76
CMP_affiliate_202511,2025-11-07,affiliate,24201.92,44230,1733,167
CMP_organic_social_202511,2025-11-07,organic_social,54625.03,36501,2646,305
CMP_influencer_202511,2025-11-07,influencer,3146.47,4659,136,3
CMP_google_ads_202511,2025-11-08,google_ads,3383.07,26304,406,24
CMP_meta_ads_202511,2025-11-08,meta_ads,11287.93,37481,2689,319
CMP_email_202511,2025-11-08,email,11894.94,47918,727,61
CMP_affiliate_202511,2025-11-08,affiliate,2937.08,8037,139,11
CMP_organic_social_202511,2025-11-08,organic_social,8713.92,22442,521,59
CMP_influencer_202511,2025-11-08,influencer,30910.53,50098,2385,30
CMP_google_ads_202511,2025-11-09,google_ads,14621.6,27390,640,48
CMP_meta_ads_202511,2025-11-09,meta_ads,7955.63,12277,326,28
CMP_email_202511,2025-11-09,email,3635.7,13750,650,26
CMP_affiliate_202511,2025-11-09,affiliate,15332.89,42001,744,60
CMP_organic_social_202511,2025-11-09,organic_social,7315.42,15994,545,39
CMP_influencer_202511,2025-11-09,influencer,8039.53,13060,764,65
CMP_google_ads_202511,2025-11-10,google_ads,22792.57,45138,3477,111
CMP_meta_ads_202511,2025-11-10,meta_ads,4093.64,2271,173,8
CMP_email_202511,2025-11-10,email,49870.13,36271,2748,117
CMP_affiliate_202511,2025-11-10,affiliate,28745.94,37346,1189,98
CMP_organic_social_202511,2025-11-10,organic_social,5295.65,16290,794,28
CMP_influencer_202511,2025-11-10,influencer,7307.05,13175,435,49
CMP_google_ads_202511,2025-11-11,google_ads,47133.89,51212,3801,412
CMP_meta_ads_202511,2025-11-11,meta_ads,9921.79,26133,562,50
CMP_email_202511,2025-11-11,email,13698.01,39210,3110,262
CMP_affiliate_202511,2025-11-11,affiliate,4037.49,6434,334,36
CMP_organic_social_202511,2025-11-11,organic_social,15267.91,55567,3300,336
CMP_influencer_202511,2025-11-11,influencer,683.76,3070,172,3
CMP_google_ads_202511,2025-11-12,google_ads,13716.09,41556,1920,31
CMP_meta_ads_202511,2025-11-12,meta_ads,15377.26,51855,1344,62
CMP_email_202511,2025-11-12,email,38641.97,24747,1656,187
CMP_affiliate_202511,2025-11-12,affiliate,2780.58,11281,175,17
CMP_organic_social_202511,2025-11-12,organic_social,5683.55,49440,613,68
CMP_influencer_202511,2025-11-12,influencer,16520.25,36611,686,20
CMP_google_ads_202511,2025-11-13,google_ads,2290.98,14775,414,49
CMP_meta_ads_202511,2025-11-13,meta_ads,12370.09,32692,1112,22
CMP_email_202511,2025-11-13,email,33943.73,44717,2201,94
CMP_affiliate_202511,2025-11-13,affiliate,30593.57,20665,1599,122
CMP_organic_social_202511,2025-11-13,organic_social,2558.87,51423,608,68
CMP_influencer_202511,2025-11-13,influencer,13465.61,51846,2691,242
CMP_google_ads_202511,2025-11-14,google_ads,7148.67,6768,381,23
CMP_meta_ads_202511,2025-11-14,meta_ads,3971.56,14975,272,32
CMP_email_202511,2025-11-14,email,65215.23,56496,3422,232
CMP_affiliate_202511,2025-11-14,affiliate,4132.22,8532,606,55
CMP_organic_social_202511,2025-11-14,organic_social,48343.44,59860,4515,395
CMP_influencer_202511,2025-11-14,influencer,3510.12,18594,310,9
CMP_google_ads_202511,2025-11-15,google_ads,25488.25,58572,1256,52
CMP_meta_ads_202511,2025-11-15,meta_ads,6855.11,23164,1660,89
CMP_email_202511,2025-11-15,email,82631.98,56398,3411,102
CMP_affiliate_202511,2025-11-15,affiliate,1755.92,5658,215,20
CMP_organic_social_202511,2025-11-15,organic_social,67790.97,46388,3604,285
CMP_influencer_202511,2025-11-15,influencer,9618.2,27207,1276,70
CMP_google_ads_202511,2025-11-16,google_ads,3167.69,11273,892,58
CMP_meta_ads_202511,2025-11-16,meta_ads,48962.05,49049,2183,155
CMP_email_202511,2025-11-16,email,12245.87,52077,2165,115
CMP_affiliate_202511,2025-11-16,affiliate,24568.52,37374,1283,124
CMP_organic_social_202511,2025-11-16,organic_social,22207.76,39029,1171,99
CMP_influencer_202511,2025-11-16,influencer,13507.47,35268,1974,205
CMP_google_ads_202511,2025-11-17,google_ads,3195.41,5889,463,4
CMP_meta_ads_202511,2025-11-17,meta_ads,8507.75,26031,1302,23
CMP_email_202511,2025-11-17,email,4516.94,42615,626,35
CMP_affiliate_202511,2025-11-17,affiliate,14775.34,55352,3836,413
CMP_organic_social_202511,2025-11-17,organic_social,13402.21,28340,899,9
CMP_influencer_202511,2025-11-17,influencer,1880.45,19022,531,35
CMP_google_ads_202511,2025-11-18,google_ads,35443.88,44635,1833,174
CMP_meta_ads_202511,2025-11-18,meta_ads,2671.38,13494,157,5
CMP_email_202511,2025-11-18,email,41623.51,55488,4015,183
CMP_affiliate_202511,2025-11-18,affiliate,22341.0,49553,2937,342
CMP_organic_social_202511,2025-11-18,organic_social,23723.77,58931,1141,83
CMP_influencer_202511,2025-11-18,influencer,11434.71,28902,715,80
CMP_google_ads_202511,2025-11-19,google_ads,10360.36,51703,792,26
CMP_meta_ads_202511,2025-11-19,meta_ads,18408.05,32826,1034,111
CMP_email_202511,2025-11-19,email,6551.32,12749,431,20
CMP_affiliate_202511,2025-11-19,affiliate,26240.37,53866,1129,47
CMP_organic_social_202511,2025-11-19,organic_social,13093.73,56167,4302,469
CMP_influencer_202511,2025-11-19,influencer,60022.8,55588,3863,285
CMP_google_ads_202511,2025-11-20,google_ads,4969.28,26023,1444,39
CMP_meta_ads_202511,2025-11-20,meta_ads,2020.22,12433,506,44
CMP_email_202511,2025-11-20,email,33584.06,28984,1496,62
CMP_affiliate_202511,2025-11-20,affiliate,13437.88,32000,648,54
CMP_organic_social_202511,2025-11-20,organic_social,5902.99,20086,328,20
CMP_influencer_202511,2025-11-20,influencer,21498.6,37411,1259,34
CMP_google_ads_202511,2025-11-21,google_ads,20991.98,53688,3170,347
CMP_meta_ads_202511,2025-11-21,meta_ads,5406.35,10971,372,32
CMP_email_202511,2025-11-21,email,33407.98,49972,2617,73
CMP_affiliate_202511,2025-11-21,affiliate,8232.24,26766,554,57
CMP_organic_social_202511,2025-11-21,organic_social,6976.63,41556,436,23
CMP_influencer_202511,2025-11-21,influencer,32442.73,47780,2551,121
CMP_google_ads_202511,2025-11-22,google_ads,26091.14,44296,1744,89
CMP_meta_ads_202511,2025-11-22,meta_ads,10948.27,54798,1488,41
CMP_email_202511,2025-11-22,email,1312.09,9129,102,11
CMP_affiliate_202511,2025-11-22,affiliate,14259.76,34650,622,56
CMP_organic_social_202511,2025-11-22,organic_social,16038.22,34076,1903,62
CMP_influencer_202511,2025-11-22,influencer,41209.16,46458,2308,105
CMP_google_ads_202511,2025-11-23,google_ads,19331.81,30252,1866,181
CMP_meta_ads_202511,2025-11-23,meta_ads,8938.91,43633,1441,93
CMP_email_202511,2025-11-23,email,52978.27,58254,2528,56
CMP_affiliate_202511,2025-11-23,affiliate,23731.04,27101,1368,76
CMP_organic_social_202511,2025-11-23,organic_social,7549.14,24516,402,30
CMP_influencer_202511,2025-11-23,influencer,31078.53,33957,1273,143
CMP_google_ads_202511,2025-11-24,google_ads,2516.39,15317,222,12
CMP_meta_ads_202511,2025-11-24,meta_ads,48021.64,25461,1944,102
CMP_email_202511,2025-11-24,email,2681.2,7432,305,4
CMP_affiliate_202511,2025-11-24,affiliate,4520.45,54842,727,37
CMP_organic_social_202511,2025-11-24,organic_social,5861.04,27652,1627,64
CMP_influencer_202511,2025-11-24,influencer,16525.54,54521,1600,165
CMP_google_ads_202511,2025-11-25,google_ads,2303.47,20383,694,51
CMP_meta_ads_202511,2025-11-25,meta_ads,13847.48,20675,1041,38
CMP_email_202511,2025-11-25,email,41565.17,58303,3684,37
CMP_affiliate_202511,2025-11-25,affiliate,25623.06,34671,1157,115
CMP_organic_social_202511,2025-11-25,organic_social,22833.6,50675,2436,287
CMP_influencer_202511,2025-11-25,influencer,2343.64,12028,157,8
CMP_google_ads_202511,2025-11-26,google_ads,23873.87,46612,1201,94
CMP_meta_ads_202511,2025-11-26,meta_ads,12440.1,15640,760,85
CMP_email_202511,2025-11-26,email,55877.85,55875,2627,210
CMP_affiliate_202511,2025-11-26,affiliate,6043.93,22900,309,36
CMP_organic_social_202511,2025-11-26,organic_social,11572.67,51874,1358,69
CMP_influencer_202511,2025-11-26,influencer,10248.37,33904,1591,137
CMP_google_ads_202511,2025-11-27,google_ads,7216.72,12839,313,33
CMP_meta_ads_202511,2025-11-27,meta_ads,2561.41,24972,564,13
CMP_email_202511,2025-11-27,email,15264.06,53781,1211,35
CMP_affiliate_202511,2025-11-27,affiliate,4658.42,4057,225,23
CMP_organic_social_202511,2025-11-27,organic_social,73154.9,57509,4307,166
CMP_influencer_202511,2025-11-27,influencer,41102.32,44702,2970,272
CMP_google_ads_202511,2025-11-28,google_ads,56932.61,31801,2456,55
CMP_meta_ads_202511,2025-11-28,meta_ads,7794.53,18213,686,17
CMP_email_202511,2025-11-28,email,7187.57,9712,771,89
CMP_affiliate_202511,2025-11-28,affiliate,50341.34,33554,2335,77
CMP_organic_social_202511,2025-11-28,organic_social,20255.24,48547,2548,194
CMP_influencer_202511,2025-11-28,influencer,11053.15,35780,1395,47
CMP_google_ads_202511,2025-11-29,google_ads,25251.76,36990,2419,26
CMP_meta_ads_202511,2025-11-29,meta_ads,5001.95,16056,691,17
CMP_email_202511,2025-11-29,email,67020.91,37807,3009,70
CMP_affiliate_202511,2025-11-29,affiliate,73879.47,51116,3030,327
CMP_organic_social_202511,2025-11-29,organic_social,53322.91,54498,3111,329
CMP_influencer_202511,2025-11-29,influencer,7920.47,18925,932,28
CMP_google_ads_202511,2025-11-30,google_ads,23709.87,35565,2514,192
CMP_meta_ads_202511,2025-11-30,meta_ads,11336.47,32938,2551,113
CMP_email_202511,2025-11-30,email,63836.44,53473,2619,47
CMP_affiliate_202511,2025-11-30,affiliate,1210.7,21216,306,30
CMP_organic_social_202511,2025-11-30,organic_social,1709.73,2259,72,7
CMP_influencer_202511,2025-11-30,influencer,31267.38,25402,1408,85
CMP_google_ads_202512,2025-12-01,google_ads,3190.28,3970,301,15
CMP_meta_ads_202512,2025-12-01,meta_ads,7370.44,8452,562,54
CMP_email_202512,2025-12-01,email,6388.67,23738,685,10
CMP_affiliate_202512,2025-12-01,affiliate,73326.33,59788,3806,444
CMP_organic_social_202512,2025-12-01,organic_social,8616.18,29053,665,27
CMP_influencer_202512,2025-12-01,influencer,33978.86,31931,1996,191
CMP_google_ads_202512,2025-12-02,google_ads,2461.21,8913,683,62
CMP_meta_ads_202512,2025-12-02,meta_ads,4790.34,3610,197,10
CMP_email_202512,2025-12-02,email,2359.12,18902,305,25
CMP_affiliate_202512,2025-12-02,affiliate,36387.11,41882,1683,143
CMP_organic_social_202512,2025-12-02,organic_social,6811.64,20797,825,29
CMP_influencer_202512,2025-12-02,influencer,675.88,9726,109,4
CMP_google_ads_202512,2025-12-03,google_ads,7327.19,18107,425,18
CMP_meta_ads_202512,2025-12-03,meta_ads,24910.56,35917,1955,134
CMP_email_202512,2025-12-03,email,18209.18,37153,974,31
CMP_affiliate_202512,2025-12-03,affiliate,2030.59,26962,531,32
CMP_organic_social_202512,2025-12-03,organic_social,40525.6,51949,1667,118
CMP_influencer_202512,2025-12-03,influencer,14145.42,26435,585,69
CMP_google_ads_202512,2025-12-04,google_ads,12446.17,15736,500,26
CMP_meta_ads_202512,2025-12-04,meta_ads,6239.9,3842,289,30
CMP_email_202512,2025-12-04,email,2070.17,9426,348,37
CMP_affiliate_202512,2025-12-04,affiliate,5205.05,23409,977,87
CMP_organic_social_202512,2025-12-04,organic_social,2379.56,21033,528,43
CMP_influencer_202512,2025-12-04,influencer,2731.44,21105,321,5
CMP_google_ads_202512,2025-12-05,google_ads,25166.72,27915,1859,79
CMP_meta_ads_202512,2025-12-05,meta_ads,18936.55,53773,2703,276
CMP_email_202512,2025-12-05,email,9253.36,13566,756,68
CMP_affiliate_202512,2025-12-05,affiliate,12333.96,14675,752,18
CMP_organic_social_202512,2025-12-05,organic_social,14499.16,15721,1092,19
CMP_influencer_202512,2025-12-05,influencer,42055.22,59795,2019,108
CMP_google_ads_202512,2025-12-06,google_ads,35076.53,48417,1957,65
CMP_meta_ads_202512,2025-12-06,meta_ads,6444.03,19070,485,35
CMP_email_202512,2025-12-06,email,23758.93,24766,1169,75
CMP_affiliate_202512,2025-12-06,affiliate,24064.75,45344,3513,212
CMP_organic_social_202512,2025-12-06,organic_social,12591.73,36522,1368,96
CMP_influencer_202512,2025-12-06,influencer,13398.06,49490,651,12
CMP_google_ads_202512,2025-12-07,google_ads,22791.81,38359,3056,166
CMP_meta_ads_202512,2025-12-07,meta_ads,27260.99,34940,1216,101
CMP_email_202512,2025-12-07,email,51324.13,58773,4613,289
CMP_affiliate_202512,2025-12-07,affiliate,4875.88,25674,1488,34
CMP_organic_social_202512,2025-12-07,organic_social,14874.22,58095,4058,398
CMP_influencer_202512,2025-12-07,influencer,15738.68,30440,1618,113
CMP_google_ads_202512,2025-12-08,google_ads,4633.72,14432,262,14
CMP_meta_ads_202512,2025-12-08,meta_ads,23662.7,57015,1494,29
CMP_email_202512,2025-12-08,email,32612.93,35623,2063,53
CMP_affiliate_202512,2025-12-08,affiliate,11026.58,16305,1162,17
CMP_organic_social_202512,2025-12-08,organic_social,40351.4,51939,1774,112
CMP_influencer_202512,2025-12-08,influencer,6646.45,55541,1715,36
CMP_google_ads_202512,2025-12-09,google_ads,18164.92,21242,965,69
CMP_meta_ads_202512,2025-12-09,meta_ads,1817.43,20890,227,17
CMP_email_202512,2025-12-09,email,12830.95,25816,770,8
CMP_affiliate_202512,2025-12-09,affiliate,51874.87,45488,3193,157
CMP_organic_social_202512,2025-12-09,organic_social,10750.95,38738,469,24
CMP_influencer_202512,2025-12-09,influencer,18351.9,11571,795,80
CMP_google_ads_202512,2025-12-10,google_ads,11476.22,34929,1419,57
CMP_meta_ads_202512,2025-12-10,meta_ads,4083.54,8511,426,30
CMP_email_202512,2025-12-10,email,9862.8,11651,485,37
CMP_affiliate_202512,2025-12-10,affiliate,27128.15,35361,2373,167
CMP_organic_social_202512,2025-12-10,organic_social,72621.46,52388,3818,255
CMP_influencer_202512,2025-12-10,influencer,24493.58,29978,1121,87
CMP_google_ads_202512,2025-12-11,google_ads,5594.41,25461,1075,68
CMP_meta_ads_202512,2025-12-11,meta_ads,29312.67,20431,1423,21
CMP_email_202512,2025-12-11,email,1203.31,2361,111,7
CMP_affiliate_202512,2025-12-11,affiliate,20451.13,46053,1590,159
CMP_organic_social_202512,2025-12-11,organic_social,10612.63,17441,1126,127
CMP_influencer_202512,2025-12-11,influencer,34917.04,40020,1610,186
CMP_google_ads_202512,2025-12-12,google_ads,20481.19,37517,883,87
CMP_meta_ads_202512,2025-12-12,meta_ads,55544.95,50588,3786,214
CMP_email_202512,2025-12-12,email,6203.89,18564,1311,53
CMP_affiliate_202512,2025-12-12,affiliate,17727.25,40885,2842,339
CMP_organic_social_202512,2025-12-12,organic_social,15381.91,44817,1334,50
CMP_influencer_202512,2025-12-12,influencer,20026.7,19652,1181,128
CMP_google_ads_202512,2025-12-13,google_ads,45009.07,42923,2402,247
CMP_meta_ads_202512,2025-12-13,meta_ads,22367.09,18194,1423,30
CMP_email_202512,2025-12-13,email,10441.04,21117,494,12
CMP_affiliate_202512,2025-12-13,affiliate,5711.8,25411,1274,14
CMP_organic_social_202512,2025-12-13,organic_social,13814.84,19448,1202,35
CMP_influencer_202512,2025-12-13,influencer,8562.09,10709,428,30
CMP_google_ads_202512,2025-12-14,google_ads,17875.82,28720,1533,59
CMP_meta_ads_202512,2025-12-14,meta_ads,2210.61,17786,225,20
CMP_email_202512,2025-12-14,email,9206.07,43755,1022,31
CMP_affiliate_202512,2025-12-14,affiliate,19506.75,16597,902,99
CMP_organic_social_202512,2025-12-14,organic_social,3620.01,9329,380,35
CMP_influencer_202512,2025-12-14,influencer,21467.78,40566,924,52
CMP_google_ads_202512,2025-12-15,google_ads,32851.1,23587,1323,107
CMP_meta_ads_202512,2025-12-15,meta_ads,18832.24,35945,1706,36
CMP_email_202512,2025-12-15,email,94174.39,56099,4102,428
CMP_affiliate_202512,2025-12-15,affiliate,2212.48,5521,142,4
CMP_organic_social_202512,2025-12-15,organic_social,18432.64,23717,773,82
CMP_influencer_202512,2025-12-15,influencer,18137.36,22620,1748,177
CMP_google_ads_202512,2025-12-16,google_ads,8918.56,32456,1204,118
CMP_meta_ads_202512,2025-12-16,meta_ads,70650.67,59172,3201,286
CMP_email_202512,2025-12-16,email,29173.78,32395,1249,93
CMP_affiliate_202512,2025-12-16,affiliate,7405.39,31405,1738,47
CMP_organic_social_202512,2025-12-16,organic_social,394.34,2312,27,2
CMP_influencer_202512,2025-12-16,influencer,8630.53,44318,1300,68
CMP_google_ads_202512,2025-12-17,google_ads,8397.62,42782,1423,33
CMP_meta_ads_202512,2025-12-17,meta_ads,33147.63,27801,1484,61
CMP_email_202512,2025-12-17,email,18402.77,26229,1324,73
CMP_affiliate_202512,2025-12-17,affiliate,4858.8,10419,441,10
CMP_organic_social_202512,2025-12-17,organic_social,24348.52,50789,1965,109
CMP_influencer_202512,2025-12-17,influencer,3765.77,40526,728,83
CMP_google_ads_202512,2025-12-18,google_ads,42972.84,57900,1898,102
CMP_meta_ads_202512,2025-12-18,meta_ads,12416.07,38969,686,50
CMP_email_202512,2025-12-18,email,24594.03,48864,1347,150
CMP_affiliate_202512,2025-12-18,affiliate,12256.95,34036,917,105
CMP_organic_social_202512,2025-12-18,organic_social,17665.27,54294,1061,108
CMP_influencer_202512,2025-12-18,influencer,11875.5,46991,3374,190
CMP_google_ads_202512,2025-12-19,google_ads,8257.48,8819,395,35
CMP_meta_ads_202512,2025-12-19,meta_ads,13659.67,27110,613,42
CMP_email_202512,2025-12-19,email,27352.58,16244,1099,24
CMP_affiliate_202512,2025-12-19,affiliate,1037.31,4121,49,1
CMP_organic_social_202512,2025-12-19,organic_social,45617.07,30075,2364,151
CMP_influencer_202512,2025-12-19,influencer,60097.27,57717,2660,115
CMP_google_ads_202512,2025-12-20,google_ads,13373.11,18793,681,62
CMP_meta_ads_202512,2025-12-20,meta_ads,6652.38,28799,394,33
CMP_email_202512,2025-12-20,email,61380.12,47886,2534,124
CMP_affiliate_202512,2025-12-20,affiliate,91447.9,50885,3697,426
CMP_organic_social_202512,2025-12-20,organic_social,46460.43,36072,2209,108
CMP_influencer_202512,2025-12-20,influencer,4056.89,20607,527,59
CMP_google_ads_202512,2025-12-21,google_ads,16801.98,33372,2054,115
CMP_meta_ads_202512,2025-12-21,meta_ads,4959.08,8301,520,47
CMP_email_202512,2025-12-21,email,14685.06,54373,3203,41
CMP_affiliate_202512,2025-12-21,affiliate,12879.63,26493,1389,161
CMP_organic_social_202512,2025-12-21,organic_social,19996.61,36654,1467,66
CMP_influencer_202512,2025-12-21,influencer,13040.4,56857,4165,323
CMP_google_ads_202512,2025-12-22,google_ads,11149.91,49479,2793,44
CMP_meta_ads_202512,2025-12-22,meta_ads,6992.09,26445,683,17
CMP_email_202512,2025-12-22,email,1548.19,4023,192,9
CMP_affiliate_202512,2025-12-22,affiliate,28523.52,25574,1634,71
CMP_organic_social_202512,2025-12-22,organic_social,41669.98,44949,2602,297
CMP_influencer_202512,2025-12-22,influencer,11526.0,15129,690,66
CMP_google_ads_202512,2025-12-23,google_ads,57913.74,51800,2647,139
CMP_meta_ads_202512,2025-12-23,meta_ads,29672.44,43160,1859,190
CMP_email_202512,2025-12-23,email,36221.56,57460,2805,277
CMP_affiliate_202512,2025-12-23,affiliate,2655.35,21680,333,4
CMP_organic_social_202512,2025-12-23,organic_social,44738.93,48252,2929,305
CMP_influencer_202512,2025-12-23,influencer,3573.39,7589,555,63
CMP_google_ads_202512,2025-12-24,google_ads,10255.97,53496,1057,80
CMP_meta_ads_202512,2025-12-24,meta_ads,4267.99,31170,419,41
CMP_email_202512,2025-12-24,email,15353.35,15875,806,45
CMP_affiliate_202512,2025-12-24,affiliate,13301.55,20243,1485,80
CMP_organic_social_202512,2025-12-24,organic_social,12630.26,29654,1127,75
CMP_influencer_202512,2025-12-24,influencer,51580.04,45166,3475,84
CMP_google_ads_202512,2025-12-25,google_ads,30203.74,30605,1740,39
CMP_meta_ads_202512,2025-12-25,meta_ads,18468.98,22188,1464,164
CMP_email_202512,2025-12-25,email,747.3,7825,117,11
CMP_affiliate_202512,2025-12-25,affiliate,9638.11,21090,821,49
CMP_organic_social_202512,2025-12-25,organic_social,32764.13,33277,1661,105
CMP_influencer_202512,2025-12-25,influencer,26245.48,55400,2606,308
CMP_google_ads_202512,2025-12-26,google_ads,69901.53,52309,4094,442
CMP_meta_ads_202512,2025-12-26,meta_ads,53082.01,45163,2293,68
CMP_email_202512,2025-12-26,email,900.18,3334,187,14
CMP_affiliate_202512,2025-12-26,affiliate,24663.8,57573,3538,235
CMP_organic_social_202512,2025-12-26,organic_social,7059.5,13278,385,12
CMP_influencer_202512,2025-12-26,influencer,651.14,5174,55,5
CMP_google_ads_202512,2025-12-27,google_ads,20045.81,17619,995,33
CMP_meta_ads_202512,2025-12-27,meta_ads,6817.47,30251,509,13
CMP_email_202512,2025-12-27,email,26289.92,50379,1366,155
CMP_affiliate_202512,2025-12-27,affiliate,31408.82,56249,1259,75
CMP_organic_social_202512,2025-12-27,organic_social,6944.43,14504,552,39
CMP_influencer_202512,2025-12-27,influencer,5213.02,6917,381,18
CMP_google_ads_202512,2025-12-28,google_ads,14743.2,42432,1185,92
CMP_meta_ads_202512,2025-12-28,meta_ads,13972.72,41634,1349,124
CMP_email_202512,2025-12-28,email,45442.55,46491,2271,35
CMP_affiliate_202512,2025-12-28,affiliate,732.57,3120,82,2
CMP_organic_social_202512,2025-12-28,organic_social,6734.58,25424,604,18
CMP_influencer_202512,2025-12-28,influencer,20669.37,31779,1197,18
CMP_google_ads_202512,2025-12-29,google_ads,7887.87,10739,695,54
CMP_meta_ads_202512,2025-12-29,meta_ads,14223.82,20379,1351,95
CMP_email_202512,2025-12-29,email,19094.27,27458,933,85
CMP_affiliate_202512,2025-12-29,affiliate,43460.95,25853,1874,58
CMP_organic_social_202512,2025-12-29,organic_social,20228.9,45346,2258,189
CMP_influencer_202512,2025-12-29,influencer,12171.88,32014,1666,189
CMP_google_ads_202512,2025-12-30,google_ads,9961.78,53858,1606,135
CMP_meta_ads_202512,2025-12-30,meta_ads,22235.6,27256,1093,64
CMP_email_202512,2025-12-30,email,7993.9,33877,504,36
CMP_affiliate_202512,2025-12-30,affiliate,72166.52,57297,3224,42
CMP_organic_social_202512,2025-12-30,organic_social,33068.48,44088,2912,30
CMP_influencer_202512,2025-12-30,influencer,59812.63,57544,3637,294
CMP_google_ads_202512,2025-12-31,google_ads,2327.51,6889,143,11
CMP_meta_ads_202512,2025-12-31,meta_ads,17838.9,16164,880,83
CMP_email_202512,2025-12-31,email,20422.71,36421,977,66
CMP_affiliate_202512,2025-12-31,affiliate,4992.64,12449,276,22
CMP_organic_social_202512,2025-12-31,organic_social,10180.87,16690,776,53
CMP_influencer_202512,2025-12-31,influencer,5111.7,11323,268,7
CMP_google_ads_202601,2026-01-01,google_ads,37794.87,45769,1955,37
CMP_meta_ads_202601,2026-01-01,meta_ads,14718.37,48458,761,65
CMP_email_202601,2026-01-01,email,4700.46,35322,1041,62
CMP_affiliate_202601,2026-01-01,affiliate,37807.48,48541,2145,71
CMP_organic_social_202601,2026-01-01,organic_social,16798.14,17825,860,39
CMP_influencer_202601,2026-01-01,influencer,14250.08,20577,1337,51
CMP_google_ads_202601,2026-01-02,google_ads,17858.38,43545,1549,76
CMP_meta_ads_202601,2026-01-02,meta_ads,31000.65,48046,2272,198
CMP_email_202601,2026-01-02,email,1688.36,7465,327,32
CMP_affiliate_202601,2026-01-02,affiliate,31272.19,53714,3103,156
CMP_organic_social_202601,2026-01-02,organic_social,4753.87,6533,366,17
CMP_influencer_202601,2026-01-02,influencer,611.05,4519,123,5
CMP_google_ads_202601,2026-01-03,google_ads,3553.14,22496,339,39
CMP_meta_ads_202601,2026-01-03,meta_ads,35447.67,46734,3053,175
CMP_email_202601,2026-01-03,email,41011.32,26494,1739,42
CMP_affiliate_202601,2026-01-03,affiliate,20777.1,41731,3269,302
CMP_organic_social_202601,2026-01-03,organic_social,4834.0,22367,1095,111
CMP_influencer_202601,2026-01-03,influencer,13387.73,25270,1943,152
CMP_google_ads_202601,2026-01-04,google_ads,1071.35,17483,192,3
CMP_meta_ads_202601,2026-01-04,meta_ads,10188.46,26219,734,65
CMP_email_202601,2026-01-04,email,12961.67,11373,577,7
CMP_affiliate_202601,2026-01-04,affiliate,11626.65,11560,793,72
CMP_organic_social_202601,2026-01-04,organic_social,12533.16,19034,1003,52
CMP_influencer_202601,2026-01-04,influencer,46264.07,29574,2213,164
CMP_google_ads_202601,2026-01-05,google_ads,73771.07,45048,3202,97
CMP_meta_ads_202601,2026-01-05,meta_ads,47320.87,55604,1921,66
CMP_email_202601,2026-01-05,email,59647.96,46363,2802,121
CMP_affiliate_202601,2026-01-05,affiliate,4396.06,48949,835,35
CMP_organic_social_202601,2026-01-05,organic_social,13537.16,33091,1887,191
CMP_influencer_202601,2026-01-05,influencer,9480.09,15649,1151,25
CMP_google_ads_202601,2026-01-06,google_ads,1665.44,3684,282,33
CMP_meta_ads_202601,2026-01-06,meta_ads,4814.23,24679,769,65
CMP_email_202601,2026-01-06,email,38401.92,30724,2259,225
CMP_affiliate_202601,2026-01-06,affiliate,23877.64,21945,1180,89
CMP_organic_social_202601,2026-01-06,organic_social,22092.63,25263,1382,76
CMP_influencer_202601,2026-01-06,influencer,13422.3,45023,955,36
CMP_google_ads_202601,2026-01-07,google_ads,16797.76,40385,1230,93
CMP_meta_ads_202601,2026-01-07,meta_ads,13489.14,28651,1087,100
CMP_email_202601,2026-01-07,email,6441.42,6236,289,17
CMP_affiliate_202601,2026-01-07,affiliate,15564.85,57375,874,87
CMP_organic_social_202601,2026-01-07,organic_social,13796.55,32522,1920,40
CMP_influencer_202601,2026-01-07,influencer,6547.91,38646,760,86
CMP_google_ads_202601,2026-01-08,google_ads,37716.88,39533,1584,130
CMP_meta_ads_202601,2026-01-08,meta_ads,1400.3,6823,112,1
CMP_email_202601,2026-01-08,email,17212.17,57158,2854,94
CMP_affiliate_202601,2026-01-08,affiliate,37636.43,20134,1573,38
CMP_organic_social_202601,2026-01-08,organic_social,33982.71,29872,2215,41
CMP_influencer_202601,2026-01-08,influencer,81697.89,49555,3325,210
CMP_google_ads_202601,2026-01-09,google_ads,45100.54,38991,2711,302
CMP_meta_ads_202601,2026-01-09,meta_ads,7485.07,25129,1009,103
CMP_email_202601,2026-01-09,email,6484.46,27274,1891,162
CMP_affiliate_202601,2026-01-09,affiliate,19750.41,17729,1075,14
CMP_organic_social_202601,2026-01-09,organic_social,9475.52,35141,1643,34
CMP_influencer_202601,2026-01-09,influencer,23601.11,17328,1376,17
CMP_google_ads_202601,2026-01-10,google_ads,47496.13,59633,4419,503
CMP_meta_ads_202601,2026-01-10,meta_ads,1538.94,5100,300,29
CMP_email_202601,2026-01-10,email,38821.68,49562,3182,361
CMP_affiliate_202601,2026-01-10,affiliate,11298.12,43791,620,30
CMP_organic_social_202601,2026-01-10,organic_social,6261.05,8877,335,30
CMP_influencer_202601,2026-01-10,influencer,31113.45,22731,1514,100
CMP_google_ads_202601,2026-01-11,google_ads,2016.67,26762,527,52
CMP_meta_ads_202601,2026-01-11,meta_ads,52219.41,35961,2505,109
CMP_email_202601,2026-01-11,email,2740.55,11482,430,19
CMP_affiliate_202601,2026-01-11,affiliate,11179.08,43150,1262,90
CMP_organic_social_202601,2026-01-11,organic_social,5322.89,36130,1429,143
CMP_influencer_202601,2026-01-11,influencer,13392.02,8654,666,6
CMP_google_ads_202601,2026-01-12,google_ads,15205.05,16884,764,84
CMP_meta_ads_202601,2026-01-12,meta_ads,20385.54,11134,828,89
CMP_email_202601,2026-01-12,email,66787.69,49433,3847,239
CMP_affiliate_202601,2026-01-12,affiliate,25228.4,59173,2045,154
CMP_organic_social_202601,2026-01-12,organic_social,6058.99,4562,285,16
CMP_influencer_202601,2026-01-12,influencer,5819.17,15899,605,27
CMP_google_ads_202601,2026-01-13,google_ads,16924.11,47568,1807,51
CMP_meta_ads_202601,2026-01-13,meta_ads,23879.93,40928,1418,152
CMP_email_202601,2026-01-13,email,5161.48,13572,414,17
CMP_affiliate_202601,2026-01-13,affiliate,4361.47,21303,256,18
CMP_organic_social_202601,2026-01-13,organic_social,26728.71,34341,1581,145
CMP_influencer_202601,2026-01-13,influencer,8066.52,43803,900,69
CMP_google_ads_202601,2026-01-14,google_ads,24821.15,22740,1398,134
CMP_meta_ads_202601,2026-01-14,meta_ads,5233.33,12348,440,30
CMP_email_202601,2026-01-14,email,2380.08,4937,254,22
CMP_affiliate_202601,2026-01-14,affiliate,6941.7,34316,1130,81
CMP_organic_social_202601,2026-01-14,organic_social,10873.82,36596,473,19
CMP_influencer_202601,2026-01-14,influencer,2945.91,3898,209,22
CMP_google_ads_202601,2026-01-15,google_ads,10879.73,37649,979,24
CMP_meta_ads_202601,2026-01-15,meta_ads,38226.16,58365,2214,198
CMP_email_202601,2026-01-15,email,35270.05,57497,2793,165
CMP_affiliate_202601,2026-01-15,affiliate,24989.55,24990,1436,72
CMP_organic_social_202601,2026-01-15,organic_social,1940.09,19097,303,21
CMP_influencer_202601,2026-01-15,influencer,1612.01,5309,272,15
CMP_google_ads_202601,2026-01-16,google_ads,42217.68,39163,2557,107
CMP_meta_ads_202601,2026-01-16,meta_ads,17628.72,13292,723,59
CMP_email_202601,2026-01-16,email,26355.32,55997,3360,116
CMP_affiliate_202601,2026-01-16,affiliate,8778.9,16878,957,109
CMP_organic_social_202601,2026-01-16,organic_social,5411.35,19428,797,85
CMP_influencer_202601,2026-01-16,influencer,2076.52,12931,138,15
CMP_google_ads_202601,2026-01-17,google_ads,4776.77,7898,323,22
CMP_meta_ads_202601,2026-01-17,meta_ads,40531.33,42788,2704,120
CMP_email_202601,2026-01-17,email,21276.31,23744,1786,112
CMP_affiliate_202601,2026-01-17,affiliate,26280.17,31770,2330,51
CMP_organic_social_202601,2026-01-17,organic_social,32717.36,42788,2031,219
CMP_influencer_202601,2026-01-17,influencer,9848.71,12667,431,32
CMP_google_ads_202601,2026-01-18,google_ads,5520.87,19752,980,105
CMP_meta_ads_202601,2026-01-18,meta_ads,16578.98,54860,784,18
CMP_email_202601,2026-01-18,email,14939.77,55459,799,51
CMP_affiliate_202601,2026-01-18,affiliate,3558.8,14295,261,18
CMP_organic_social_202601,2026-01-18,organic_social,26564.93,22808,1371,138
CMP_influencer_202601,2026-01-18,influencer,50718.79,41141,2823,83
CMP_google_ads_202601,2026-01-19,google_ads,5847.15,15345,684,54
CMP_meta_ads_202601,2026-01-19,meta_ads,38839.7,34192,1887,101
CMP_email_202601,2026-01-19,email,29106.48,52594,2868,295
CMP_affiliate_202601,2026-01-19,affiliate,1536.36,7517,295,32
CMP_organic_social_202601,2026-01-19,organic_social,39498.8,41195,2960,308
CMP_influencer_202601,2026-01-19,influencer,32769.15,48308,1862,66
CMP_google_ads_202601,2026-01-20,google_ads,17123.0,26190,1059,106
CMP_meta_ads_202601,2026-01-20,meta_ads,19086.03,19982,1114,22
CMP_email_202601,2026-01-20,email,10604.92,52645,2745,188
CMP_affiliate_202601,2026-01-20,affiliate,4393.06,14247,322,4
CMP_organic_social_202601,2026-01-20,organic_social,8739.15,51635,2679,295
CMP_influencer_202601,2026-01-20,influencer,13916.79,39992,1150,57
CMP_google_ads_202601,2026-01-21,google_ads,4371.16,16291,641,51
CMP_meta_ads_202601,2026-01-21,meta_ads,9710.08,12351,920,65
CMP_email_202601,2026-01-21,email,46381.26,56390,1985,229
CMP_affiliate_202601,2026-01-21,affiliate,4341.98,38109,1276,126
CMP_organic_social_202601,2026-01-21,organic_social,33447.75,53390,2481,111
CMP_influencer_202601,2026-01-21,influencer,70087.59,44130,2849,156
CMP_google_ads_202601,2026-01-22,google_ads,67675.8,52962,3388,72
CMP_meta_ads_202601,2026-01-22,meta_ads,14272.36,44895,1536,43
CMP_email_202601,2026-01-22,email,13733.42,32711,631,22
CMP_affiliate_202601,2026-01-22,affiliate,4434.62,42852,1125,117
CMP_organic_social_202601,2026-01-22,organic_social,3279.75,3646,228,21
CMP_influencer_202601,2026-01-22,influencer,6555.58,37709,2144,193
CMP_google_ads_202601,2026-01-23,google_ads,32609.11,55383,1673,168
CMP_meta_ads_202601,2026-01-23,meta_ads,10885.71,52908,644,22
CMP_email_202601,2026-01-23,email,27642.57,45962,2437,197
CMP_affiliate_202601,2026-01-23,affiliate,1649.58,7584,497,8
CMP_organic_social_202601,2026-01-23,organic_social,13166.22,25749,738,78
CMP_influencer_202601,2026-01-23,influencer,42228.97,42935,1716,92
CMP_google_ads_202601,2026-01-24,google_ads,51120.4,43240,2631,39
CMP_meta_ads_202601,2026-01-24,meta_ads,34309.39,26096,1877,158
CMP_email_202601,2026-01-24,email,5625.21,25687,903,84
CMP_affiliate_202601,2026-01-24,affiliate,20318.67,50654,3080,152
CMP_organic_social_202601,2026-01-24,organic_social,25207.69,25485,1409,88
CMP_influencer_202601,2026-01-24,influencer,3015.16,33596,501,46
CMP_google_ads_202601,2026-01-25,google_ads,18762.54,16011,799,82
CMP_meta_ads_202601,2026-01-25,meta_ads,72224.77,58142,3460,145
CMP_email_202601,2026-01-25,email,19190.84,19902,1129,39
CMP_affiliate_202601,2026-01-25,affiliate,28055.83,16962,1305,109
CMP_organic_social_202601,2026-01-25,organic_social,59689.12,49515,3074,305
CMP_influencer_202601,2026-01-25,influencer,2148.79,3482,109,3
CMP_google_ads_202601,2026-01-26,google_ads,22438.09,36005,1968,55
CMP_meta_ads_202601,2026-01-26,meta_ads,27887.67,58373,3465,187
CMP_email_202601,2026-01-26,email,4096.99,46771,1351,101
CMP_affiliate_202601,2026-01-26,affiliate,20386.95,21618,817,31
CMP_organic_social_202601,2026-01-26,organic_social,45752.38,33597,2031,39
CMP_influencer_202601,2026-01-26,influencer,3816.98,9923,238,11
CMP_google_ads_202601,2026-01-27,google_ads,55172.28,39155,2890,112
CMP_meta_ads_202601,2026-01-27,meta_ads,1779.48,2621,139,15
CMP_email_202601,2026-01-27,email,14506.43,30641,965,36
CMP_affiliate_202601,2026-01-27,affiliate,7382.39,15658,324,33
CMP_organic_social_202601,2026-01-27,organic_social,1329.96,5405,185,17
CMP_influencer_202601,2026-01-27,influencer,26669.07,41656,1787,39
CMP_google_ads_202601,2026-01-28,google_ads,60264.46,43152,2683,62
CMP_meta_ads_202601,2026-01-28,meta_ads,11130.03,16669,1033,16
CMP_email_202601,2026-01-28,email,41023.43,47831,3766,175
CMP_affiliate_202601,2026-01-28,affiliate,3356.54,18079,876,51
CMP_organic_social_202601,2026-01-28,organic_social,3457.22,9344,673,71
CMP_influencer_202601,2026-01-28,influencer,16541.82,17740,1227,55
CMP_google_ads_202601,2026-01-29,google_ads,2543.24,9456,447,37
CMP_meta_ads_202601,2026-01-29,meta_ads,15856.89,22921,1134,85
CMP_email_202601,2026-01-29,email,8779.07,7888,359,37
CMP_affiliate_202601,2026-01-29,affiliate,17040.56,21822,768,83
CMP_organic_social_202601,2026-01-29,organic_social,18939.44,23061,943,62
CMP_influencer_202601,2026-01-29,influencer,27034.44,44472,1183,34
CMP_google_ads_202601,2026-01-30,google_ads,6712.63,19523,977,55
CMP_meta_ads_202601,2026-01-30,meta_ads,85764.7,53117,3744,289
CMP_email_202601,2026-01-30,email,11478.62,43824,1894,189
CMP_affiliate_202601,2026-01-30,affiliate,6181.21,7209,427,26
CMP_organic_social_202601,2026-01-30,organic_social,486.79,2112,116,10
CMP_influencer_202601,2026-01-30,influencer,12682.7,46634,2866,242
CMP_google_ads_202601,2026-01-31,google_ads,24852.44,38293,1025,117
CMP_meta_ads_202601,2026-01-31,meta_ads,3399.03,9907,149,7
CMP_email_202601,2026-01-31,email,22653.84,58579,4064,191
CMP_affiliate_202601,2026-01-31,affiliate,13420.58,52563,879,12
CMP_organic_social_202601,2026-01-31,organic_social,3475.05,9632,608,11
CMP_influencer_202601,2026-01-31,influencer,16633.31,11981,711,64
CMP_google_ads_202602,2026-02-01,google_ads,3769.84,12063,230,24
CMP_meta_ads_202602,2026-02-01,meta_ads,38896.72,45336,2588,233
CMP_email_202602,2026-02-01,email,23120.49,20570,1233,118
CMP_affiliate_202602,2026-02-01,affiliate,30790.54,48272,1631,186
CMP_organic_social_202602,2026-02-01,organic_social,27885.54,25609,1826,77
CMP_influencer_202602,2026-02-01,influencer,19037.23,55544,1992,125
CMP_google_ads_202602,2026-02-02,google_ads,17203.98,49151,714,49
CMP_meta_ads_202602,2026-02-02,meta_ads,7312.83,44677,690,40
CMP_email_202602,2026-02-02,email,3682.36,11542,852,68
CMP_affiliate_202602,2026-02-02,affiliate,24917.85,39469,1217,43
CMP_organic_social_202602,2026-02-02,organic_social,19027.24,39459,2381,208
CMP_influencer_202602,2026-02-02,influencer,948.77,4061,136,12
CMP_google_ads_202602,2026-02-03,google_ads,47767.97,41929,2042,85
CMP_meta_ads_202602,2026-02-03,meta_ads,30706.77,43678,3246,87
CMP_email_202602,2026-02-03,email,28832.15,26114,1297,28
CMP_affiliate_202602,2026-02-03,affiliate,12562.33,25974,1105,99
CMP_organic_social_202602,2026-02-03,organic_social,18991.97,37829,1349,36
CMP_influencer_202602,2026-02-03,influencer,6467.17,23774,1493,165
CMP_google_ads_202602,2026-02-04,google_ads,4236.71,9220,288,23
CMP_meta_ads_202602,2026-02-04,meta_ads,20945.33,20809,1003,94
CMP_email_202602,2026-02-04,email,1442.77,6055,415,49
CMP_affiliate_202602,2026-02-04,affiliate,16517.57,48465,1002,29
CMP_organic_social_202602,2026-02-04,organic_social,15950.64,31531,1325,122
CMP_influencer_202602,2026-02-04,influencer,13515.09,33128,1054,87
CMP_google_ads_202602,2026-02-05,google_ads,16418.92,30929,692,14
CMP_meta_ads_202602,2026-02-05,meta_ads,9422.69,30918,455,26
CMP_email_202602,2026-02-05,email,12280.08,8845,646,40
CMP_affiliate_202602,2026-02-05,affiliate,10379.56,37535,2068,196
CMP_organic_social_202602,2026-02-05,organic_social,6075.82,45531,1396,53
CMP_influencer_202602,2026-02-05,influencer,19152.46,31841,1337,47
CMP_google_ads_202602,2026-02-06,google_ads,11391.89,27693,1324,69
CMP_meta_ads_202602,2026-02-06,meta_ads,17708.37,55553,3679,180
CMP_email_202602,2026-02-06,email,8457.89,20902,1478,59
CMP_affiliate_202602,2026-02-06,affiliate,3563.82,48861,1155,32
CMP_organic_social_202602,2026-02-06,organic_social,39440.99,34964,1615,143
CMP_influencer_202602,2026-02-06,influencer,6911.89,7412,278,15
CMP_google_ads_202602,2026-02-07,google_ads,6499.12,19368,1228,56
CMP_meta_ads_202602,2026-02-07,meta_ads,931.88,10216,187,4
CMP_email_202602,2026-02-07,email,44825.19,47997,2073,27
CMP_affiliate_202602,2026-02-07,affiliate,48096.51,53262,3350,293
CMP_organic_social_202602,2026-02-07,organic_social,5388.24,53965,689,50
CMP_influencer_202602,2026-02-07,influencer,8745.71,49258,624,44
CMP_google_ads_202602,2026-02-08,google_ads,6635.29,9974,500,40
CMP_meta_ads_202602,2026-02-08,meta_ads,1123.4,5173,117,3
CMP_email_202602,2026-02-08,email,11671.0,39595,816,52
CMP_affiliate_202602,2026-02-08,affiliate,30211.96,27507,1435,38
CMP_organic_social_202602,2026-02-08,organic_social,15469.4,52971,1083,106
CMP_influencer_202602,2026-02-08,influencer,17665.46,50871,1196,86
CMP_google_ads_202602,2026-02-09,google_ads,6622.07,59529,1635,165
CMP_meta_ads_202602,2026-02-09,meta_ads,6152.26,19409,511,29
CMP_email_202602,2026-02-09,email,22573.66,33294,2218,80
CMP_affiliate_202602,2026-02-09,affiliate,4666.93,11413,505,32
CMP_organic_social_202602,2026-02-09,organic_social,48351.1,35231,2628,173
CMP_influencer_202602,2026-02-09,influencer,66468.76,52836,2862,338
CMP_google_ads_202602,2026-02-10,google_ads,16451.28,45857,659,17
CMP_meta_ads_202602,2026-02-10,meta_ads,12193.22,22381,1572,73
CMP_email_202602,2026-02-10,email,25501.41,29887,2187,225
CMP_affiliate_202602,2026-02-10,affiliate,64514.59,41837,2675,173
CMP_organic_social_202602,2026-02-10,organic_social,10256.8,15746,476,38
CMP_influencer_202602,2026-02-10,influencer,2675.83,24114,335,3
CMP_google_ads_202602,2026-02-11,google_ads,9642.6,33689,1218,33
CMP_meta_ads_202602,2026-02-11,meta_ads,43925.31,43591,1991,119
CMP_email_202602,2026-02-11,email,9864.55,6368,400,19
CMP_affiliate_202602,2026-02-11,affiliate,10423.98,14148,736,44
CMP_organic_social_202602,2026-02-11,organic_social,35920.71,26034,1715,156
CMP_influencer_202602,2026-02-11,influencer,789.6,3059,229,18
CMP_google_ads_202602,2026-02-12,google_ads,1050.67,3104,140,12
CMP_meta_ads_202602,2026-02-12,meta_ads,22137.98,18033,928,107
CMP_email_202602,2026-02-12,email,5654.02,12932,709,48
CMP_affiliate_202602,2026-02-12,affiliate,79172.12,52456,3677,330
CMP_organic_social_202602,2026-02-12,organic_social,23138.89,40850,983,66
CMP_influencer_202602,2026-02-12,influencer,63240.24,54430,3276,160
CMP_google_ads_202602,2026-02-13,google_ads,39262.11,50470,2280,121
CMP_meta_ads_202602,2026-02-13,meta_ads,11012.53,53538,730,21
CMP_email_202602,2026-02-13,email,11978.18,54776,1130,112
CMP_affiliate_202602,2026-02-13,affiliate,68606.18,58684,3879,345
CMP_organic_social_202602,2026-02-13,organic_social,14804.51,48318,3142,65
CMP_influencer_202602,2026-02-13,influencer,59601.6,54287,4234,284
CMP_google_ads_202602,2026-02-14,google_ads,7049.2,20667,572,30
CMP_meta_ads_202602,2026-02-14,meta_ads,10413.43,36904,1189,88
CMP_email_202602,2026-02-14,email,19576.77,31846,1968,192
CMP_affiliate_202602,2026-02-14,affiliate,33548.24,34909,2292,107
CMP_organic_social_202602,2026-02-14,organic_social,5328.03,16933,577,11
CMP_influencer_202602,2026-02-14,influencer,27198.91,34309,2513,35
CMP_google_ads_202602,2026-02-15,google_ads,8400.02,22888,785,75
CMP_meta_ads_202602,2026-02-15,meta_ads,10333.77,55638,2937,334
CMP_email_202602,2026-02-15,email,1042.29,2465,51,3
CMP_affiliate_202602,2026-02-15,affiliate,5393.79,22659,1699,66
CMP_organic_social_202602,2026-02-15,organic_social,15311.96,49164,805,65
CMP_influencer_202602,2026-02-15,influencer,48246.7,38936,2531,201
CMP_google_ads_202602,2026-02-16,google_ads,5979.13,11120,342,29
CMP_meta_ads_202602,2026-02-16,meta_ads,69900.15,46508,3366,147
CMP_email_202602,2026-02-16,email,34392.89,47381,1525,177
CMP_affiliate_202602,2026-02-16,affiliate,9176.33,25091,395,30
CMP_organic_social_202602,2026-02-16,organic_social,40261.93,46173,3137,338
CMP_influencer_202602,2026-02-16,influencer,14875.81,26988,1029,42
CMP_google_ads_202602,2026-02-17,google_ads,5027.84,25989,1031,83
CMP_meta_ads_202602,2026-02-17,meta_ads,43249.58,32559,2062,175
CMP_email_202602,2026-02-17,email,5303.46,28932,798,27
CMP_affiliate_202602,2026-02-17,affiliate,16472.98,57715,2670,316
CMP_organic_social_202602,2026-02-17,organic_social,13668.83,43587,1220,121
CMP_influencer_202602,2026-02-17,influencer,3341.67,25675,512,20
CMP_google_ads_202602,2026-02-18,google_ads,8277.65,44710,515,19
CMP_meta_ads_202602,2026-02-18,meta_ads,10542.73,28267,1772,38
CMP_email_202602,2026-02-18,email,7991.52,9592,386,34
CMP_affiliate_202602,2026-02-18,affiliate,1589.88,12935,302,3
CMP_organic_social_202602,2026-02-18,organic_social,4595.88,4368,314,24
CMP_influencer_202602,2026-02-18,influencer,31516.31,55611,2014,47
CMP_google_ads_202602,2026-02-19,google_ads,8095.34,16609,888,79
CMP_meta_ads_202602,2026-02-19,meta_ads,30627.71,35751,1882,156
CMP_email_202602,2026-02-19,email,6721.18,44362,1728,114
CMP_affiliate_202602,2026-02-19,affiliate,8765.73,13562,387,5
CMP_organic_social_202602,2026-02-19,organic_social,13185.11,35641,897,68
CMP_influencer_202602,2026-02-19,influencer,3200.14,2346,169,6
CMP_google_ads_202602,2026-02-20,google_ads,18538.59,50294,2603,46
CMP_meta_ads_202602,2026-02-20,meta_ads,37223.45,24536,1789,36
CMP_email_202602,2026-02-20,email,11720.88,44239,1100,92
CMP_affiliate_202602,2026-02-20,affiliate,15069.34,53749,2242,226
CMP_organic_social_202602,2026-02-20,organic_social,5647.64,18486,490,31
CMP_influencer_202602,2026-02-20,influencer,9225.12,46023,1045,116
CMP_google_ads_202602,2026-02-21,google_ads,16805.11,17201,1038,114
CMP_meta_ads_202602,2026-02-21,meta_ads,42890.97,48014,2095,46
CMP_email_202602,2026-02-21,email,715.42,2200,172,5
CMP_affiliate_202602,2026-02-21,affiliate,13414.78,15347,1152,96
CMP_organic_social_202602,2026-02-21,organic_social,13402.16,57182,2916,95
CMP_influencer_202602,2026-02-21,influencer,15276.9,50759,720,76
CMP_google_ads_202602,2026-02-22,google_ads,1298.09,3774,84,3
CMP_meta_ads_202602,2026-02-22,meta_ads,10363.84,28390,427,17
CMP_email_202602,2026-02-22,email,10647.34,30197,793,48
CMP_affiliate_202602,2026-02-22,affiliate,4337.02,33892,772,12
CMP_organic_social_202602,2026-02-22,organic_social,13919.1,33570,1550,60
CMP_influencer_202602,2026-02-22,influencer,7252.87,18430,1231,19
CMP_google_ads_202602,2026-02-23,google_ads,47809.63,59641,4414,329
CMP_meta_ads_202602,2026-02-23,meta_ads,10278.12,40969,2407,119
CMP_email_202602,2026-02-23,email,20668.32,31691,833,93
CMP_affiliate_202602,2026-02-23,affiliate,26418.12,46164,1885,180
CMP_organic_social_202602,2026-02-23,organic_social,30157.83,55218,1565,102
CMP_influencer_202602,2026-02-23,influencer,35607.68,56992,4554,492
CMP_google_ads_202602,2026-02-24,google_ads,3858.1,37455,984,107
CMP_meta_ads_202602,2026-02-24,meta_ads,33067.93,35702,1353,147
CMP_email_202602,2026-02-24,email,8161.6,18474,1101,18
CMP_affiliate_202602,2026-02-24,affiliate,824.23,4097,252,22
CMP_organic_social_202602,2026-02-24,organic_social,64469.09,49862,3743,55
CMP_influencer_202602,2026-02-24,influencer,43121.75,52381,1909,149
CMP_google_ads_202602,2026-02-25,google_ads,8029.25,28489,410,41
CMP_meta_ads_202602,2026-02-25,meta_ads,1591.9,4588,245,23
CMP_email_202602,2026-02-25,email,27399.13,23090,1461,28
CMP_affiliate_202602,2026-02-25,affiliate,2534.22,9770,562,54
CMP_organic_social_202602,2026-02-25,organic_social,42508.81,48793,2148,67
CMP_influencer_202602,2026-02-25,influencer,7300.94,29932,465,31
CMP_google_ads_202602,2026-02-26,google_ads,3907.58,11111,223,16
CMP_meta_ads_202602,2026-02-26,meta_ads,16897.94,31861,1541,44
CMP_email_202602,2026-02-26,email,7552.24,8680,584,60
CMP_affiliate_202602,2026-02-26,affiliate,27718.74,21996,1334,120
CMP_organic_social_202602,2026-02-26,organic_social,30542.23,54442,3613,187
CMP_influencer_202602,2026-02-26,influencer,2130.71,2698,191,11
CMP_google_ads_202602,2026-02-27,google_ads,87210.97,59912,4608,349
CMP_meta_ads_202602,2026-02-27,meta_ads,34817.38,37381,1422,150
CMP_email_202602,2026-02-27,email,16275.89,54624,3940,222
CMP_affiliate_202602,2026-02-27,affiliate,15060.03,26347,804,31
CMP_organic_social_202602,2026-02-27,organic_social,33723.29,48289,2566,171
CMP_influencer_202602,2026-02-27,influencer,44620.39,37684,2616,40
CMP_google_ads_202602,2026-02-28,google_ads,37221.5,43334,2849,144
CMP_meta_ads_202602,2026-02-28,meta_ads,965.95,8716,306,4
CMP_email_202602,2026-02-28,email,9758.27,35277,528,63
CMP_affiliate_202602,2026-02-28,affiliate,47189.88,38189,2000,106
CMP_organic_social_202602,2026-02-28,organic_social,2711.97,13313,294,24
CMP_influencer_202602,2026-02-28,influencer,3409.41,4104,181,12
CMP_google_ads_202603,2026-03-01,google_ads,2207.1,37508,545,12
CMP_meta_ads_202603,2026-03-01,meta_ads,6401.07,49471,1091,75
CMP_email_202603,2026-03-01,email,3544.07,8034,261,27
CMP_affiliate_202603,2026-03-01,affiliate,29785.46,44629,2667,153
CMP_organic_social_202603,2026-03-01,organic_social,20680.43,34875,1210,74
CMP_influencer_202603,2026-03-01,influencer,4512.0,10811,522,55
CMP_google_ads_202603,2026-03-02,google_ads,2381.73,15860,206,18
CMP_meta_ads_202603,2026-03-02,meta_ads,35079.39,35959,1668,126
CMP_email_202603,2026-03-02,email,15819.93,21437,916,70
CMP_affiliate_202603,2026-03-02,affiliate,608.14,2248,142,15
CMP_organic_social_202603,2026-03-02,organic_social,14016.3,12060,573,60
CMP_influencer_202603,2026-03-02,influencer,2063.71,2794,87,8
CMP_google_ads_202603,2026-03-03,google_ads,12859.89,25428,775,28
CMP_meta_ads_202603,2026-03-03,meta_ads,23442.13,56390,1777,129
CMP_email_202603,2026-03-03,email,2196.72,23101,325,33
CMP_affiliate_202603,2026-03-03,affiliate,40201.27,38357,2577,186
CMP_organic_social_202603,2026-03-03,organic_social,21309.71,41660,1346,102
CMP_influencer_202603,2026-03-03,influencer,15936.43,59094,1256,72
CMP_google_ads_202603,2026-03-04,google_ads,8636.97,42461,1577,113
CMP_meta_ads_202603,2026-03-04,meta_ads,15639.56,53292,1461,135
CMP_email_202603,2026-03-04,email,5491.47,40104,1634,108
CMP_affiliate_202603,2026-03-04,affiliate,12641.78,16078,657,41
CMP_organic_social_202603,2026-03-04,organic_social,1312.15,4803,87,10
CMP_influencer_202603,2026-03-04,influencer,17407.31,53144,1628,69
CMP_google_ads_202603,2026-03-05,google_ads,43471.59,47749,2677,152
CMP_meta_ads_202603,2026-03-05,meta_ads,24835.19,36201,1349,19
CMP_email_202603,2026-03-05,email,37823.6,52809,2598,142
CMP_affiliate_202603,2026-03-05,affiliate,10851.98,35899,614,48
CMP_organic_social_202603,2026-03-05,organic_social,89180.71,58259,3887,287
CMP_influencer_202603,2026-03-05,influencer,30130.79,26525,1626,155
CMP_google_ads_202603,2026-03-06,google_ads,22664.45,51315,1177,60
CMP_meta_ads_202603,2026-03-06,meta_ads,56100.55,56430,2780,44
CMP_email_202603,2026-03-06,email,10540.27,47320,1862,78
CMP_affiliate_202603,2026-03-06,affiliate,20339.94,41874,2992,269
CMP_organic_social_202603,2026-03-06,organic_social,26780.5,57007,1127,83
CMP_influencer_202603,2026-03-06,influencer,4054.18,26058,606,63
CMP_google_ads_202603,2026-03-07,google_ads,15574.93,25101,1391,60
CMP_meta_ads_202603,2026-03-07,meta_ads,30041.86,58627,1844,77
CMP_email_202603,2026-03-07,email,8373.53,26087,1969,73
CMP_affiliate_202603,2026-03-07,affiliate,10268.53,30625,824,77
CMP_organic_social_202603,2026-03-07,organic_social,11654.58,53569,2983,321
CMP_influencer_202603,2026-03-07,influencer,1447.67,14653,408,27
CMP_google_ads_202603,2026-03-08,google_ads,712.22,19262,219,19
CMP_meta_ads_202603,2026-03-08,meta_ads,9554.17,16281,444,6
CMP_email_202603,2026-03-08,email,17298.83,37048,2124,235
CMP_affiliate_202603,2026-03-08,affiliate,8814.43,35055,1916,110
CMP_organic_social_202603,2026-03-08,organic_social,22835.28,49037,3474,56
CMP_influencer_202603,2026-03-08,influencer,783.8,2497,50,4
CMP_google_ads_202603,2026-03-09,google_ads,7398.84,7733,301,22
CMP_meta_ads_202603,2026-03-09,meta_ads,1560.58,9109,93,3
CMP_email_202603,2026-03-09,email,49067.9,48770,2151,139
CMP_affiliate_202603,2026-03-09,affiliate,15486.49,34480,795,32
CMP_organic_social_202603,2026-03-09,organic_social,3007.92,20470,937,35
CMP_influencer_202603,2026-03-09,influencer,22864.39,28510,1205,128
CMP_google_ads_202603,2026-03-10,google_ads,9019.47,49391,497,46
CMP_meta_ads_202603,2026-03-10,meta_ads,21488.78,32000,1420,32
CMP_email_202603,2026-03-10,email,9738.99,10242,457,44
CMP_affiliate_202603,2026-03-10,affiliate,7438.89,14368,497,22
CMP_organic_social_202603,2026-03-10,organic_social,11162.6,20333,1352,138
CMP_influencer_202603,2026-03-10,influencer,20395.76,41429,2864,293
CMP_google_ads_202603,2026-03-11,google_ads,3878.74,18429,209,7
CMP_meta_ads_202603,2026-03-11,meta_ads,15404.64,38447,1814,88
CMP_email_202603,2026-03-11,email,35774.34,33997,2236,195
CMP_affiliate_202603,2026-03-11,affiliate,5105.82,17576,613,37
CMP_organic_social_202603,2026-03-11,organic_social,2266.69,5713,180,7
CMP_influencer_202603,2026-03-11,influencer,12424.79,22116,646,60
CMP_google_ads_202603,2026-03-12,google_ads,44563.51,59731,2152,48
CMP_meta_ads_202603,2026-03-12,meta_ads,8273.14,16960,900,52
CMP_email_202603,2026-03-12,email,15954.58,30468,1278,146
CMP_affiliate_202603,2026-03-12,affiliate,27684.93,26794,1648,104
CMP_organic_social_202603,2026-03-12,organic_social,34269.8,50568,2116,145
CMP_influencer_202603,2026-03-12,influencer,10718.94,15135,1071,28
CMP_google_ads_202603,2026-03-13,google_ads,14567.11,9215,714,33
CMP_meta_ads_202603,2026-03-13,meta_ads,18701.38,59130,4398,395
CMP_email_202603,2026-03-13,email,12753.83,32403,2554,47
CMP_affiliate_202603,2026-03-13,affiliate,18055.01,33923,1887,29
CMP_organic_social_202603,2026-03-13,organic_social,2449.33,14200,325,3
CMP_influencer_202603,2026-03-13,influencer,8652.77,17901,661,70
CMP_google_ads_202603,2026-03-14,google_ads,10195.86,31955,846,68
CMP_meta_ads_202603,2026-03-14,meta_ads,17449.35,46878,1860,182
CMP_email_202603,2026-03-14,email,26339.77,23659,1297,150
CMP_affiliate_202603,2026-03-14,affiliate,16287.43,21143,738,20
CMP_organic_social_202603,2026-03-14,organic_social,5779.95,4475,302,29
CMP_influencer_202603,2026-03-14,influencer,14728.25,18651,1161,111
CMP_google_ads_202603,2026-03-15,google_ads,16509.05,56990,817,35
CMP_meta_ads_202603,2026-03-15,meta_ads,13959.39,15316,633,60
CMP_email_202603,2026-03-15,email,599.06,2283,57,0
CMP_affiliate_202603,2026-03-15,affiliate,41149.47,55086,1912,64
CMP_organic_social_202603,2026-03-15,organic_social,4143.78,9574,558,20
CMP_influencer_202603,2026-03-15,influencer,18282.15,24761,1577,186
CMP_google_ads_202603,2026-03-16,google_ads,5080.05,46432,1232,49
CMP_meta_ads_202603,2026-03-16,meta_ads,7945.7,37394,553,28
CMP_email_202603,2026-03-16,email,15626.29,32620,2103,52
CMP_affiliate_202603,2026-03-16,affiliate,4607.17,28418,363,30
CMP_organic_social_202603,2026-03-16,organic_social,4171.95,9142,644,40
CMP_influencer_202603,2026-03-16,influencer,4284.51,19488,446,11
CMP_google_ads_202603,2026-03-17,google_ads,3659.2,7190,307,17
CMP_meta_ads_202603,2026-03-17,meta_ads,10136.04,5694,417,26
CMP_email_202603,2026-03-17,email,8446.86,19033,452,6
CMP_affiliate_202603,2026-03-17,affiliate,9226.89,59486,2519,167
CMP_organic_social_202603,2026-03-17,organic_social,861.56,8204,180,2
CMP_influencer_202603,2026-03-17,influencer,23177.03,39358,1742,51
CMP_google_ads_202603,2026-03-18,google_ads,60350.05,53024,4199,348
CMP_meta_ads_202603,2026-03-18,meta_ads,3770.43,27037,295,24
CMP_email_202603,2026-03-18,email,14964.32,19446,1203,34
CMP_affiliate_202603,2026-03-18,affiliate,11053.89,15748,678,31
CMP_organic_social_202603,2026-03-18,organic_social,11264.18,32483,1013,63
CMP_influencer_202603,2026-03-18,influencer,69843.48,42516,2983,271
CMP_google_ads_202603,2026-03-19,google_ads,26346.86,30138,1871,192
CMP_meta_ads_202603,2026-03-19,meta_ads,4740.89,35609,832,30
CMP_email_202603,2026-03-19,email,5149.72,3723,278,13
CMP_affiliate_202603,2026-03-19,affiliate,38251.84,38311,1536,52
CMP_organic_social_202603,2026-03-19,organic_social,4376.5,5585,231,6
CMP_influencer_202603,2026-03-19,influencer,848.06,15905,235,17
CMP_google_ads_202603,2026-03-20,google_ads,8970.77,10758,451,20
CMP_meta_ads_202603,2026-03-20,meta_ads,27285.13,31426,1867,209
CMP_email_202603,2026-03-20,email,51151.19,35285,2462,252
CMP_affiliate_202603,2026-03-20,affiliate,12147.56,44544,895,76
CMP_organic_social_202603,2026-03-20,organic_social,31069.51,30177,1478,114
CMP_influencer_202603,2026-03-20,influencer,7302.83,24264,384,30
CMP_google_ads_202603,2026-03-21,google_ads,25825.06,27313,1746,78
CMP_meta_ads_202603,2026-03-21,meta_ads,52599.38,53695,2999,60
CMP_email_202603,2026-03-21,email,2755.98,6825,129,7
CMP_affiliate_202603,2026-03-21,affiliate,18964.9,45317,3402,120
CMP_organic_social_202603,2026-03-21,organic_social,64224.43,58445,3074,218
CMP_influencer_202603,2026-03-21,influencer,10837.47,36499,963,80
CMP_google_ads_202603,2026-03-22,google_ads,5213.08,6332,476,11
CMP_meta_ads_202603,2026-03-22,meta_ads,32288.97,26097,1405,69
CMP_email_202603,2026-03-22,email,22227.28,32231,2340,173
CMP_affiliate_202603,2026-03-22,affiliate,25815.52,35384,1994,112
CMP_organic_social_202603,2026-03-22,organic_social,32645.62,21810,1405,37
CMP_influencer_202603,2026-03-22,influencer,11228.1,36453,659,38
CMP_google_ads_202603,2026-03-23,google_ads,29760.7,45447,3583,331
CMP_meta_ads_202603,2026-03-23,meta_ads,11932.68,14090,772,78
CMP_email_202603,2026-03-23,email,15765.81,13653,917,28
CMP_affiliate_202603,2026-03-23,affiliate,4567.21,18963,934,96
CMP_organic_social_202603,2026-03-23,organic_social,24887.3,46734,3001,332
CMP_influencer_202603,2026-03-23,influencer,10252.21,31787,672,16
CMP_google_ads_202603,2026-03-24,google_ads,6967.96,10063,511,44
CMP_meta_ads_202603,2026-03-24,meta_ads,28715.66,45185,1834,216
CMP_email_202603,2026-03-24,email,11264.3,38075,1292,103
CMP_affiliate_202603,2026-03-24,affiliate,7989.37,15551,446,38
CMP_organic_social_202603,2026-03-24,organic_social,8694.72,6378,449,45
CMP_influencer_202603,2026-03-24,influencer,8838.21,29579,521,56
CMP_google_ads_202603,2026-03-25,google_ads,12349.46,50320,588,27
CMP_meta_ads_202603,2026-03-25,meta_ads,6040.21,34404,422,17
CMP_email_202603,2026-03-25,email,6790.04,10448,388,14
CMP_affiliate_202603,2026-03-25,affiliate,18692.65,39367,2617,294
CMP_organic_social_202603,2026-03-25,organic_social,3006.81,9876,305,26
CMP_influencer_202603,2026-03-25,influencer,55939.11,59432,2803,236
CMP_google_ads_202603,2026-03-26,google_ads,55576.91,41978,2348,220
CMP_meta_ads_202603,2026-03-26,meta_ads,13825.42,26560,812,70
CMP_email_202603,2026-03-26,email,26658.78,47623,2686,74
CMP_affiliate_202603,2026-03-26,affiliate,8785.69,14129,676,31
CMP_organic_social_202603,2026-03-26,organic_social,21215.44,21598,1666,96
CMP_influencer_202603,2026-03-26,influencer,3145.84,6924,375,27
CMP_google_ads_202603,2026-03-27,google_ads,68653.69,56703,4404,359
CMP_meta_ads_202603,2026-03-27,meta_ads,9205.08,14236,1036,21
CMP_email_202603,2026-03-27,email,40923.7,32958,2575,298
CMP_affiliate_202603,2026-03-27,affiliate,8221.51,36530,371,5
CMP_organic_social_202603,2026-03-27,organic_social,26020.31,47144,2182,84
CMP_influencer_202603,2026-03-27,influencer,8921.72,20592,867,100
CMP_google_ads_202603,2026-03-28,google_ads,24342.94,50514,3376,245
CMP_meta_ads_202603,2026-03-28,meta_ads,6989.76,24738,342,25
CMP_email_202603,2026-03-28,email,3503.94,32726,1029,69
CMP_affiliate_202603,2026-03-28,affiliate,18345.12,51153,2985,327
CMP_organic_social_202603,2026-03-28,organic_social,20072.84,48332,1454,111
CMP_influencer_202603,2026-03-28,influencer,12175.5,31917,2306,165
CMP_google_ads_202603,2026-03-29,google_ads,55554.8,49982,2528,93
CMP_meta_ads_202603,2026-03-29,meta_ads,1825.8,28055,605,28
CMP_email_202603,2026-03-29,email,4387.26,32139,369,12
CMP_affiliate_202603,2026-03-29,affiliate,4243.61,52704,1341,92
CMP_organic_social_202603,2026-03-29,organic_social,20207.41,43531,884,56
CMP_influencer_202603,2026-03-29,influencer,17149.99,31436,2066,52
CMP_google_ads_202603,2026-03-30,google_ads,3314.65,17732,335,26
CMP_meta_ads_202603,2026-03-30,meta_ads,4387.77,11632,568,54
CMP_email_202603,2026-03-30,email,15359.59,55378,2433,95
CMP_affiliate_202603,2026-03-30,affiliate,10184.25,20663,1254,104
CMP_organic_social_202603,2026-03-30,organic_social,5086.29,11609,205,9
CMP_influencer_202603,2026-03-30,influencer,10523.81,8573,550,41
CMP_google_ads_202603,2026-03-31,google_ads,4816.0,22131,1386,127
CMP_meta_ads_202603,2026-03-31,meta_ads,55289.89,53775,2817,334
CMP_email_202603,2026-03-31,email,1880.09,7648,215,11
CMP_affiliate_202603,2026-03-31,affiliate,74220.94,42820,3145,47
CMP_organic_social_202603,2026-03-31,organic_social,9800.85,59253,1905,153
CMP_influencer_202603,2026-03-31,influencer,25749.2,59572,2768,191
CMP_google_ads_202604,2026-04-01,google_ads,522.05,3488,39,2
CMP_meta_ads_202604,2026-04-01,meta_ads,51380.92,55674,2624,214
CMP_email_202604,2026-04-01,email,27655.3,48800,2625,185
CMP_affiliate_202604,2026-04-01,affiliate,4995.72,4713,323,30
CMP_organic_social_202604,2026-04-01,organic_social,7096.23,22196,894,28
CMP_influencer_202604,2026-04-01,influencer,64790.81,56806,3137,331
CMP_google_ads_202604,2026-04-02,google_ads,15159.42,57579,2174,78
CMP_meta_ads_202604,2026-04-02,meta_ads,74131.7,43025,3391,275
CMP_email_202604,2026-04-02,email,11678.32,26045,1384,146
CMP_affiliate_202604,2026-04-02,affiliate,23644.53,57428,3621,404
CMP_organic_social_202604,2026-04-02,organic_social,8645.53,43782,988,33
CMP_influencer_202604,2026-04-02,influencer,51563.09,41512,3314,351
CMP_google_ads_202604,2026-04-03,google_ads,1613.98,14315,204,4
CMP_meta_ads_202604,2026-04-03,meta_ads,13067.21,27266,974,9
CMP_email_202604,2026-04-03,email,28010.47,38794,2013,130
CMP_affiliate_202604,2026-04-03,affiliate,5711.2,33207,811,42
CMP_organic_social_202604,2026-04-03,organic_social,23698.6,38211,2229,64
CMP_influencer_202604,2026-04-03,influencer,16016.96,21744,934,56
CMP_google_ads_202604,2026-04-04,google_ads,23900.94,38918,1159,35
CMP_meta_ads_202604,2026-04-04,meta_ads,29207.49,25959,2013,112
CMP_email_202604,2026-04-04,email,27067.15,43202,1928,168
CMP_affiliate_202604,2026-04-04,affiliate,69166.1,45299,3059,65
CMP_organic_social_202604,2026-04-04,organic_social,1002.31,21015,267,9
CMP_influencer_202604,2026-04-04,influencer,8145.85,18539,470,47
CMP_google_ads_202604,2026-04-05,google_ads,1654.66,3470,109,6
CMP_meta_ads_202604,2026-04-05,meta_ads,6854.39,55034,597,68
CMP_email_202604,2026-04-05,email,38987.46,53258,2725,289
CMP_affiliate_202604,2026-04-05,affiliate,8251.7,11868,448,17
CMP_organic_social_202604,2026-04-05,organic_social,4572.11,10081,183,11
CMP_influencer_202604,2026-04-05,influencer,28916.86,56894,4412,475
CMP_google_ads_202604,2026-04-06,google_ads,17313.24,55487,1123,109
CMP_meta_ads_202604,2026-04-06,meta_ads,6402.43,8532,344,25
CMP_email_202604,2026-04-06,email,74070.16,55630,4011,102
CMP_affiliate_202604,2026-04-06,affiliate,32553.29,42957,2906,126
CMP_organic_social_202604,2026-04-06,organic_social,49102.39,48187,2673,60
CMP_influencer_202604,2026-04-06,influencer,2548.98,29879,418,15
CMP_google_ads_202604,2026-04-07,google_ads,5464.96,21775,319,3
CMP_meta_ads_202604,2026-04-07,meta_ads,6697.02,17818,1396,161
CMP_email_202604,2026-04-07,email,5088.5,31055,788,88
CMP_affiliate_202604,2026-04-07,affiliate,47038.31,45629,2157,194
CMP_organic_social_202604,2026-04-07,organic_social,12483.62,19356,632,29
CMP_influencer_202604,2026-04-07,influencer,42605.31,43201,2084,103
CMP_google_ads_202604,2026-04-08,google_ads,12634.59,17870,1341,74
CMP_meta_ads_202604,2026-04-08,meta_ads,72193.09,49567,3762,182
CMP_email_202604,2026-04-08,email,23889.19,15707,1172,86
CMP_affiliate_202604,2026-04-08,affiliate,14065.98,27759,1780,164
CMP_organic_social_202604,2026-04-08,organic_social,64269.1,46040,3542,276
CMP_influencer_202604,2026-04-08,influencer,21807.16,48239,2878,194
CMP_google_ads_202604,2026-04-09,google_ads,21524.67,34905,2518,196
CMP_meta_ads_202604,2026-04-09,meta_ads,25622.68,50153,3254,326
CMP_email_202604,2026-04-09,email,72662.71,51201,3104,179
CMP_affiliate_202604,2026-04-09,affiliate,9829.61,43032,2145,232
CMP_organic_social_202604,2026-04-09,organic_social,61329.71,46399,3598,82
CMP_influencer_202604,2026-04-09,influencer,226.29,2169,69,5
CMP_google_ads_202604,2026-04-10,google_ads,7494.79,16189,686,66
CMP_meta_ads_202604,2026-04-10,meta_ads,7824.91,27433,419,44
CMP_email_202604,2026-04-10,email,6200.2,15181,406,25
CMP_affiliate_202604,2026-04-10,affiliate,1769.91,16575,509,55
CMP_organic_social_202604,2026-04-10,organic_social,2647.48,6887,483,47
CMP_influencer_202604,2026-04-10,influencer,3089.33,13254,780,70
CMP_google_ads_202604,2026-04-11,google_ads,5300.58,7077,550,22
CMP_meta_ads_202604,2026-04-11,meta_ads,36150.83,29028,2145,111
CMP_email_202604,2026-04-11,email,2976.03,21368,807,69
CMP_affiliate_202604,2026-04-11,affiliate,9991.62,29852,455,31
CMP_organic_social_202604,2026-04-11,organic_social,6102.14,16191,429,34
CMP_influencer_202604,2026-04-11,influencer,9064.72,38156,2888,70
CMP_google_ads_202604,2026-04-12,google_ads,20580.64,21091,1217,112
CMP_meta_ads_202604,2026-04-12,meta_ads,8934.23,21226,996,44
CMP_email_202604,2026-04-12,email,17616.39,20136,1216,43
CMP_affiliate_202604,2026-04-12,affiliate,5032.0,14677,211,16
CMP_organic_social_202604,2026-04-12,organic_social,13900.67,34313,1389,130
CMP_influencer_202604,2026-04-12,influencer,34741.61,56882,2432,202
CMP_google_ads_202604,2026-04-13,google_ads,47433.31,49004,2795,141
CMP_meta_ads_202604,2026-04-13,meta_ads,83906.74,59920,4486,530
CMP_email_202604,2026-04-13,email,26349.02,26058,1914,62
CMP_affiliate_202604,2026-04-13,affiliate,6324.44,45173,653,53
CMP_organic_social_202604,2026-04-13,organic_social,689.03,3004,112,7
CMP_influencer_202604,2026-04-13,influencer,9986.73,7422,418,21
CMP_google_ads_202604,2026-04-14,google_ads,9101.87,14114,1106,77
CMP_meta_ads_202604,2026-04-14,meta_ads,13171.27,15872,685,55
CMP_email_202604,2026-04-14,email,18780.24,40888,1137,34
CMP_affiliate_202604,2026-04-14,affiliate,16365.87,27177,1697,83
CMP_organic_social_202604,2026-04-14,organic_social,8767.33,14768,540,59
CMP_influencer_202604,2026-04-14,influencer,13592.87,58669,661,39
CMP_google_ads_202604,2026-04-15,google_ads,16589.34,11193,805,60
CMP_meta_ads_202604,2026-04-15,meta_ads,12403.18,41074,716,50
CMP_email_202604,2026-04-15,email,5289.01,31381,977,29
CMP_affiliate_202604,2026-04-15,affiliate,1041.33,9807,138,10
CMP_organic_social_202604,2026-04-15,organic_social,51920.32,30844,2246,110
CMP_influencer_202604,2026-04-15,influencer,10190.23,55233,3227,180
CMP_google_ads_202604,2026-04-16,google_ads,2140.22,6774,113,10
CMP_meta_ads_202604,2026-04-16,meta_ads,36710.28,24066,1759,60
CMP_email_202604,2026-04-16,email,15455.64,27152,1139,78
CMP_affiliate_202604,2026-04-16,affiliate,6145.75,4720,293,22
CMP_organic_social_202604,2026-04-16,organic_social,16337.71,28597,1494,108
CMP_influencer_202604,2026-04-16,influencer,44654.93,23724,1888,152
CMP_google_ads_202604,2026-04-17,google_ads,23551.38,50640,1080,40
CMP_meta_ads_202604,2026-04-17,meta_ads,28425.24,22564,1516,45
CMP_email_202604,2026-04-17,email,7874.86,19387,715,7
CMP_affiliate_202604,2026-04-17,affiliate,28769.61,34209,1990,232
CMP_organic_social_202604,2026-04-17,organic_social,34220.59,21091,1607,37
CMP_influencer_202604,2026-04-17,influencer,4455.12,28324,675,69
CMP_google_ads_202604,2026-04-18,google_ads,22880.02,56426,1873,101
CMP_meta_ads_202604,2026-04-18,meta_ads,31039.86,43587,2860,232
CMP_email_202604,2026-04-18,email,5969.28,4745,302,9
CMP_affiliate_202604,2026-04-18,affiliate,12625.41,36831,1659,39
CMP_organic_social_202604,2026-04-18,organic_social,23518.71,54592,962,12
CMP_influencer_202604,2026-04-18,influencer,22398.25,13929,906,83
CMP_google_ads_202604,2026-04-19,google_ads,9911.91,16490,397,14
CMP_meta_ads_202604,2026-04-19,meta_ads,13364.53,24285,1317,88
CMP_email_202604,2026-04-19,email,39558.19,31646,1630,21
CMP_affiliate_202604,2026-04-19,affiliate,74424.81,44825,3035,193
CMP_organic_social_202604,2026-04-19,organic_social,71864.63,40939,2923,227
CMP_influencer_202604,2026-04-19,influencer,1721.65,7547,126,11
CMP_google_ads_202604,2026-04-20,google_ads,24995.57,48367,3851,408
CMP_meta_ads_202604,2026-04-20,meta_ads,366.39,2831,35,3
CMP_email_202604,2026-04-20,email,4940.23,18577,1275,65
CMP_affiliate_202604,2026-04-20,affiliate,3164.14,15417,815,37
CMP_organic_social_202604,2026-04-20,organic_social,17608.74,36007,2167,124
CMP_influencer_202604,2026-04-20,influencer,31536.22,49344,1338,53
CMP_google_ads_202604,2026-04-21,google_ads,28417.75,19034,1484,46
CMP_meta_ads_202604,2026-04-21,meta_ads,15906.04,9919,725,24
CMP_email_202604,2026-04-21,email,3401.22,2783,202,5
CMP_affiliate_202604,2026-04-21,affiliate,38732.42,27401,1911,86
CMP_organic_social_202604,2026-04-21,organic_social,18543.35,48227,787,30
CMP_influencer_202604,2026-04-21,influencer,54206.35,32280,2392,32
CMP_google_ads_202604,2026-04-22,google_ads,2707.8,11707,218,14
CMP_meta_ads_202604,2026-04-22,meta_ads,21058.94,23831,1154,115
CMP_email_202604,2026-04-22,email,13907.18,42342,781,90
CMP_affiliate_202604,2026-04-22,affiliate,45948.19,47287,3553,81
CMP_organic_social_202604,2026-04-22,organic_social,43696.2,48372,3240,134
CMP_influencer_202604,2026-04-22,influencer,1910.45,13151,189,12
CMP_google_ads_202604,2026-04-23,google_ads,20630.41,13606,905,14
CMP_meta_ads_202604,2026-04-23,meta_ads,11285.28,32769,2394,69
CMP_email_202604,2026-04-23,email,5861.21,10942,654,52
CMP_affiliate_202604,2026-04-23,affiliate,8005.31,12227,926,74
CMP_organic_social_202604,2026-04-23,organic_social,1221.02,6958,396,40
CMP_influencer_202604,2026-04-23,influencer,30898.82,35717,2507,101
CMP_google_ads_202604,2026-04-24,google_ads,2874.21,32079,648,16
CMP_meta_ads_202604,2026-04-24,meta_ads,13268.53,27204,1192,108
CMP_email_202604,2026-04-24,email,14011.04,9109,564,47
CMP_affiliate_202604,2026-04-24,affiliate,35041.49,24288,1646,123
CMP_organic_social_202604,2026-04-24,organic_social,7134.2,31986,686,33
CMP_influencer_202604,2026-04-24,influencer,46405.98,29896,1987,223
CMP_google_ads_202604,2026-04-25,google_ads,11285.96,31525,2116,110
CMP_meta_ads_202604,2026-04-25,meta_ads,2403.51,22741,438,44
CMP_email_202604,2026-04-25,email,16547.37,54379,1001,46
CMP_affiliate_202604,2026-04-25,affiliate,6919.54,18774,552,40
CMP_organic_social_202604,2026-04-25,organic_social,4137.11,16785,692,81
CMP_influencer_202604,2026-04-25,influencer,14923.74,21304,1499,80
CMP_google_ads_202604,2026-04-26,google_ads,11657.89,21785,878,58
CMP_meta_ads_202604,2026-04-26,meta_ads,14343.58,57456,2140,93
CMP_email_202604,2026-04-26,email,21654.33,49164,2571,196
CMP_affiliate_202604,2026-04-26,affiliate,77106.37,49897,3969,450
CMP_organic_social_202604,2026-04-26,organic_social,4898.39,9008,273,10
CMP_influencer_202604,2026-04-26,influencer,42652.89,43571,3424,324
CMP_google_ads_202604,2026-04-27,google_ads,4805.43,24326,1528,170
CMP_meta_ads_202604,2026-04-27,meta_ads,12002.48,32394,1687,178
CMP_email_202604,2026-04-27,email,9665.45,8725,677,10
CMP_affiliate_202604,2026-04-27,affiliate,17520.86,50143,2482,276
CMP_organic_social_202604,2026-04-27,organic_social,19273.28,46725,1018,99
CMP_influencer_202604,2026-04-27,influencer,7389.33,37170,2167,253
CMP_google_ads_202604,2026-04-28,google_ads,65507.67,54522,2822,299
CMP_meta_ads_202604,2026-04-28,meta_ads,8010.18,17338,613,59
CMP_email_202604,2026-04-28,email,41255.62,51105,2385,200
CMP_affiliate_202604,2026-04-28,affiliate,1596.53,13007,443,48
CMP_organic_social_202604,2026-04-28,organic_social,1449.58,4292,116,3
CMP_influencer_202604,2026-04-28,influencer,1162.51,3829,162,8
CMP_google_ads_202604,2026-04-29,google_ads,17710.57,37717,2707,233
CMP_meta_ads_202604,2026-04-29,meta_ads,1644.5,35529,481,46
CMP_email_202604,2026-04-29,email,65180.49,41773,2655,153
CMP_affiliate_202604,2026-04-29,affiliate,13286.48,9478,726,40
CMP_organic_social_202604,2026-04-29,organic_social,78275.31,41155,3168,376
CMP_influencer_202604,2026-04-29,influencer,12889.42,51873,2132,25
CMP_google_ads_202604,2026-04-30,google_ads,35051.14,19803,1484,70
CMP_meta_ads_202604,2026-04-30,meta_ads,16348.76,49471,1347,81
CMP_email_202604,2026-04-30,email,10092.59,45244,753,56
CMP_affiliate_202604,2026-04-30,affiliate,13004.1,11260,719,36
CMP_organic_social_202604,2026-04-30,organic_social,8036.64,14595,655,66
CMP_influencer_202604,2026-04-30,influencer,40221.55,21500,1692,81
CMP_google_ads_202605,2026-05-01,google_ads,36870.76,34739,1522,116
CMP_meta_ads_202605,2026-05-01,meta_ads,21153.66,51336,1586,163
CMP_email_202605,2026-05-01,email,14340.51,57032,1759,144
CMP_affiliate_202605,2026-05-01,affiliate,29251.02,37809,2622,283
CMP_organic_social_202605,2026-05-01,organic_social,9320.91,22157,598,68
CMP_influencer_202605,2026-05-01,influencer,57938.66,41625,2916,70
CMP_google_ads_202605,2026-05-02,google_ads,18386.86,12654,736,29
CMP_meta_ads_202605,2026-05-02,meta_ads,7286.08,20979,402,20
CMP_email_202605,2026-05-02,email,1367.77,2125,131,7
CMP_affiliate_202605,2026-05-02,affiliate,2096.73,8745,573,27
CMP_organic_social_202605,2026-05-02,organic_social,2699.83,33692,722,51
CMP_influencer_202605,2026-05-02,influencer,31039.34,47271,3210,310
CMP_google_ads_202605,2026-05-03,google_ads,2579.88,17042,209,17
CMP_meta_ads_202605,2026-05-03,meta_ads,20409.7,39595,3139,45
CMP_email_202605,2026-05-03,email,20855.35,27153,1243,89
CMP_affiliate_202605,2026-05-03,affiliate,9220.45,36218,602,45
CMP_organic_social_202605,2026-05-03,organic_social,2952.73,7937,402,38
CMP_influencer_202605,2026-05-03,influencer,26845.05,40908,2752,118
CMP_google_ads_202605,2026-05-04,google_ads,36878.87,58125,2091,99
CMP_meta_ads_202605,2026-05-04,meta_ads,12694.58,13894,889,24
CMP_email_202605,2026-05-04,email,57631.82,43573,2907,177
CMP_affiliate_202605,2026-05-04,affiliate,27143.08,37804,1235,105
CMP_organic_social_202605,2026-05-04,organic_social,21233.29,22058,983,47
CMP_influencer_202605,2026-05-04,influencer,17596.97,35783,2742,177
CMP_google_ads_202605,2026-05-05,google_ads,10639.71,38377,638,50
CMP_meta_ads_202605,2026-05-05,meta_ads,16049.02,42816,2342,143
CMP_email_202605,2026-05-05,email,4361.27,14946,564,60
CMP_affiliate_202605,2026-05-05,affiliate,36053.49,57582,3468,391
CMP_organic_social_202605,2026-05-05,organic_social,6027.17,9443,420,14
CMP_influencer_202605,2026-05-05,influencer,17855.8,40633,1069,109
CMP_google_ads_202605,2026-05-06,google_ads,5860.58,23356,304,18
CMP_meta_ads_202605,2026-05-06,meta_ads,8276.66,34180,525,48
CMP_email_202605,2026-05-06,email,21082.16,21416,981,50
CMP_affiliate_202605,2026-05-06,affiliate,1905.18,16913,448,30
CMP_organic_social_202605,2026-05-06,organic_social,11469.69,34313,634,75
CMP_influencer_202605,2026-05-06,influencer,4327.77,4759,186,13
CMP_google_ads_202605,2026-05-07,google_ads,18469.49,36834,1818,117
CMP_meta_ads_202605,2026-05-07,meta_ads,15889.57,26459,792,36
CMP_email_202605,2026-05-07,email,15797.95,35407,1537,33
CMP_affiliate_202605,2026-05-07,affiliate,42687.49,40494,2102,37
CMP_organic_social_202605,2026-05-07,organic_social,32849.52,25753,1520,73
CMP_influencer_202605,2026-05-07,influencer,10251.08,54870,2254,155
CMP_google_ads_202605,2026-05-08,google_ads,12078.22,42268,2868,204
CMP_meta_ads_202605,2026-05-08,meta_ads,51980.37,47961,2372,246
CMP_email_202605,2026-05-08,email,6701.86,39746,623,31
CMP_affiliate_202605,2026-05-08,affiliate,1860.92,6907,215,12
CMP_organic_social_202605,2026-05-08,organic_social,50299.61,56269,3953,111
CMP_influencer_202605,2026-05-08,influencer,30160.64,49194,1749,101
CMP_google_ads_202605,2026-05-09,google_ads,17899.27,11317,762,19
CMP_meta_ads_202605,2026-05-09,meta_ads,7240.71,46286,2144,242
CMP_email_202605,2026-05-09,email,12641.88,36186,1280,15
CMP_affiliate_202605,2026-05-09,affiliate,14052.37,41993,2475,178
CMP_organic_social_202605,2026-05-09,organic_social,13503.89,54860,549,21
CMP_influencer_202605,2026-05-09,influencer,3411.63,12730,524,23
CMP_google_ads_202605,2026-05-10,google_ads,47066.45,26937,2041,32
CMP_meta_ads_202605,2026-05-10,meta_ads,19200.32,50540,855,70
CMP_email_202605,2026-05-10,email,4985.29,11335,753,25
CMP_affiliate_202605,2026-05-10,affiliate,11677.7,29691,768,57
CMP_organic_social_202605,2026-05-10,organic_social,60114.64,50172,3738,191
CMP_influencer_202605,2026-05-10,influencer,25106.83,20721,1406,103
CMP_google_ads_202605,2026-05-11,google_ads,17012.85,24395,934,18
CMP_meta_ads_202605,2026-05-11,meta_ads,22334.38,59080,1329,17
CMP_email_202605,2026-05-11,email,1360.56,5048,393,39
CMP_affiliate_202605,2026-05-11,affiliate,38354.07,43122,1717,205
CMP_organic_social_202605,2026-05-11,organic_social,5619.5,9153,486,29
CMP_influencer_202605,2026-05-11,influencer,27116.33,35295,1698,79
CMP_google_ads_202605,2026-05-12,google_ads,13809.68,11601,808,94
CMP_meta_ads_202605,2026-05-12,meta_ads,36234.92,28704,2150,89
CMP_email_202605,2026-05-12,email,8265.71,27016,909,13
CMP_affiliate_202605,2026-05-12,affiliate,41085.43,23498,1871,69
CMP_organic_social_202605,2026-05-12,organic_social,2391.64,8289,355,7
CMP_influencer_202605,2026-05-12,influencer,65190.1,46145,3033,218
CMP_google_ads_202605,2026-05-13,google_ads,12536.53,24020,903,10
CMP_meta_ads_202605,2026-05-13,meta_ads,19601.22,59469,1675,150
CMP_email_202605,2026-05-13,email,18809.87,37956,1791,213
CMP_affiliate_202605,2026-05-13,affiliate,13249.54,37717,905,91
CMP_organic_social_202605,2026-05-13,organic_social,2151.78,14859,321,19
CMP_influencer_202605,2026-05-13,influencer,11084.44,58289,913,107
CMP_google_ads_202605,2026-05-14,google_ads,3890.34,16550,291,14
CMP_meta_ads_202605,2026-05-14,meta_ads,57732.76,53631,3686,361
CMP_email_202605,2026-05-14,email,1593.16,16365,234,24
CMP_affiliate_202605,2026-05-14,affiliate,26321.96,54250,3805,197
CMP_organic_social_202605,2026-05-14,organic_social,39580.78,53470,2741,198
CMP_influencer_202605,2026-05-14,influencer,2482.3,23108,427,36
CMP_google_ads_202605,2026-05-15,google_ads,6652.48,31980,644,60
CMP_meta_ads_202605,2026-05-15,meta_ads,3949.12,20091,288,26
CMP_email_202605,2026-05-15,email,12164.94,51132,1296,29
CMP_affiliate_202605,2026-05-15,affiliate,16751.93,28754,746,22
CMP_organic_social_202605,2026-05-15,organic_social,22057.55,40706,1013,112
CMP_influencer_202605,2026-05-15,influencer,15050.06,27769,1183,135
CMP_google_ads_202605,2026-05-16,google_ads,48012.47,34722,2666,59
CMP_meta_ads_202605,2026-05-16,meta_ads,9541.27,21034,1415,38
CMP_email_202605,2026-05-16,email,21715.38,59768,3682,291
CMP_affiliate_202605,2026-05-16,affiliate,34872.31,25122,1813,106
CMP_organic_social_202605,2026-05-16,organic_social,36700.52,51932,3010,146
CMP_influencer_202605,2026-05-16,influencer,25668.52,27025,1261,95
CMP_google_ads_202605,2026-05-17,google_ads,48964.33,39247,2754,106
CMP_meta_ads_202605,2026-05-17,meta_ads,1177.7,3281,149,13
CMP_email_202605,2026-05-17,email,48035.28,54713,3282,129
CMP_affiliate_202605,2026-05-17,affiliate,10461.1,43504,1304,83
CMP_organic_social_202605,2026-05-17,organic_social,7928.35,40149,2160,175
CMP_influencer_202605,2026-05-17,influencer,5216.31,6517,332,23
CMP_google_ads_202605,2026-05-18,google_ads,8307.98,24358,465,34
CMP_meta_ads_202605,2026-05-18,meta_ads,26302.44,38828,2476,206
CMP_email_202605,2026-05-18,email,33371.81,33296,1819,124
CMP_affiliate_202605,2026-05-18,affiliate,10340.95,31388,1529,53
CMP_organic_social_202605,2026-05-18,organic_social,26989.54,25322,1916,194
CMP_influencer_202605,2026-05-18,influencer,6738.42,10377,311,9
CMP_google_ads_202605,2026-05-19,google_ads,567.03,4241,49,4
CMP_meta_ads_202605,2026-05-19,meta_ads,9280.39,40552,914,25
CMP_email_202605,2026-05-19,email,35488.49,39556,1569,31
CMP_affiliate_202605,2026-05-19,affiliate,11161.81,53890,1282,123
CMP_organic_social_202605,2026-05-19,organic_social,5959.44,12244,247,17
CMP_influencer_202605,2026-05-19,influencer,10051.42,25933,405,7
CMP_google_ads_202605,2026-05-20,google_ads,2716.13,43209,771,45
CMP_meta_ads_202605,2026-05-20,meta_ads,32115.54,46233,2375,241
CMP_email_202605,2026-05-20,email,9453.14,5210,400,35
CMP_affiliate_202605,2026-05-20,affiliate,7141.56,35466,473,38
CMP_organic_social_202605,2026-05-20,organic_social,23781.75,36550,1779,51
CMP_influencer_202605,2026-05-20,influencer,2174.7,8733,291,28
CMP_google_ads_202605,2026-05-21,google_ads,15969.55,35668,951,13
CMP_meta_ads_202605,2026-05-21,meta_ads,21504.5,27805,990,10
CMP_email_202605,2026-05-21,email,5928.21,21805,1517,74
CMP_affiliate_202605,2026-05-21,affiliate,70052.37,56970,3415,208
CMP_organic_social_202605,2026-05-21,organic_social,2216.5,23275,297,5
CMP_influencer_202605,2026-05-21,influencer,13976.94,12972,702,41
CMP_google_ads_202605,2026-05-22,google_ads,7399.4,59081,2428,223
CMP_meta_ads_202605,2026-05-22,meta_ads,30440.2,31399,1800,136
CMP_email_202605,2026-05-22,email,8702.02,32611,1020,17
CMP_affiliate_202605,2026-05-22,affiliate,17849.43,30242,940,51
CMP_organic_social_202605,2026-05-22,organic_social,2537.83,23160,405,28
CMP_influencer_202605,2026-05-22,influencer,52677.22,39139,2806,185
CMP_google_ads_202605,2026-05-23,google_ads,53789.54,51495,2968,137
CMP_meta_ads_202605,2026-05-23,meta_ads,36926.72,52967,3913,457
CMP_email_202605,2026-05-23,email,4356.51,55228,565,9
CMP_affiliate_202605,2026-05-23,affiliate,11299.83,20371,805,14
CMP_organic_social_202605,2026-05-23,organic_social,7682.07,16276,871,59
CMP_influencer_202605,2026-05-23,influencer,39778.69,29511,2289,132
CMP_google_ads_202605,2026-05-24,google_ads,13432.66,29375,1510,162
CMP_meta_ads_202605,2026-05-24,meta_ads,44338.52,30783,1866,65
CMP_email_202605,2026-05-24,email,67890.06,57426,2922,313
CMP_affiliate_202605,2026-05-24,affiliate,44077.24,55758,2170,241
CMP_organic_social_202605,2026-05-24,organic_social,3077.04,13804,196,2
CMP_influencer_202605,2026-05-24,influencer,42314.49,41857,1835,85
CMP_google_ads_202605,2026-05-25,google_ads,659.97,3883,68,3
CMP_meta_ads_202605,2026-05-25,meta_ads,7517.47,16429,1195,39
CMP_email_202605,2026-05-25,email,2369.49,10275,194,3
CMP_affiliate_202605,2026-05-25,affiliate,25742.48,42640,3353,85
CMP_organic_social_202605,2026-05-25,organic_social,6850.15,52961,961,45
CMP_influencer_202605,2026-05-25,influencer,1701.84,7165,380,20
CMP_google_ads_202605,2026-05-26,google_ads,19301.89,58785,1011,90
CMP_meta_ads_202605,2026-05-26,meta_ads,4712.08,18855,262,16
CMP_email_202605,2026-05-26,email,33764.38,58446,2805,325
CMP_affiliate_202605,2026-05-26,affiliate,25574.28,20996,1321,78
CMP_organic_social_202605,2026-05-26,organic_social,11180.68,26681,792,8
CMP_influencer_202605,2026-05-26,influencer,805.09,2308,112,8
CMP_google_ads_202605,2026-05-27,google_ads,16523.21,37925,2436,182
CMP_meta_ads_202605,2026-05-27,meta_ads,29127.85,43417,2839,56
CMP_email_202605,2026-05-27,email,1404.42,4572,107,11
CMP_affiliate_202605,2026-05-27,affiliate,20075.19,56937,1479,111
CMP_organic_social_202605,2026-05-27,organic_social,5544.56,20715,774,40
CMP_influencer_202605,2026-05-27,influencer,656.71,5033,139,16
CMP_google_ads_202605,2026-05-28,google_ads,21655.42,30748,2453,265
CMP_meta_ads_202605,2026-05-28,meta_ads,6498.27,9557,620,29
CMP_email_202605,2026-05-28,email,7509.7,5817,438,5
CMP_affiliate_202605,2026-05-28,affiliate,1621.51,8171,273,25
CMP_organic_social_202605,2026-05-28,organic_social,3947.42,59350,1089,71
CMP_influencer_202605,2026-05-28,influencer,20246.1,36673,2001,37
CMP_google_ads_202605,2026-05-29,google_ads,5321.73,23115,327,33
CMP_meta_ads_202605,2026-05-29,meta_ads,29038.61,32606,2474,146
CMP_email_202605,2026-05-29,email,28095.59,48825,1166,16
CMP_affiliate_202605,2026-05-29,affiliate,7758.7,23064,423,48
CMP_organic_social_202605,2026-05-29,organic_social,1991.9,4624,181,2
CMP_influencer_202605,2026-05-29,influencer,1262.25,23552,306,19
CMP_google_ads_202605,2026-05-30,google_ads,8628.61,33649,1176,99
CMP_meta_ads_202605,2026-05-30,meta_ads,33319.02,19095,1515,29
CMP_email_202605,2026-05-30,email,72479.76,48997,3050,344
CMP_affiliate_202605,2026-05-30,affiliate,1510.53,4619,318,13
CMP_organic_social_202605,2026-05-30,organic_social,6221.84,17216,1084,49
CMP_influencer_202605,2026-05-30,influencer,11011.15,30556,653,52
CMP_google_ads_202605,2026-05-31,google_ads,8944.79,20450,395,7
CMP_meta_ads_202605,2026-05-31,meta_ads,21932.57,46561,1251,84
CMP_email_202605,2026-05-31,email,10837.22,8167,442,51
CMP_affiliate_202605,2026-05-31,affiliate,7384.75,4807,352,19
CMP_organic_social_202605,2026-05-31,organic_social,16134.19,39461,1023,105
CMP_influencer_202605,2026-05-31,influencer,12881.93,24412,810,81
CMP_google_ads_202606,2026-06-01,google_ads,5654.19,23014,366,40
CMP_meta_ads_202606,2026-06-01,meta_ads,6429.43,19102,583,40
CMP_email_202606,2026-06-01,email,5673.16,44387,798,33
CMP_affiliate_202606,2026-06-01,affiliate,42696.8,35941,2182,250
CMP_organic_social_202606,2026-06-01,organic_social,10308.28,34699,2571,34
CMP_influencer_202606,2026-06-01,influencer,46908.49,31258,2114,89
CMP_google_ads_202606,2026-06-02,google_ads,55912.66,38503,2808,161
CMP_meta_ads_202606,2026-06-02,meta_ads,96837.83,56947,4012,218
CMP_email_202606,2026-06-02,email,30083.13,49189,2178,34
CMP_affiliate_202606,2026-06-02,affiliate,39094.93,34092,2104,73
CMP_organic_social_202606,2026-06-02,organic_social,68340.27,40852,2993,162
CMP_influencer_202606,2026-06-02,influencer,24751.78,32961,2481,45
CMP_google_ads_202606,2026-06-03,google_ads,416.36,3900,125,4
CMP_meta_ads_202606,2026-06-03,meta_ads,23625.73,26359,1690,32
CMP_email_202606,2026-06-03,email,8621.42,11206,644,23
CMP_affiliate_202606,2026-06-03,affiliate,9250.47,6417,386,8
CMP_organic_social_202606,2026-06-03,organic_social,47525.94,30109,2304,80
CMP_influencer_202606,2026-06-03,influencer,894.26,5026,274,4
CMP_google_ads_202606,2026-06-04,google_ads,23558.44,24747,1370,155
CMP_meta_ads_202606,2026-06-04,meta_ads,48828.47,39575,2951,95
CMP_email_202606,2026-06-04,email,57506.51,58019,4181,388
CMP_affiliate_202606,2026-06-04,affiliate,667.17,2108,32,0
CMP_organic_social_202606,2026-06-04,organic_social,34008.69,38705,1664,175
CMP_influencer_202606,2026-06-04,influencer,23918.7,53017,978,51
CMP_google_ads_202606,2026-06-05,google_ads,24016.06,49416,3396,74
CMP_meta_ads_202606,2026-06-05,meta_ads,1540.98,7273,122,14
CMP_email_202606,2026-06-05,email,2195.75,17860,640,57
CMP_affiliate_202606,2026-06-05,affiliate,5885.5,56955,1056,18
CMP_organic_social_202606,2026-06-05,organic_social,79107.87,45617,3263,158
CMP_influencer_202606,2026-06-05,influencer,8361.78,11858,472,6
CMP_google_ads_202606,2026-06-06,google_ads,17115.78,15624,709,81
CMP_meta_ads_202606,2026-06-06,meta_ads,24582.6,22493,1057,115
CMP_email_202606,2026-06-06,email,3696.02,27188,886,10
CMP_affiliate_202606,2026-06-06,affiliate,41502.0,46360,3217,52
CMP_organic_social_202606,2026-06-06,organic_social,21007.06,21125,1503,85
CMP_influencer_202606,2026-06-06,influencer,16972.49,32882,1635,161
CMP_google_ads_202606,2026-06-07,google_ads,74378.72,55285,3174,301
CMP_meta_ads_202606,2026-06-07,meta_ads,1276.91,20443,342,30
CMP_email_202606,2026-06-07,email,30005.65,47663,1399,89
CMP_affiliate_202606,2026-06-07,affiliate,36299.97,40192,1610,29
CMP_organic_social_202606,2026-06-07,organic_social,2913.57,5499,124,2
CMP_influencer_202606,2026-06-07,influencer,16925.39,12326,728,65
CMP_google_ads_202606,2026-06-08,google_ads,21527.67,37847,2286,59
CMP_meta_ads_202606,2026-06-08,meta_ads,25313.82,43684,2278,238
CMP_email_202606,2026-06-08,email,6275.89,13999,783,86
CMP_affiliate_202606,2026-06-08,affiliate,23868.06,47413,1481,132
CMP_organic_social_202606,2026-06-08,organic_social,4784.59,49201,751,29
CMP_influencer_202606,2026-06-08,influencer,51487.7,35391,2316,162
CMP_google_ads_202606,2026-06-09,google_ads,68373.19,36739,2827,240
CMP_meta_ads_202606,2026-06-09,meta_ads,3653.32,39818,1178,68
CMP_email_202606,2026-06-09,email,5197.65,31787,581,20
CMP_affiliate_202606,2026-06-09,affiliate,5772.27,30049,585,44
CMP_organic_social_202606,2026-06-09,organic_social,6864.07,6559,499,20
CMP_influencer_202606,2026-06-09,influencer,14296.84,12786,753,70
CMP_google_ads_202606,2026-06-10,google_ads,12976.56,24835,1730,161
CMP_meta_ads_202606,2026-06-10,meta_ads,69416.91,52828,2838,197
CMP_email_202606,2026-06-10,email,14229.63,38328,1124,72
CMP_affiliate_202606,2026-06-10,affiliate,23318.06,39527,1652,52
CMP_organic_social_202606,2026-06-10,organic_social,1837.99,17350,392,38
CMP_influencer_202606,2026-06-10,influencer,10578.58,15848,855,9
CMP_google_ads_202606,2026-06-11,google_ads,24304.53,31744,1408,99
CMP_meta_ads_202606,2026-06-11,meta_ads,8904.11,20118,626,40
CMP_email_202606,2026-06-11,email,1203.89,3054,109,4
CMP_affiliate_202606,2026-06-11,affiliate,1584.38,4170,312,35
CMP_organic_social_202606,2026-06-11,organic_social,12816.75,13168,910,94
CMP_influencer_202606,2026-06-11,influencer,2936.45,18096,593,25
CMP_google_ads_202606,2026-06-12,google_ads,4638.98,22595,252,20
CMP_meta_ads_202606,2026-06-12,meta_ads,53609.52,56405,3567,292
CMP_email_202606,2026-06-12,email,6928.45,17236,665,64
CMP_affiliate_202606,2026-06-12,affiliate,85287.85,50292,3876,172
CMP_organic_social_202606,2026-06-12,organic_social,15229.53,43381,2331,268
CMP_influencer_202606,2026-06-12,influencer,2910.49,57808,716,70
CMP_google_ads_202606,2026-06-13,google_ads,6619.83,51662,686,82
CMP_meta_ads_202606,2026-06-13,meta_ads,27250.39,51890,1449,153
CMP_email_202606,2026-06-13,email,4338.71,7492,320,15
CMP_affiliate_202606,2026-06-13,affiliate,16203.89,20540,853,15
CMP_organic_social_202606,2026-06-13,organic_social,12448.54,17704,742,32
CMP_influencer_202606,2026-06-13,influencer,10823.73,19475,1156,27
CMP_google_ads_202606,2026-06-14,google_ads,17901.45,37114,1192,58
CMP_meta_ads_202606,2026-06-14,meta_ads,57998.39,57346,4566,219
CMP_email_202606,2026-06-14,email,3566.3,5155,163,18
CMP_affiliate_202606,2026-06-14,affiliate,23156.92,25497,951,91
CMP_organic_social_202606,2026-06-14,organic_social,1768.74,3918,85,5
CMP_influencer_202606,2026-06-14,influencer,24763.83,46746,2529,33
CMP_google_ads_202606,2026-06-15,google_ads,21363.94,34195,1748,38
CMP_meta_ads_202606,2026-06-15,meta_ads,6607.83,27164,1951,145
CMP_email_202606,2026-06-15,email,12692.18,10827,833,37
CMP_affiliate_202606,2026-06-15,affiliate,13717.65,16865,728,50
CMP_organic_social_202606,2026-06-15,organic_social,26322.48,55832,2219,128
CMP_influencer_202606,2026-06-15,influencer,5097.39,17644,1120,66
CMP_google_ads_202606,2026-06-16,google_ads,8593.3,9637,689,17
CMP_meta_ads_202606,2026-06-16,meta_ads,5939.47,10596,656,30
CMP_email_202606,2026-06-16,email,3884.96,37535,745,40
CMP_affiliate_202606,2026-06-16,affiliate,29710.34,41053,2370,279
CMP_organic_social_202606,2026-06-16,organic_social,9148.17,23075,608,63
CMP_influencer_202606,2026-06-16,influencer,1692.32,7422,195,7
CMP_google_ads_202606,2026-06-17,google_ads,9828.04,35689,399,36
CMP_meta_ads_202606,2026-06-17,meta_ads,13125.38,32986,655,27
CMP_email_202606,2026-06-17,email,24010.53,31265,1471,153
CMP_affiliate_202606,2026-06-17,affiliate,6718.23,4987,312,26
CMP_organic_social_202606,2026-06-17,organic_social,2613.16,6916,120,7
CMP_influencer_202606,2026-06-17,influencer,19003.27,43127,1046,52
CMP_google_ads_202606,2026-06-18,google_ads,10415.7,26404,1246,130
CMP_meta_ads_202606,2026-06-18,meta_ads,32709.97,44704,2752,215
CMP_email_202606,2026-06-18,email,35034.34,39092,1587,33
CMP_affiliate_202606,2026-06-18,affiliate,12862.73,36235,1846,158
CMP_organic_social_202606,2026-06-18,organic_social,23759.4,26574,1941,69
CMP_influencer_202606,2026-06-18,influencer,11069.98,56543,859,57
CMP_google_ads_202606,2026-06-19,google_ads,60716.5,42984,2525,135
CMP_meta_ads_202606,2026-06-19,meta_ads,10771.77,6174,431,6
CMP_email_202606,2026-06-19,email,25504.81,50154,2831,305
CMP_affiliate_202606,2026-06-19,affiliate,12900.52,15009,829,92
CMP_organic_social_202606,2026-06-19,organic_social,3753.74,3594,238,20
CMP_influencer_202606,2026-06-19,influencer,1140.18,21556,306,20
CMP_google_ads_202606,2026-06-20,google_ads,73138.17,47225,3762,152
CMP_meta_ads_202606,2026-06-20,meta_ads,54749.18,44411,3238,239
CMP_email_202606,2026-06-20,email,1051.31,2320,131,7
CMP_affiliate_202606,2026-06-20,affiliate,8373.13,34086,2538,256
CMP_organic_social_202606,2026-06-20,organic_social,45420.77,45506,3552,394
CMP_influencer_202606,2026-06-20,influencer,7893.42,11001,501,24
CMP_google_ads_202606,2026-06-21,google_ads,7226.41,10856,690,31
CMP_meta_ads_202606,2026-06-21,meta_ads,18517.63,41662,1350,79
CMP_email_202606,2026-06-21,email,12217.61,16640,1125,67
CMP_affiliate_202606,2026-06-21,affiliate,10954.04,22464,844,83
CMP_organic_social_202606,2026-06-21,organic_social,6475.27,7165,261,30
CMP_influencer_202606,2026-06-21,influencer,30135.76,38072,2949,194
CMP_google_ads_202606,2026-06-22,google_ads,37333.53,33297,1524,22
CMP_meta_ads_202606,2026-06-22,meta_ads,10087.82,16642,972,62
CMP_email_202606,2026-06-22,email,30745.49,37881,1772,78
CMP_affiliate_202606,2026-06-22,affiliate,26357.96,36739,2449,189
CMP_organic_social_202606,2026-06-22,organic_social,56605.57,54359,4175,449
CMP_influencer_202606,2026-06-22,influencer,15491.33,16267,936,30
CMP_google_ads_202606,2026-06-23,google_ads,58532.16,56380,3641,157
CMP_meta_ads_202606,2026-06-23,meta_ads,1222.28,2868,67,5
CMP_email_202606,2026-06-23,email,3110.56,18650,950,58
CMP_affiliate_202606,2026-06-23,affiliate,4230.94,29318,879,45
CMP_organic_social_202606,2026-06-23,organic_social,10789.36,32774,978,37
CMP_influencer_202606,2026-06-23,influencer,14136.6,34983,843,26
CMP_google_ads_202606,2026-06-24,google_ads,15759.01,26781,723,9
CMP_meta_ads_202606,2026-06-24,meta_ads,1713.49,44147,545,61
CMP_email_202606,2026-06-24,email,9001.45,44066,1251,25
CMP_affiliate_202606,2026-06-24,affiliate,4167.72,18799,764,32
CMP_organic_social_202606,2026-06-24,organic_social,35827.61,39876,2228,163
CMP_influencer_202606,2026-06-24,influencer,8480.87,19178,516,22
CMP_google_ads_202606,2026-06-25,google_ads,42071.79,31239,1927,127
CMP_meta_ads_202606,2026-06-25,meta_ads,12382.13,48607,3249,39
CMP_email_202606,2026-06-25,email,10153.19,27722,964,103
CMP_affiliate_202606,2026-06-25,affiliate,17696.12,59585,1935,33
CMP_organic_social_202606,2026-06-25,organic_social,22037.76,30386,1100,103
CMP_influencer_202606,2026-06-25,influencer,10196.88,8821,475,21
CMP_google_ads_202606,2026-06-26,google_ads,2991.36,49324,595,41
CMP_meta_ads_202606,2026-06-26,meta_ads,10712.97,32070,943,42
CMP_email_202606,2026-06-26,email,840.24,2538,135,10
CMP_affiliate_202606,2026-06-26,affiliate,21714.62,24441,1472,120
CMP_organic_social_202606,2026-06-26,organic_social,2251.44,7540,127,8
CMP_influencer_202606,2026-06-26,influencer,12404.31,16775,960,40
CMP_google_ads_202606,2026-06-27,google_ads,17895.03,16805,758,52
CMP_meta_ads_202606,2026-06-27,meta_ads,9193.69,20819,1003,95
CMP_email_202606,2026-06-27,email,10052.09,43669,2241,243
CMP_affiliate_202606,2026-06-27,affiliate,9334.8,44871,1245,131
CMP_organic_social_202606,2026-06-27,organic_social,2844.62,17423,343,6
CMP_influencer_202606,2026-06-27,influencer,33899.91,39560,2667,27
CMP_google_ads_202606,2026-06-28,google_ads,13932.71,12059,859,36
CMP_meta_ads_202606,2026-06-28,meta_ads,7845.4,25476,455,44
CMP_email_202606,2026-06-28,email,3477.41,38221,459,52
CMP_affiliate_202606,2026-06-28,affiliate,6346.46,23084,440,33
CMP_organic_social_202606,2026-06-28,organic_social,3746.64,20407,321,13
CMP_influencer_202606,2026-06-28,influencer,3352.94,18973,347,32
CMP_google_ads_202606,2026-06-29,google_ads,19852.27,24729,1602,144
CMP_meta_ads_202606,2026-06-29,meta_ads,13572.73,19852,1066,58
CMP_email_202606,2026-06-29,email,15857.33,58705,4309,126
CMP_affiliate_202606,2026-06-29,affiliate,12431.78,14835,966,87
CMP_organic_social_202606,2026-06-29,organic_social,18843.93,16211,776,71
CMP_influencer_202606,2026-06-29,influencer,10581.63,57469,1542,49
CMP_google_ads_202606,2026-06-30,google_ads,40869.94,35118,2749,308
CMP_meta_ads_202606,2026-06-30,meta_ads,7714.71,6626,504,29
CMP_email_202606,2026-06-30,email,17052.03,27032,1945,143
CMP_affiliate_202606,2026-06-30,affiliate,12087.11,46121,1790,72
CMP_organic_social_202606,2026-06-30,organic_social,14028.5,25907,1695,52
CMP_influencer_202606,2026-06-30,influencer,25814.39,47174,1062,50
CMP_google_ads_202607,2026-07-01,google_ads,4069.4,25611,726,25
CMP_meta_ads_202607,2026-07-01,meta_ads,4661.77,9079,626,24
CMP_email_202607,2026-07-01,email,4283.85,4555,251,12
CMP_affiliate_202607,2026-07-01,affiliate,5937.0,41150,630,62
CMP_organic_social_202607,2026-07-01,organic_social,4496.67,21234,940,105
CMP_influencer_202607,2026-07-01,influencer,16510.75,20495,736,21
CMP_google_ads_202607,2026-07-02,google_ads,43532.35,54681,2419,177
CMP_meta_ads_202607,2026-07-02,meta_ads,21101.74,40557,1026,110
CMP_email_202607,2026-07-02,email,33253.38,28713,1516,124
CMP_affiliate_202607,2026-07-02,affiliate,87523.34,55182,3594,255
CMP_organic_social_202607,2026-07-02,organic_social,18439.3,21716,859,70
CMP_influencer_202607,2026-07-02,influencer,13563.35,51273,897,43
CMP_google_ads_202607,2026-07-03,google_ads,13394.2,38667,610,48
CMP_meta_ads_202607,2026-07-03,meta_ads,12512.8,51016,1347,15
CMP_email_202607,2026-07-03,email,5254.62,9464,244,7
CMP_affiliate_202607,2026-07-03,affiliate,14283.73,29209,733,60
CMP_organic_social_202607,2026-07-03,organic_social,71740.8,50950,3550,356
CMP_influencer_202607,2026-07-03,influencer,3421.16,19463,609,66
CMP_google_ads_202607,2026-07-04,google_ads,22125.61,20449,1584,177
CMP_meta_ads_202607,2026-07-04,meta_ads,1442.5,2035,98,11
CMP_email_202607,2026-07-04,email,9423.45,29360,1315,153
CMP_affiliate_202607,2026-07-04,affiliate,36528.13,32432,2530,302
CMP_organic_social_202607,2026-07-04,organic_social,32764.64,39361,2900,195
CMP_influencer_202607,2026-07-04,influencer,25321.59,27844,1839,59
CMP_google_ads_202607,2026-07-05,google_ads,24262.63,22361,1221,21
CMP_meta_ads_202607,2026-07-05,meta_ads,15733.58,38984,2383,33
CMP_email_202607,2026-07-05,email,28400.9,36603,1330,132
CMP_affiliate_202607,2026-07-05,affiliate,87370.33,54629,4305,503
CMP_organic_social_202607,2026-07-05,organic_social,4574.43,9793,417,41
CMP_influencer_202607,2026-07-05,influencer,2415.38,22549,773,60
CMP_google_ads_202607,2026-07-06,google_ads,4003.75,12697,210,13
CMP_meta_ads_202607,2026-07-06,meta_ads,16024.73,18608,909,80
CMP_email_202607,2026-07-06,email,11317.13,13534,832,57
CMP_affiliate_202607,2026-07-06,affiliate,73822.58,55602,4123,115
CMP_organic_social_202607,2026-07-06,organic_social,16338.28,34335,2175,173
CMP_influencer_202607,2026-07-06,influencer,2527.08,4206,156,11
CMP_google_ads_202607,2026-07-07,google_ads,24945.17,44282,1586,66
CMP_meta_ads_202607,2026-07-07,meta_ads,4361.98,32122,1405,63
CMP_email_202607,2026-07-07,email,57700.77,41354,2376,67
CMP_affiliate_202607,2026-07-07,affiliate,6320.33,22739,936,13
CMP_organic_social_202607,2026-07-07,organic_social,42749.41,55975,3820,454
CMP_influencer_202607,2026-07-07,influencer,4604.66,27762,1156,40
CMP_google_ads_202607,2026-07-08,google_ads,1292.72,6084,258,26
CMP_meta_ads_202607,2026-07-08,meta_ads,34707.59,49619,2555,25
CMP_email_202607,2026-07-08,email,6702.83,21125,506,39
CMP_affiliate_202607,2026-07-08,affiliate,34667.35,52456,1856,197
CMP_organic_social_202607,2026-07-08,organic_social,1406.81,4673,61,3
CMP_influencer_202607,2026-07-08,influencer,36158.75,33532,2012,145
CMP_google_ads_202607,2026-07-09,google_ads,15123.92,22038,1460,37
CMP_meta_ads_202607,2026-07-09,meta_ads,28196.42,45165,2005,214
CMP_email_202607,2026-07-09,email,31128.42,33094,2570,97
CMP_affiliate_202607,2026-07-09,affiliate,10349.73,41292,516,59
CMP_organic_social_202607,2026-07-09,organic_social,600.51,6961,128,13
CMP_influencer_202607,2026-07-09,influencer,5074.07,17063,347,5
CMP_google_ads_202607,2026-07-10,google_ads,28586.69,47418,2248,124
CMP_meta_ads_202607,2026-07-10,meta_ads,1259.14,5014,223,22
CMP_email_202607,2026-07-10,email,5203.69,5185,386,19
CMP_affiliate_202607,2026-07-10,affiliate,24375.19,18483,1272,23
CMP_organic_social_202607,2026-07-10,organic_social,22439.31,18821,1308,50
CMP_influencer_202607,2026-07-10,influencer,3907.14,38035,589,64
CMP_google_ads_202607,2026-07-11,google_ads,4126.27,9281,573,20
CMP_meta_ads_202607,2026-07-11,meta_ads,49186.06,44745,2833,298
CMP_email_202607,2026-07-11,email,4867.63,11497,284,27
CMP_affiliate_202607,2026-07-11,affiliate,72052.97,47500,3244,108
CMP_organic_social_202607,2026-07-11,organic_social,8648.95,13211,702,83
CMP_influencer_202607,2026-07-11,influencer,47292.99,57822,2068,212
CMP_google_ads_202607,2026-07-12,google_ads,3936.18,8941,471,25
CMP_meta_ads_202607,2026-07-12,meta_ads,19169.59,39805,1038,26
CMP_email_202607,2026-07-12,email,19448.31,29654,1284,38
CMP_affiliate_202607,2026-07-12,affiliate,3067.47,5411,172,1
CMP_organic_social_202607,2026-07-12,organic_social,16555.14,32871,726,19
CMP_influencer_202607,2026-07-12,influencer,84905.97,44036,3461,121
CMP_google_ads_202607,2026-07-13,google_ads,5378.43,23792,1309,17
CMP_meta_ads_202607,2026-07-13,meta_ads,6573.81,8936,359,8
CMP_email_202607,2026-07-13,email,4736.23,25745,1450,118
CMP_affiliate_202607,2026-07-13,affiliate,14684.72,12377,961,38
CMP_organic_social_202607,2026-07-13,organic_social,7606.24,19763,637,22
CMP_influencer_202607,2026-07-13,influencer,1052.3,3904,163,4
CMP_google_ads_202607,2026-07-14,google_ads,5154.37,12770,240,3
CMP_meta_ads_202607,2026-07-14,meta_ads,40685.02,44033,3430,117
CMP_email_202607,2026-07-14,email,10682.18,11302,825,65
CMP_affiliate_202607,2026-07-14,affiliate,41913.93,26766,2139,196
CMP_organic_social_202607,2026-07-14,organic_social,7740.4,32463,2378,78
CMP_influencer_202607,2026-07-14,influencer,825.05,24461,272,19
CMP_google_ads_202607,2026-07-15,google_ads,1485.27,22997,269,28
CMP_meta_ads_202607,2026-07-15,meta_ads,37492.24,58073,1936,64
CMP_email_202607,2026-07-15,email,4969.32,11513,345,7
CMP_affiliate_202607,2026-07-15,affiliate,7813.88,41450,441,45
CMP_organic_social_202607,2026-07-15,organic_social,10960.14,20274,534,62
CMP_influencer_202607,2026-07-15,influencer,5241.55,11739,380,25
CMP_google_ads_202607,2026-07-16,google_ads,1973.16,2205,82,1
CMP_meta_ads_202607,2026-07-16,meta_ads,5026.85,28218,1611,156
CMP_email_202607,2026-07-16,email,30510.51,50725,2964,88
CMP_affiliate_202607,2026-07-16,affiliate,7937.16,27853,342,24
CMP_organic_social_202607,2026-07-16,organic_social,2438.72,11270,267,29
CMP_influencer_202607,2026-07-16,influencer,32067.51,46893,2686,162
CMP_google_ads_202607,2026-07-17,google_ads,8950.56,35005,2654,89
CMP_meta_ads_202607,2026-07-17,meta_ads,1470.83,2301,149,11
CMP_email_202607,2026-07-17,email,1668.82,32289,393,11
CMP_affiliate_202607,2026-07-17,affiliate,10383.03,32136,1208,141
CMP_organic_social_202607,2026-07-17,organic_social,5380.73,20920,917,29
CMP_influencer_202607,2026-07-17,influencer,8386.33,11066,713,85
CMP_google_ads_202607,2026-07-18,google_ads,1010.42,12445,193,5
CMP_meta_ads_202607,2026-07-18,meta_ads,53257.37,49073,3301,49
CMP_email_202607,2026-07-18,email,524.74,4772,157,8
CMP_affiliate_202607,2026-07-18,affiliate,4158.15,15527,896,97
CMP_organic_social_202607,2026-07-18,organic_social,2942.39,7881,130,15
CMP_influencer_202607,2026-07-18,influencer,20256.48,56232,1470,174
CMP_google_ads_202607,2026-07-19,google_ads,12755.97,34218,1071,64
CMP_meta_ads_202607,2026-07-19,meta_ads,8798.5,24362,352,10
CMP_email_202607,2026-07-19,email,85213.88,55970,4350,290
CMP_affiliate_202607,2026-07-19,affiliate,26217.68,24905,1306,14
CMP_organic_social_202607,2026-07-19,organic_social,710.78,3549,205,12
CMP_influencer_202607,2026-07-19,influencer,12876.33,43677,1861,219
CMP_google_ads_202607,2026-07-20,google_ads,5817.66,23848,647,16
CMP_meta_ads_202607,2026-07-20,meta_ads,1092.87,2923,101,4
CMP_email_202607,2026-07-20,email,490.34,3705,87,2
CMP_affiliate_202607,2026-07-20,affiliate,27556.25,22674,1405,22
CMP_organic_social_202607,2026-07-20,organic_social,30166.56,47007,1356,23
CMP_influencer_202607,2026-07-20,influencer,8793.13,48832,2068,226
CMP_google_ads_202607,2026-07-21,google_ads,12599.34,30257,1990,99
CMP_meta_ads_202607,2026-07-21,meta_ads,2706.64,4638,118,3
CMP_email_202607,2026-07-21,email,2198.53,9326,542,53
CMP_affiliate_202607,2026-07-21,affiliate,3947.6,15443,707,52
CMP_organic_social_202607,2026-07-21,organic_social,1583.11,4421,222,9
CMP_influencer_202607,2026-07-21,influencer,2767.62,13408,253,21
CMP_google_ads_202607,2026-07-22,google_ads,20964.58,21943,986,12
CMP_meta_ads_202607,2026-07-22,meta_ads,1066.23,12225,192,17
CMP_email_202607,2026-07-22,email,16913.89,35065,893,40
CMP_affiliate_202607,2026-07-22,affiliate,8416.73,28888,661,37
CMP_organic_social_202607,2026-07-22,organic_social,34102.64,52109,2713,153
CMP_influencer_202607,2026-07-22,influencer,14441.19,58255,2138,206
CMP_google_ads_202607,2026-07-23,google_ads,55403.63,37728,2314,205
CMP_meta_ads_202607,2026-07-23,meta_ads,4071.49,43190,594,63
CMP_email_202607,2026-07-23,email,44402.03,57428,1788,91
CMP_affiliate_202607,2026-07-23,affiliate,4821.46,29780,628,63
CMP_organic_social_202607,2026-07-23,organic_social,429.28,2128,99,11
CMP_influencer_202607,2026-07-23,influencer,962.5,3316,150,12
CMP_google_ads_202607,2026-07-24,google_ads,26317.28,48234,1179,55
CMP_meta_ads_202607,2026-07-24,meta_ads,1306.37,3919,311,13
CMP_email_202607,2026-07-24,email,3710.04,14500,273,11
CMP_affiliate_202607,2026-07-24,affiliate,43384.72,59967,2566,251
CMP_organic_social_202607,2026-07-24,organic_social,14063.36,51604,2149,140
CMP_influencer_202607,2026-07-24,influencer,11413.84,11053,679,31
CMP_google_ads_202607,2026-07-25,google_ads,11953.14,48514,2903,309
CMP_meta_ads_202607,2026-07-25,meta_ads,3060.85,9773,223,26
CMP_email_202607,2026-07-25,email,25248.88,40801,1052,95
CMP_affiliate_202607,2026-07-25,affiliate,38403.87,52759,3071,145
CMP_organic_social_202607,2026-07-25,organic_social,21690.09,59874,946,98
CMP_influencer_202607,2026-07-25,influencer,3834.2,24347,1169,31
CMP_google_ads_202607,2026-07-26,google_ads,57998.4,31941,2398,54
CMP_meta_ads_202607,2026-07-26,meta_ads,34919.42,50327,3234,275
CMP_email_202607,2026-07-26,email,55072.13,58892,2208,151
CMP_affiliate_202607,2026-07-26,affiliate,21258.71,47798,1506,110
CMP_organic_social_202607,2026-07-26,organic_social,29070.31,56902,3780,365
CMP_influencer_202607,2026-07-26,influencer,14223.9,18811,866,73
CMP_google_ads_202607,2026-07-27,google_ads,20898.66,43073,1947,111
CMP_meta_ads_202607,2026-07-27,meta_ads,7952.28,26338,1260,123
CMP_email_202607,2026-07-27,email,13902.11,12572,915,107
CMP_affiliate_202607,2026-07-27,affiliate,23020.32,15569,1134,96
CMP_organic_social_202607,2026-07-27,organic_social,35104.08,35422,2815,325
CMP_influencer_202607,2026-07-27,influencer,14422.86,33754,1087,60
CMP_google_ads_202607,2026-07-28,google_ads,57869.87,39333,2898,236
CMP_meta_ads_202607,2026-07-28,meta_ads,6471.66,12630,897,78
CMP_email_202607,2026-07-28,email,52216.85,29451,2226,220
CMP_affiliate_202607,2026-07-28,affiliate,4151.24,45983,1009,50
CMP_organic_social_202607,2026-07-28,organic_social,45823.41,45332,2189,62
CMP_influencer_202607,2026-07-28,influencer,14661.3,52166,3128,49
CMP_google_ads_202607,2026-07-29,google_ads,2009.97,8848,299,2
CMP_meta_ads_202607,2026-07-29,meta_ads,14105.34,54350,1908,179
CMP_email_202607,2026-07-29,email,48525.57,59176,2017,104
CMP_affiliate_202607,2026-07-29,affiliate,19495.46,32416,2113,73
CMP_organic_social_202607,2026-07-29,organic_social,11927.42,27384,1429,86
CMP_influencer_202607,2026-07-29,influencer,20760.26,19671,893,55
CMP_google_ads_202607,2026-07-30,google_ads,2160.21,7336,100,1
CMP_meta_ads_202607,2026-07-30,meta_ads,18894.3,56215,1128,66
CMP_email_202607,2026-07-30,email,28235.57,40653,2674,51
CMP_affiliate_202607,2026-07-30,affiliate,6465.87,34457,360,37
CMP_organic_social_202607,2026-07-30,organic_social,2823.45,3745,133,14
CMP_influencer_202607,2026-07-30,influencer,13229.72,17244,695,59
CMP_google_ads_202607,2026-07-31,google_ads,58244.92,55511,2622,116
CMP_meta_ads_202607,2026-07-31,meta_ads,3665.6,24784,255,8
CMP_email_202607,2026-07-31,email,25804.33,39579,1579,95
CMP_affiliate_202607,2026-07-31,affiliate,1889.82,6639,346,29
CMP_organic_social_202607,2026-07-31,organic_social,2102.11,5114,394,36
CMP_influencer_202607,2026-07-31,influencer,6173.14,45975,733,36
CMP_google_ads_202608,2026-08-01,google_ads,13676.11,13327,718,34
CMP_meta_ads_202608,2026-08-01,meta_ads,16337.37,25181,1664,17
CMP_email_202608,2026-08-01,email,6369.19,20676,469,19
CMP_affiliate_202608,2026-08-01,affiliate,17170.68,37516,1007,71
CMP_organic_social_202608,2026-08-01,organic_social,8425.24,45262,1339,144
CMP_influencer_202608,2026-08-01,influencer,19627.47,48371,2985,81
CMP_google_ads_202608,2026-08-02,google_ads,40951.64,58216,2438,173
CMP_meta_ads_202608,2026-08-02,meta_ads,18568.5,50490,1972,72
CMP_email_202608,2026-08-02,email,55532.42,55943,2637,74
CMP_affiliate_202608,2026-08-02,affiliate,7436.47,27744,630,50
CMP_organic_social_202608,2026-08-02,organic_social,36783.74,30336,1624,147
CMP_influencer_202608,2026-08-02,influencer,34079.73,31767,1412,104
CMP_google_ads_202608,2026-08-03,google_ads,3036.8,15476,631,27
CMP_meta_ads_202608,2026-08-03,meta_ads,43786.44,42895,2639,233
CMP_email_202608,2026-08-03,email,44462.45,59552,3519,200
CMP_affiliate_202608,2026-08-03,affiliate,1511.67,5738,439,27
CMP_organic_social_202608,2026-08-03,organic_social,27969.28,24847,1126,130
CMP_influencer_202608,2026-08-03,influencer,47385.66,57432,2274,141
CMP_google_ads_202608,2026-08-04,google_ads,8512.41,5210,355,16
CMP_meta_ads_202608,2026-08-04,meta_ads,2842.51,2201,150,7
CMP_email_202608,2026-08-04,email,47139.82,50985,3534,103
CMP_affiliate_202608,2026-08-04,affiliate,17361.28,40597,2115,51
CMP_organic_social_202608,2026-08-04,organic_social,6547.53,31064,631,71
CMP_influencer_202608,2026-08-04,influencer,21230.04,32115,2143,23
CMP_google_ads_202608,2026-08-05,google_ads,45053.51,39957,2281,41
CMP_meta_ads_202608,2026-08-05,meta_ads,8073.38,47705,490,16
CMP_email_202608,2026-08-05,email,14907.42,47189,811,66
CMP_affiliate_202608,2026-08-05,affiliate,14376.5,25347,1577,19
CMP_organic_social_202608,2026-08-05,organic_social,53868.81,58413,4495,503
CMP_influencer_202608,2026-08-05,influencer,9866.42,39164,699,58
CMP_google_ads_202608,2026-08-06,google_ads,8851.11,18728,1372,97
CMP_meta_ads_202608,2026-08-06,meta_ads,6594.47,6874,370,20
CMP_email_202608,2026-08-06,email,13561.36,38920,767,31
CMP_affiliate_202608,2026-08-06,affiliate,21030.53,40982,1016,55
CMP_organic_social_202608,2026-08-06,organic_social,29161.23,41346,2210,207
CMP_influencer_202608,2026-08-06,influencer,16888.12,34248,907,65
CMP_google_ads_202608,2026-08-07,google_ads,17754.95,42973,1076,118
CMP_meta_ads_202608,2026-08-07,meta_ads,1388.14,7129,136,15
CMP_email_202608,2026-08-07,email,1019.18,3178,41,0
CMP_affiliate_202608,2026-08-07,affiliate,4653.14,8120,345,12
CMP_organic_social_202608,2026-08-07,organic_social,17812.96,53239,2867,87
CMP_influencer_202608,2026-08-07,influencer,3049.33,7863,391,8
CMP_google_ads_202608,2026-08-08,google_ads,15211.87,10565,632,73
CMP_meta_ads_202608,2026-08-08,meta_ads,41992.7,50102,2287,141
CMP_email_202608,2026-08-08,email,33717.19,44110,2978,267
CMP_affiliate_202608,2026-08-08,affiliate,8079.28,8946,332,20
CMP_organic_social_202608,2026-08-08,organic_social,36162.12,44426,2428,167
CMP_influencer_202608,2026-08-08,influencer,34858.02,40626,2434,289
CMP_google_ads_202608,2026-08-09,google_ads,11540.18,16454,914,46
CMP_meta_ads_202608,2026-08-09,meta_ads,874.89,2211,64,4
CMP_email_202608,2026-08-09,email,48968.8,46725,2272,111
CMP_affiliate_202608,2026-08-09,affiliate,7502.84,13711,655,19
CMP_organic_social_202608,2026-08-09,organic_social,23307.9,56609,2229,90
CMP_influencer_202608,2026-08-09,influencer,4334.33,35257,979,66
CMP_google_ads_202608,2026-08-10,google_ads,8225.75,40792,743,20
CMP_meta_ads_202608,2026-08-10,meta_ads,5512.36,28476,575,29
CMP_email_202608,2026-08-10,email,3064.9,26463,484,25
CMP_affiliate_202608,2026-08-10,affiliate,27854.77,52629,3731,194
CMP_organic_social_202608,2026-08-10,organic_social,27460.12,32550,1108,55
CMP_influencer_202608,2026-08-10,influencer,3002.81,14649,465,19
CMP_google_ads_202608,2026-08-11,google_ads,15625.44,17559,1223,68
CMP_meta_ads_202608,2026-08-11,meta_ads,27274.83,17912,1112,17
CMP_email_202608,2026-08-11,email,18922.2,46186,772,79
CMP_affiliate_202608,2026-08-11,affiliate,19003.79,21729,1367,134
CMP_organic_social_202608,2026-08-11,organic_social,6221.18,58065,1923,118
CMP_influencer_202608,2026-08-11,influencer,4951.21,29892,714,65
CMP_google_ads_202608,2026-08-12,google_ads,5578.31,3949,257,23
CMP_meta_ads_202608,2026-08-12,meta_ads,41611.95,28450,1940,134
CMP_email_202608,2026-08-12,email,12361.7,42680,1379,157
CMP_affiliate_202608,2026-08-12,affiliate,30222.58,34224,1664,196
CMP_organic_social_202608,2026-08-12,organic_social,34637.71,45643,1764,162
CMP_influencer_202608,2026-08-12,influencer,4172.05,16938,1242,123
CMP_google_ads_202608,2026-08-13,google_ads,53221.14,52529,2484,273
CMP_meta_ads_202608,2026-08-13,meta_ads,13625.45,30847,671,66
CMP_email_202608,2026-08-13,email,15712.9,46844,667,62
CMP_affiliate_202608,2026-08-13,affiliate,20201.23,29526,889,68
CMP_organic_social_202608,2026-08-13,organic_social,24351.37,40546,1166,139
CMP_influencer_202608,2026-08-13,influencer,5777.2,7580,279,7
CMP_google_ads_202608,2026-08-14,google_ads,50248.76,50069,3723,429
CMP_meta_ads_202608,2026-08-14,meta_ads,2638.44,13742,243,17
CMP_email_202608,2026-08-14,email,10905.85,50513,1478,72
CMP_affiliate_202608,2026-08-14,affiliate,68677.25,52731,3323,122
CMP_organic_social_202608,2026-08-14,organic_social,1333.45,6156,66,7
CMP_influencer_202608,2026-08-14,influencer,30314.58,45684,2643,255
CMP_google_ads_202608,2026-08-15,google_ads,23951.69,15007,1163,97
CMP_meta_ads_202608,2026-08-15,meta_ads,3537.9,8336,527,6
CMP_email_202608,2026-08-15,email,6929.34,12440,321,34
CMP_affiliate_202608,2026-08-15,affiliate,8171.78,34902,828,21
CMP_organic_social_202608,2026-08-15,organic_social,8876.86,21910,1188,85
CMP_influencer_202608,2026-08-15,influencer,1437.9,3820,98,10
CMP_google_ads_202608,2026-08-16,google_ads,28690.62,48406,2857,40
CMP_meta_ads_202608,2026-08-16,meta_ads,35163.43,25819,1472,102
CMP_email_202608,2026-08-16,email,12274.47,28961,2163,23
CMP_affiliate_202608,2026-08-16,affiliate,10375.46,55957,712,56
CMP_organic_social_202608,2026-08-16,organic_social,26013.23,50925,1303,121
CMP_influencer_202608,2026-08-16,influencer,9655.65,11636,536,46
CMP_google_ads_202608,2026-08-17,google_ads,10910.4,32776,1119,85
CMP_meta_ads_202608,2026-08-17,meta_ads,4415.07,5694,265,2
CMP_email_202608,2026-08-17,email,30708.18,24321,1397,101
CMP_affiliate_202608,2026-08-17,affiliate,15381.46,20729,858,26
CMP_organic_social_202608,2026-08-17,organic_social,36833.55,28711,1765,183
CMP_influencer_202608,2026-08-17,influencer,14477.53,36293,1847,112
CMP_google_ads_202608,2026-08-18,google_ads,20932.63,31800,1485,76
CMP_meta_ads_202608,2026-08-18,meta_ads,12224.62,11714,848,34
CMP_email_202608,2026-08-18,email,47360.82,32846,2323,39
CMP_affiliate_202608,2026-08-18,affiliate,11568.1,18605,1184,27
CMP_organic_social_202608,2026-08-18,organic_social,17567.73,34849,1674,28
CMP_influencer_202608,2026-08-18,influencer,27398.08,56322,2050,223
CMP_google_ads_202608,2026-08-19,google_ads,62540.07,53588,3163,131
CMP_meta_ads_202608,2026-08-19,meta_ads,25314.41,21027,1309,85
CMP_email_202608,2026-08-19,email,4607.27,8635,675,35
CMP_affiliate_202608,2026-08-19,affiliate,9298.45,59713,709,37
CMP_organic_social_202608,2026-08-19,organic_social,13841.27,24257,1828,191
CMP_influencer_202608,2026-08-19,influencer,5367.67,14065,374,28
CMP_google_ads_202608,2026-08-20,google_ads,7478.95,22233,1118,57
CMP_meta_ads_202608,2026-08-20,meta_ads,87902.88,56511,3626,387
CMP_email_202608,2026-08-20,email,350.35,6641,84,2
CMP_affiliate_202608,2026-08-20,affiliate,1940.83,27251,384,20
CMP_organic_social_202608,2026-08-20,organic_social,14786.86,9760,660,17
CMP_influencer_202608,2026-08-20,influencer,15058.8,27510,719,9
CMP_google_ads_202608,2026-08-21,google_ads,26008.59,17634,1167,137
CMP_meta_ads_202608,2026-08-21,meta_ads,31517.82,34565,1721,88
CMP_email_202608,2026-08-21,email,235.84,4427,46,1
CMP_affiliate_202608,2026-08-21,affiliate,2270.59,15853,200,3
CMP_organic_social_202608,2026-08-21,organic_social,14931.68,33030,2267,109
CMP_influencer_202608,2026-08-21,influencer,945.9,27148,308,29
CMP_google_ads_202608,2026-08-22,google_ads,23255.02,43136,3411,237
CMP_meta_ads_202608,2026-08-22,meta_ads,43252.17,38401,1943,140
CMP_email_202608,2026-08-22,email,38989.82,53782,2335,24
CMP_affiliate_202608,2026-08-22,affiliate,2021.01,35017,441,52
CMP_organic_social_202608,2026-08-22,organic_social,4910.36,18250,776,54
CMP_influencer_202608,2026-08-22,influencer,4619.44,45562,627,22
CMP_google_ads_202608,2026-08-23,google_ads,2840.43,38855,488,42
CMP_meta_ads_202608,2026-08-23,meta_ads,24928.93,39523,1995,213
CMP_email_202608,2026-08-23,email,50035.27,56984,3568,168
CMP_affiliate_202608,2026-08-23,affiliate,14186.79,23997,1060,90
CMP_organic_social_202608,2026-08-23,organic_social,18792.34,20894,1083,20
CMP_influencer_202608,2026-08-23,influencer,15616.02,14537,656,60
CMP_google_ads_202608,2026-08-24,google_ads,51183.59,25788,2048,141
CMP_meta_ads_202608,2026-08-24,meta_ads,1922.01,17628,324,8
CMP_email_202608,2026-08-24,email,39234.88,41253,2102,212
CMP_affiliate_202608,2026-08-24,affiliate,13076.73,28858,917,37
CMP_organic_social_202608,2026-08-24,organic_social,6219.84,30010,1991,231
CMP_influencer_202608,2026-08-24,influencer,15299.11,20570,1102,127
CMP_google_ads_202608,2026-08-25,google_ads,5771.34,32249,755,42
CMP_meta_ads_202608,2026-08-25,meta_ads,73220.97,55888,3643,156
CMP_email_202608,2026-08-25,email,8236.85,53454,596,34
CMP_affiliate_202608,2026-08-25,affiliate,49081.09,56211,3097,289
CMP_organic_social_202608,2026-08-25,organic_social,8132.54,9895,554,21
CMP_influencer_202608,2026-08-25,influencer,6382.41,46216,545,9
CMP_google_ads_202608,2026-08-26,google_ads,23940.37,46459,3522,182
CMP_meta_ads_202608,2026-08-26,meta_ads,6338.91,6188,489,27
CMP_email_202608,2026-08-26,email,9090.67,47044,1000,29
CMP_affiliate_202608,2026-08-26,affiliate,6967.38,30895,794,42
CMP_organic_social_202608,2026-08-26,organic_social,4764.05,27591,476,46
CMP_influencer_202608,2026-08-26,influencer,4849.97,54014,989,101
CMP_google_ads_202608,2026-08-27,google_ads,70913.57,56711,3241,215
CMP_meta_ads_202608,2026-08-27,meta_ads,1218.27,6546,282,16
CMP_email_202608,2026-08-27,email,4290.23,26779,319,13
CMP_affiliate_202608,2026-08-27,affiliate,3756.82,9859,227,3
CMP_organic_social_202608,2026-08-27,organic_social,2046.39,13215,252,14
CMP_influencer_202608,2026-08-27,influencer,5960.4,12277,367,31
CMP_google_ads_202608,2026-08-28,google_ads,12016.81,50802,763,68
CMP_meta_ads_202608,2026-08-28,meta_ads,22933.48,21903,1016,106
CMP_email_202608,2026-08-28,email,3760.37,21686,257,3
CMP_affiliate_202608,2026-08-28,affiliate,57979.25,50594,2753,211
CMP_organic_social_202608,2026-08-28,organic_social,35303.9,33586,1571,61
CMP_influencer_202608,2026-08-28,influencer,22716.87,28120,1002,107
CMP_google_ads_202608,2026-08-29,google_ads,1934.78,7829,591,34
CMP_meta_ads_202608,2026-08-29,meta_ads,27609.16,24989,1988,156
CMP_email_202608,2026-08-29,email,47885.85,58146,3380,392
CMP_affiliate_202608,2026-08-29,affiliate,5246.75,6923,300,16
CMP_organic_social_202608,2026-08-29,organic_social,5984.44,8650,426,41
CMP_influencer_202608,2026-08-29,influencer,36327.92,42349,1475,140
CMP_google_ads_202608,2026-08-30,google_ads,11833.24,35268,496,13
CMP_meta_ads_202608,2026-08-30,meta_ads,21162.22,51631,3133,183
CMP_email_202608,2026-08-30,email,29232.06,50119,1995,230
CMP_affiliate_202608,2026-08-30,affiliate,38007.44,46861,2988,62
CMP_organic_social_202608,2026-08-30,organic_social,21631.87,48579,2713,29
CMP_influencer_202608,2026-08-30,influencer,61109.78,33440,2552,197
CMP_google_ads_202608,2026-08-31,google_ads,26814.62,39304,1270,83
CMP_meta_ads_202608,2026-08-31,meta_ads,49510.73,30586,2397,142
CMP_email_202608,2026-08-31,email,18630.19,47588,826,94
CMP_affiliate_202608,2026-08-31,affiliate,21999.51,57196,1269,16
CMP_organic_social_202608,2026-08-31,organic_social,45569.82,37464,2107,106
CMP_influencer_202608,2026-08-31,influencer,13936.03,13120,1008,57
CMP_google_ads_202609,2026-09-01,google_ads,11130.73,30946,887,13
CMP_meta_ads_202609,2026-09-01,meta_ads,14879.63,47412,3707,271
CMP_email_202609,2026-09-01,email,10908.51,24101,620,34
CMP_affiliate_202609,2026-09-01,affiliate,1790.46,15829,308,10
CMP_organic_social_202609,2026-09-01,organic_social,2118.4,11637,130,5
CMP_influencer_202609,2026-09-01,influencer,39108.31,46178,1803,147
CMP_google_ads_202609,2026-09-02,google_ads,33009.79,52367,3648,252
CMP_meta_ads_202609,2026-09-02,meta_ads,4261.48,17178,819,34
CMP_email_202609,2026-09-02,email,2768.43,27145,274,32
CMP_affiliate_202609,2026-09-02,affiliate,16690.03,14901,718,50
CMP_organic_social_202609,2026-09-02,organic_social,8444.11,21812,791,78
CMP_influencer_202609,2026-09-02,influencer,30417.89,34065,2335,34
CMP_google_ads_202609,2026-09-03,google_ads,36350.19,54566,1492,106
CMP_meta_ads_202609,2026-09-03,meta_ads,9001.32,15258,406,10
CMP_email_202609,2026-09-03,email,70100.99,47800,2940,103
CMP_affiliate_202609,2026-09-03,affiliate,47038.17,54279,2814,98
CMP_organic_social_202609,2026-09-03,organic_social,4275.86,11567,293,32
CMP_influencer_202609,2026-09-03,influencer,24150.35,52985,1489,114
CMP_google_ads_202609,2026-09-04,google_ads,18408.71,19336,740,80
CMP_meta_ads_202609,2026-09-04,meta_ads,2503.85,15834,217,21
CMP_email_202609,2026-09-04,email,8141.17,20182,972,35
CMP_affiliate_202609,2026-09-04,affiliate,8179.69,47530,1809,43
CMP_organic_social_202609,2026-09-04,organic_social,29582.01,24480,1361,47
CMP_influencer_202609,2026-09-04,influencer,53008.24,31086,2176,150
CMP_google_ads_202609,2026-09-05,google_ads,10125.48,40771,839,97
CMP_meta_ads_202609,2026-09-05,meta_ads,32586.3,46692,1795,141
CMP_email_202609,2026-09-05,email,21146.12,57536,3745,256
CMP_affiliate_202609,2026-09-05,affiliate,14253.61,21816,584,6
CMP_organic_social_202609,2026-09-05,organic_social,36781.19,29620,1514,179
CMP_influencer_202609,2026-09-05,influencer,9382.06,5230,376,20
CMP_google_ads_202609,2026-09-06,google_ads,22664.59,44185,2145,75
CMP_meta_ads_202609,2026-09-06,meta_ads,6037.1,16857,386,42
CMP_email_202609,2026-09-06,email,6370.05,25782,625,38
CMP_affiliate_202609,2026-09-06,affiliate,9392.1,13176,587,42
CMP_organic_social_202609,2026-09-06,organic_social,37616.18,58527,3445,267
CMP_influencer_202609,2026-09-06,influencer,1917.51,21546,425,13
CMP_google_ads_202609,2026-09-07,google_ads,3935.57,32027,810,28
CMP_meta_ads_202609,2026-09-07,meta_ads,44934.81,41474,3208,369
CMP_email_202609,2026-09-07,email,27287.03,39918,2535,102
CMP_affiliate_202609,2026-09-07,affiliate,13751.17,44575,926,36
CMP_organic_social_202609,2026-09-07,organic_social,19091.6,38624,1514,67
CMP_influencer_202609,2026-09-07,influencer,29854.05,55646,3273,36
CMP_google_ads_202609,2026-09-08,google_ads,6815.61,51973,1373,90
CMP_meta_ads_202609,2026-09-08,meta_ads,40654.38,57980,2095,141
CMP_email_202609,2026-09-08,email,33164.15,33073,1415,128
CMP_affiliate_202609,2026-09-08,affiliate,16700.87,45915,1140,54
CMP_organic_social_202609,2026-09-08,organic_social,20805.99,37078,894,73
CMP_influencer_202609,2026-09-08,influencer,10187.13,14684,593,26
CMP_google_ads_202609,2026-09-09,google_ads,93701.83,55493,4428,200
CMP_meta_ads_202609,2026-09-09,meta_ads,2545.82,34193,767,69
CMP_email_202609,2026-09-09,email,31634.07,32288,1759,173
CMP_affiliate_202609,2026-09-09,affiliate,79292.54,59955,4490,271
CMP_organic_social_202609,2026-09-09,organic_social,18902.62,25215,1274,43
CMP_influencer_202609,2026-09-09,influencer,10720.28,19288,792,81
CMP_google_ads_202609,2026-09-10,google_ads,5265.36,5173,292,5
CMP_meta_ads_202609,2026-09-10,meta_ads,67849.2,38172,2757,68
CMP_email_202609,2026-09-10,email,11816.68,33796,2059,68
CMP_affiliate_202609,2026-09-10,affiliate,19195.12,27456,1779,179
CMP_organic_social_202609,2026-09-10,organic_social,27787.08,28194,2107,137
CMP_influencer_202609,2026-09-10,influencer,21522.86,24087,889,12
CMP_google_ads_202609,2026-09-11,google_ads,11109.12,17195,582,50
CMP_meta_ads_202609,2026-09-11,meta_ads,35529.85,50782,4057,216
CMP_email_202609,2026-09-11,email,18412.16,46127,1901,53
CMP_affiliate_202609,2026-09-11,affiliate,3519.61,5892,191,13
CMP_organic_social_202609,2026-09-11,organic_social,34401.83,42354,3185,173
CMP_influencer_202609,2026-09-11,influencer,754.23,7940,161,13
CMP_google_ads_202609,2026-09-12,google_ads,3669.56,47076,911,72
CMP_meta_ads_202609,2026-09-12,meta_ads,7129.95,10845,392,38
CMP_email_202609,2026-09-12,email,2273.34,2162,145,10
CMP_affiliate_202609,2026-09-12,affiliate,34003.95,30224,2219,98
CMP_organic_social_202609,2026-09-12,organic_social,7029.32,45602,848,17
CMP_influencer_202609,2026-09-12,influencer,2652.78,10663,846,86
CMP_google_ads_202609,2026-09-13,google_ads,19094.89,57264,1392,96
CMP_meta_ads_202609,2026-09-13,meta_ads,30799.77,53134,3214,169
CMP_email_202609,2026-09-13,email,15523.72,25265,795,89
CMP_affiliate_202609,2026-09-13,affiliate,14645.84,57532,2847,330
CMP_organic_social_202609,2026-09-13,organic_social,14136.42,27581,1186,15
CMP_influencer_202609,2026-09-13,influencer,3194.21,26646,355,5
CMP_google_ads_202609,2026-09-14,google_ads,63329.95,38164,2799,199
CMP_meta_ads_202609,2026-09-14,meta_ads,65996.47,50320,3698,114
CMP_email_202609,2026-09-14,email,18068.54,53882,2596,259
CMP_affiliate_202609,2026-09-14,affiliate,38615.5,57351,2157,128
CMP_organic_social_202609,2026-09-14,organic_social,19194.32,32953,1765,209
CMP_influencer_202609,2026-09-14,influencer,11810.75,25866,1574,40
CMP_google_ads_202609,2026-09-15,google_ads,10589.23,39864,660,41
CMP_meta_ads_202609,2026-09-15,meta_ads,3700.3,8146,204,22
CMP_email_202609,2026-09-15,email,16870.44,30889,2253,170
CMP_affiliate_202609,2026-09-15,affiliate,44224.52,25527,2012,240
CMP_organic_social_202609,2026-09-15,organic_social,840.07,9803,170,14
CMP_influencer_202609,2026-09-15,influencer,38914.99,51752,3317,350
CMP_google_ads_202609,2026-09-16,google_ads,23468.29,30285,1011,47
CMP_meta_ads_202609,2026-09-16,meta_ads,33475.08,47912,1371,149
CMP_email_202609,2026-09-16,email,22678.47,35055,2320,97
CMP_affiliate_202609,2026-09-16,affiliate,35872.62,37126,2904,41
CMP_organic_social_202609,2026-09-16,organic_social,49010.36,28555,2182,244
CMP_influencer_202609,2026-09-16,influencer,22804.31,31019,1313,47
CMP_google_ads_202609,2026-09-17,google_ads,15176.01,10733,809,35
CMP_meta_ads_202609,2026-09-17,meta_ads,35452.64,43867,2606,270
CMP_email_202609,2026-09-17,email,30653.85,56608,4021,372
CMP_affiliate_202609,2026-09-17,affiliate,40162.94,51272,2788,178
CMP_organic_social_202609,2026-09-17,organic_social,6376.4,21274,484,47
CMP_influencer_202609,2026-09-17,influencer,5608.2,49427,607,28
CMP_google_ads_202609,2026-09-18,google_ads,1436.08,3391,73,2
CMP_meta_ads_202609,2026-09-18,meta_ads,13903.75,50051,3319,137
CMP_email_202609,2026-09-18,email,8033.86,28570,396,22
CMP_affiliate_202609,2026-09-18,affiliate,34355.86,49157,1462,164
CMP_organic_social_202609,2026-09-18,organic_social,1600.05,2823,108,11
CMP_influencer_202609,2026-09-18,influencer,2350.18,9520,599,52
CMP_google_ads_202609,2026-09-19,google_ads,6864.2,9198,471,54
CMP_meta_ads_202609,2026-09-19,meta_ads,8447.62,36997,1777,171
CMP_email_202609,2026-09-19,email,23911.52,48742,3085,175
CMP_affiliate_202609,2026-09-19,affiliate,11214.56,35759,2371,61
CMP_organic_social_202609,2026-09-19,organic_social,61607.54,59103,4044,197
CMP_influencer_202609,2026-09-19,influencer,4131.82,45859,901,100
CMP_google_ads_202609,2026-09-20,google_ads,11385.11,44891,1701,38
CMP_meta_ads_202609,2026-09-20,meta_ads,28597.15,30664,2102,49
CMP_email_202609,2026-09-20,email,16120.96,12137,891,43
CMP_affiliate_202609,2026-09-20,affiliate,22078.02,59509,1249,135
CMP_organic_social_202609,2026-09-20,organic_social,4429.31,5476,244,17
CMP_influencer_202609,2026-09-20,influencer,594.93,2367,31,1
CMP_google_ads_202609,2026-09-21,google_ads,21745.62,32844,1089,11
CMP_meta_ads_202609,2026-09-21,meta_ads,367.36,2223,73,7
CMP_email_202609,2026-09-21,email,27356.37,56666,2344,181
CMP_affiliate_202609,2026-09-21,affiliate,17266.42,30423,799,44
CMP_organic_social_202609,2026-09-21,organic_social,1172.42,2196,169,17
CMP_influencer_202609,2026-09-21,influencer,2211.02,52735,619,24
CMP_google_ads_202609,2026-09-22,google_ads,8962.68,41753,1958,84
CMP_meta_ads_202609,2026-09-22,meta_ads,4478.14,13641,834,73
CMP_email_202609,2026-09-22,email,8920.16,38740,916,102
CMP_affiliate_202609,2026-09-22,affiliate,5108.21,24348,449,21
CMP_organic_social_202609,2026-09-22,organic_social,3477.1,18630,1155,103
CMP_influencer_202609,2026-09-22,influencer,16371.12,48137,1294,144
CMP_google_ads_202609,2026-09-23,google_ads,13934.79,50154,3996,251
CMP_meta_ads_202609,2026-09-23,meta_ads,11064.26,22154,1142,87
CMP_email_202609,2026-09-23,email,4476.28,28446,910,77
CMP_affiliate_202609,2026-09-23,affiliate,14625.92,42704,2804,243
CMP_organic_social_202609,2026-09-23,organic_social,11685.62,14499,997,23
CMP_influencer_202609,2026-09-23,influencer,69066.15,41112,3243,218
CMP_google_ads_202609,2026-09-24,google_ads,20150.65,21774,1159,120
CMP_meta_ads_202609,2026-09-24,meta_ads,9598.3,12918,413,36
CMP_email_202609,2026-09-24,email,49643.95,39869,2624,220
CMP_affiliate_202609,2026-09-24,affiliate,5933.05,26241,789,19
CMP_organic_social_202609,2026-09-24,organic_social,22191.25,48493,1796,147
CMP_influencer_202609,2026-09-24,influencer,9435.35,21313,746,58
CMP_google_ads_202609,2026-09-25,google_ads,4836.98,11055,265,4
CMP_meta_ads_202609,2026-09-25,meta_ads,37188.06,59995,1696,157
CMP_email_202609,2026-09-25,email,37279.68,48489,2671,289
CMP_affiliate_202609,2026-09-25,affiliate,9344.63,41003,1198,77
CMP_organic_social_202609,2026-09-25,organic_social,16950.89,56783,3042,330
CMP_influencer_202609,2026-09-25,influencer,9439.34,31133,1659,94
CMP_google_ads_202609,2026-09-26,google_ads,26757.69,34637,1368,122
CMP_meta_ads_202609,2026-09-26,meta_ads,10964.75,51338,841,38
CMP_email_202609,2026-09-26,email,19213.71,39192,2046,157
CMP_affiliate_202609,2026-09-26,affiliate,11050.14,18983,1286,29
CMP_organic_social_202609,2026-09-26,organic_social,1807.24,2560,92,10
CMP_influencer_202609,2026-09-26,influencer,10556.6,17052,574,29
