ticket_id,customer_id,order_id,issue_type,priority,created_at,resolved_at
T000001,C001798,O0017759,late_delivery,medium,2025-01-07 21:15:58,2025-01-12 09:15:58
T000002,C000322,O0006478,wrong_item,high,2025-01-09 20:56:36,2025-01-13 15:56:36
T000003,C000270,O0014930,payment_issue,high,2026-05-10 01:25:43,2026-05-13 04:25:43
T000004,C002340,O0003395,wrong_item,urgent,2026-05-31 08:50:09,2026-06-01 13:50:09
T000005,C002787,O0008353,late_delivery,urgent,2026-08-18 21:04:25,2026-08-22 18:04:25
T000006,C000907,O0017973,late_delivery,high,2025-09-12 23:51:23,2025-09-17 20:51:23
T000007,C002846,O0001498,wrong_item,urgent,2026-02-11 09:44:56,
T000008,C001950,O0012724,damaged_item,medium,2026-01-04 18:02:08,
T000009,C002322,O0003764,wrong_item,urgent,2026-04-19 14:05:07,
T000010,C000123,O0012431,product_query,low,2025-01-29 11:20:02,2025-01-31 01:20:02
T000011,C000916,O0010268,product_query,urgent,2026-03-21 18:02:11,2026-03-25 09:02:11
T000012,C002137,O0015857,payment_issue,urgent,2026-03-30 10:13:34,2026-03-30 14:13:34
T000013,C000905,O0006554,damaged_item,urgent,2025-06-02 05:53:00,
T000014,C002771,O0016199,payment_issue,urgent,2026-02-05 16:01:41,2026-02-06 08:01:41
T000015,C000769,O0000944,late_delivery,urgent,2025-06-01 06:29:01,2025-06-02 01:29:01
T000016,C001486,O0014601,payment_issue,urgent,2026-09-04 20:26:22,2026-09-06 13:26:22
T000017,C000097,O0014020,payment_issue,high,2026-08-05 07:00:25,
T000018,C000403,O0011413,refund_request,low,2025-05-29 07:44:55,2025-05-31 12:44:55
T000019,C000784,O0011268,damaged_item,low,2026-05-08 22:47:26,2026-05-10 06:47:26
T000020,C001234,O0003393,product_query,low,2025-09-11 12:43:51,2025-09-15 16:43:51
T000021,C002014,O0004756,product_query,medium,2025-09-26 19:28:45,2025-09-26 21:28:45
T000022,C000458,O0017292,refund_request,urgent,2025-08-17 03:44:14,2025-08-18 06:44:14
T000023,C001819,O0010434,wrong_item,high,2026-06-14 17:49:34,2026-06-17 15:49:34
T000024,C001426,O0003582,late_delivery,medium,2026-01-26 16:45:20,2026-01-29 12:45:20
T000025,C002521,O0008953,late_delivery,medium,2025-01-13 12:11:54,2025-01-16 00:11:54
T000026,C000065,O0011930,payment_issue,high,2025-07-25 17:49:21,2025-07-27 09:49:21
T000027,C001560,O0005300,damaged_item,urgent,2026-03-13 19:03:35,2026-03-16 21:03:35
T000028,C000560,O0015114,payment_issue,low,2026-04-12 23:18:31,
T000029,C001246,O0014606,refund_request,high,2025-12-24 16:11:26,2025-12-27 20:11:26
T000030,C002892,O0001647,late_delivery,medium,2026-01-20 15:50:12,2026-01-22 11:50:12
T000031,C001201,O0017365,damaged_item,urgent,2025-12-12 23:19:27,2025-12-13 08:19:27
T000032,C001191,O0019262,wrong_item,urgent,2025-04-24 21:12:13,2025-04-28 09:12:13
T000033,C002861,O0017722,late_delivery,low,2025-02-12 08:09:33,2025-02-13 12:09:33
T000034,C001268,O0005892,wrong_item,medium,2025-03-31 21:58:00,2025-04-01 22:58:00
T000035,C000040,O0013283,product_query,low,2025-10-12 23:30:42,2025-10-16 00:30:42
T000036,C000449,O0001385,refund_request,high,2026-03-13 04:19:14,2026-03-14 23:19:14
T000037,C001462,O0015297,late_delivery,high,2025-01-02 23:30:00,2025-01-05 11:30:00
T000038,C002259,O0012482,payment_issue,high,2026-08-20 15:00:06,2026-08-25 01:00:06
T000039,C002143,O0013129,refund_request,urgent,2026-07-08 04:57:03,
T000040,C001835,O0012190,wrong_item,high,2025-12-16 10:52:00,2025-12-21 08:52:00
T000041,C000156,O0007780,product_query,medium,2026-06-15 14:31:14,2026-06-16 02:31:14
T000042,C000686,O0009860,late_delivery,high,2026-08-09 12:03:10,2026-08-12 20:03:10
T000043,C002466,O0010548,late_delivery,low,2026-04-21 13:32:00,2026-04-26 03:32:00
T000044,C002330,O0008763,payment_issue,high,2026-08-09 03:52:40,2026-08-11 22:52:40
T000045,C002805,O0007291,wrong_item,high,2026-05-11 11:15:02,2026-05-12 23:15:02
T000046,C000761,O0008173,damaged_item,medium,2025-03-05 22:28:34,2025-03-07 06:28:34
T000047,C002764,O0006111,payment_issue,urgent,2026-07-06 16:23:26,2026-07-10 12:23:26
T000048,C002193,O0002098,wrong_item,medium,2026-02-18 02:38:33,2026-02-19 17:38:33
T000049,C000412,O0011836,product_query,high,2025-06-10 06:36:44,2025-06-13 12:36:44
T000050,C002320,O0009584,refund_request,medium,2026-04-20 11:04:22,2026-04-23 22:04:22
T000051,C002302,O0017484,damaged_item,urgent,2025-02-24 07:38:19,2025-02-27 17:38:19
T000052,C000039,O0010410,product_query,low,2025-04-15 20:33:35,
T000053,C000239,O0001018,damaged_item,urgent,2026-05-03 15:47:28,2026-05-08 06:47:28
T000054,C000371,O0000333,late_delivery,urgent,2026-01-04 21:16:47,2026-01-07 10:16:47
T000055,C002181,O0008324,refund_request,high,2025-03-24 16:45:53,2025-03-26 16:45:53
T000056,C002240,O0003549,wrong_item,high,2025-04-19 09:00:35,2025-04-24 01:00:35
T000057,C001195,O0014420,payment_issue,high,2026-03-04 21:34:25,2026-03-09 19:34:25
T000058,C000262,O0004428,wrong_item,urgent,2026-08-30 10:37:10,
T000059,C001759,O0009178,payment_issue,urgent,2026-06-10 00:04:07,
T000060,C001976,O0015473,payment_issue,urgent,2026-05-11 10:59:48,2026-05-11 18:59:48
T000061,C001811,O0016522,damaged_item,urgent,2026-04-17 20:39:03,2026-04-22 12:39:03
T000062,C000860,O0014216,payment_issue,urgent,2026-08-05 23:43:56,2026-08-06 15:43:56
T000063,C002141,O0014481,damaged_item,high,2025-02-19 08:19:33,2025-02-22 08:19:33
T000064,C001777,O0011645,product_query,high,2025-10-17 11:46:14,
T000065,C000022,O0016873,damaged_item,high,2026-03-29 19:05:59,2026-03-30 06:05:59
T000066,C000592,O0017276,late_delivery,urgent,2025-11-05 11:05:43,2025-11-09 21:05:43
T000067,C000305,O0000051,product_query,urgent,2026-09-21 10:14:47,2026-09-21 21:14:47
T000068,C002471,O0004801,wrong_item,low,2025-04-17 11:35:45,2025-04-18 21:35:45
T000069,C001465,O0015074,product_query,high,2025-11-29 08:31:01,2025-12-03 16:31:01
T000070,C001682,O0002597,refund_request,medium,2026-04-06 07:59:23,2026-04-10 06:59:23
T000071,C000567,O0010194,late_delivery,high,2025-06-06 00:35:15,2025-06-07 02:35:15
T000072,C002913,O0004719,late_delivery,high,2025-01-16 18:10:00,2025-01-17 07:10:00
T000073,C000167,O0002274,wrong_item,high,2026-06-24 23:58:51,2026-06-27 18:58:51
T000074,C000920,O0008916,payment_issue,low,2026-07-17 20:03:42,
T000075,C000600,O0019686,refund_request,medium,2025-11-07 09:12:07,2025-11-11 21:12:07
T000076,C002613,O0016988,damaged_item,low,2025-05-27 20:38:44,2025-06-01 02:38:44
T000077,C001465,O0013497,wrong_item,low,2026-01-29 14:01:29,2026-01-30 21:01:29
T000078,C002707,O0011441,refund_request,high,2025-10-06 08:22:25,2025-10-06 18:22:25
T000079,C002824,O0018646,damaged_item,medium,2025-03-14 12:05:13,2025-03-17 10:05:13
T000080,C002983,O0001922,wrong_item,high,2025-12-08 00:55:19,2025-12-10 01:55:19
T000081,C001766,O0004701,wrong_item,high,2025-09-04 14:07:14,
T000082,C001561,O0019916,damaged_item,low,2026-05-30 16:36:35,2026-05-31 06:36:35
T000083,C000870,O0009386,late_delivery,urgent,2025-01-03 17:50:04,2025-01-06 23:50:04
T000084,C001673,O0018956,damaged_item,low,2025-07-11 14:42:18,
T000085,C001818,O0012247,product_query,low,2025-11-20 16:15:56,2025-11-21 08:15:56
T000086,C000666,O0017423,damaged_item,low,2025-04-01 23:39:18,2025-04-02 02:39:18
T000087,C001877,O0019601,payment_issue,low,2025-08-30 12:39:40,
T000088,C002454,O0003783,refund_request,high,2026-02-07 02:19:35,2026-02-11 16:19:35
T000089,C001181,O0004579,product_query,medium,2025-02-26 04:57:51,2025-02-27 20:57:51
T000090,C000239,O0002955,damaged_item,low,2026-07-29 08:51:24,2026-08-01 23:51:24
T000091,C000885,O0001768,damaged_item,low,2026-09-16 00:35:16,2026-09-20 16:35:16
T000092,C001801,O0002239,product_query,low,2026-07-28 04:35:30,2026-07-29 23:35:30
T000093,C000371,O0018445,refund_request,high,2026-04-23 10:12:37,2026-04-26 20:12:37
T000094,C002040,O0012928,wrong_item,urgent,2025-05-06 00:44:38,2025-05-06 23:44:38
T000095,C002903,O0015439,product_query,high,2026-05-26 08:08:48,2026-05-28 15:08:48
T000096,C000144,O0017386,refund_request,urgent,2025-01-11 01:37:54,
T000097,C002071,O0011027,wrong_item,high,2025-04-06 03:27:11,2025-04-07 12:27:11
T000098,C002247,O0009428,payment_issue,urgent,2025-09-17 17:41:41,2025-09-19 13:41:41
T000099,C002166,O0014190,payment_issue,medium,2026-04-02 15:09:36,2026-04-06 17:09:36
T000100,C000391,O0017831,damaged_item,high,2026-03-27 07:46:06,2026-03-31 20:46:06
T000101,C000836,O0006244,wrong_item,medium,2025-09-21 14:35:26,2025-09-24 05:35:26
T000102,C001747,O0010385,damaged_item,high,2025-07-04 02:21:13,
T000103,C001809,O0004159,wrong_item,low,2026-08-19 15:48:54,2026-08-22 04:48:54
T000104,C001516,O0013754,refund_request,low,2025-02-05 07:40:25,2025-02-06 08:40:25
T000105,C002842,O0012680,wrong_item,high,2025-06-24 11:12:32,2025-06-29 05:12:32
T000106,C000516,O0011441,damaged_item,low,2026-09-25 06:48:56,2026-09-29 20:48:56
T000107,C001012,O0019703,payment_issue,urgent,2026-08-07 04:11:24,2026-08-07 11:11:24
T000108,C001136,O0013673,wrong_item,medium,2025-11-25 02:24:43,2025-11-27 19:24:43
T000109,C000330,O0010363,refund_request,medium,2025-12-28 01:09:40,
T000110,C000347,O0015254,refund_request,urgent,2026-05-21 19:49:26,2026-05-24 21:49:26
T000111,C000186,O0008810,product_query,high,2026-05-16 07:34:50,2026-05-17 22:34:50
T000112,C002853,O0002106,wrong_item,urgent,2025-08-18 11:28:57,
T000113,C001340,O0000911,late_delivery,medium,2025-08-17 16:02:36,2025-08-20 01:02:36
T000114,C002925,O0009728,wrong_item,low,2025-09-15 15:35:11,2025-09-18 00:35:11
T000115,C000446,O0018821,refund_request,medium,2025-08-12 10:06:53,2025-08-16 18:06:53
T000116,C002149,O0001003,payment_issue,high,2025-03-01 02:55:54,2025-03-04 13:55:54
T000117,C001410,O0002271,payment_issue,high,2025-02-22 23:59:38,2025-02-27 16:59:38
T000118,C002627,O0006404,wrong_item,urgent,2025-04-10 12:52:40,2025-04-11 16:52:40
T000119,C002075,O0019826,product_query,urgent,2026-05-12 14:36:58,2026-05-13 13:36:58
T000120,C001339,O0002342,wrong_item,low,2025-11-18 04:46:34,
T000121,C000215,O0014004,damaged_item,low,2025-06-02 04:03:14,2025-06-06 05:03:14
T000122,C001937,O0013410,product_query,urgent,2025-03-03 05:42:08,
T000123,C001669,O0006507,product_query,urgent,2025-10-30 08:42:33,2025-11-03 09:42:33
T000124,C000005,O0015850,product_query,urgent,2025-03-22 10:25:26,2025-03-23 17:25:26
T000125,C001425,O0002483,damaged_item,medium,2025-05-30 07:19:21,2025-06-01 19:19:21
T000126,C000053,O0000115,refund_request,medium,2025-08-23 06:06:30,2025-08-25 04:06:30
T000127,C001678,O0001987,refund_request,urgent,2025-08-10 14:00:31,2025-08-15 06:00:31
T000128,C002645,O0015864,damaged_item,medium,2025-06-17 04:44:39,2025-06-21 05:44:39
T000129,C000518,O0008092,product_query,urgent,2026-03-10 14:01:58,2026-03-10 16:01:58
T000130,C000766,O0004924,product_query,high,2025-03-10 20:54:28,2025-03-13 07:54:28
T000131,C001169,O0006857,refund_request,urgent,2025-02-10 22:42:18,
T000132,C002319,O0006399,wrong_item,high,2026-01-11 19:25:52,2026-01-14 09:25:52
T000133,C002287,O0003328,late_delivery,high,2025-07-02 18:17:19,2025-07-04 22:17:19
T000134,C000690,O0015357,late_delivery,low,2025-07-20 22:15:31,2025-07-25 04:15:31
T000135,C000118,O0004418,late_delivery,medium,2026-07-11 04:32:27,2026-07-15 00:32:27
T000136,C000970,O0005682,product_query,low,2025-07-31 05:01:54,2025-08-03 14:01:54
T000137,C001209,O0018568,late_delivery,urgent,2025-01-08 16:11:54,2025-01-09 13:11:54
T000138,C002121,O0016063,refund_request,low,2025-01-03 22:13:56,
T000139,C002318,O0006894,refund_request,high,2026-06-24 09:46:40,
T000140,C001898,O0007318,late_delivery,low,2025-09-15 20:51:44,
T000141,C002566,O0006075,payment_issue,medium,2025-09-13 23:53:45,2025-09-18 16:53:45
T000142,C000543,O0007381,late_delivery,medium,2025-05-04 22:21:03,
T000143,C001096,O0011826,late_delivery,high,2025-02-10 00:14:22,2025-02-14 05:14:22
T000144,C001572,O0004434,refund_request,urgent,2025-04-10 04:35:29,
T000145,C000461,O0005676,refund_request,low,2025-02-02 01:03:48,2025-02-02 15:03:48
T000146,C002226,O0006218,late_delivery,urgent,2026-06-05 14:12:53,2026-06-09 19:12:53
T000147,C002716,O0011334,refund_request,medium,2025-07-25 12:37:29,2025-07-26 11:37:29
T000148,C001709,O0008650,damaged_item,low,2025-01-20 12:12:43,2025-01-24 08:12:43
T000149,C002343,O0017801,damaged_item,low,2026-05-13 14:53:27,2026-05-16 05:53:27
T000150,C000194,O0006022,late_delivery,low,2025-06-25 16:41:49,2025-06-27 12:41:49
T000151,C000027,O0014901,damaged_item,urgent,2025-01-14 02:58:48,2025-01-15 11:58:48
T000152,C001338,O0012216,product_query,high,2025-12-31 14:44:11,2026-01-05 02:44:11
T000153,C002024,O0012287,wrong_item,urgent,2026-05-30 15:28:13,2026-06-01 12:28:13
T000154,C002198,O0016407,damaged_item,high,2026-06-24 14:01:28,2026-06-25 16:01:28
T000155,C002705,O0012779,payment_issue,medium,2025-12-24 22:13:57,2025-12-26 02:13:57
T000156,C000306,O0015688,refund_request,urgent,2025-12-30 16:16:59,
T000157,C001829,O0000836,wrong_item,low,2026-07-17 16:35:37,2026-07-20 22:35:37
T000158,C001706,O0007401,late_delivery,urgent,2025-01-09 23:18:10,2025-01-13 09:18:10
T000159,C000339,O0016347,wrong_item,medium,2026-08-31 22:37:07,2026-09-04 05:37:07
T000160,C003000,O0016657,wrong_item,urgent,2025-12-19 00:56:21,2025-12-19 15:56:21
T000161,C002169,O0001406,damaged_item,low,2025-10-01 17:46:51,2025-10-06 14:46:51
T000162,C000412,O0005323,product_query,high,2025-03-16 17:24:05,2025-03-19 16:24:05
T000163,C002230,O0005645,refund_request,urgent,2026-03-08 09:31:14,2026-03-12 00:31:14
T000164,C001684,O0011234,payment_issue,medium,2025-04-07 04:41:12,2025-04-07 22:41:12
T000165,C000854,O0013666,damaged_item,medium,2025-07-29 06:39:20,2025-08-01 05:39:20
T000166,C001422,O0005053,damaged_item,high,2025-12-20 22:12:55,2025-12-22 01:12:55
T000167,C002242,O0006651,product_query,urgent,2026-03-26 09:42:34,2026-03-27 00:42:34
T000168,C001326,O0007382,payment_issue,medium,2025-09-16 13:20:28,2025-09-20 14:20:28
T000169,C002025,O0017875,late_delivery,medium,2025-01-23 07:55:09,2025-01-27 01:55:09
T000170,C002985,O0009843,late_delivery,urgent,2026-02-15 16:08:54,2026-02-16 15:08:54
T000171,C000786,O0013558,refund_request,urgent,2025-02-10 19:07:27,2025-02-12 08:07:27
T000172,C001357,O0014475,product_query,medium,2025-07-10 09:29:42,2025-07-13 04:29:42
T000173,C001856,O0006452,refund_request,high,2026-02-01 20:13:49,2026-02-02 22:13:49
T000174,C002163,O0008211,product_query,high,2025-05-27 08:09:30,2025-05-27 17:09:30
T000175,C001386,O0014028,product_query,urgent,2025-02-06 21:22:25,
T000176,C002734,O0019597,wrong_item,urgent,2026-06-11 06:50:10,2026-06-14 07:50:10
T000177,C002331,O0006167,refund_request,medium,2026-01-22 04:10:17,2026-01-25 03:10:17
T000178,C002113,O0015652,late_delivery,medium,2026-02-28 14:04:09,2026-03-01 07:04:09
T000179,C001151,O0004576,wrong_item,urgent,2025-12-20 10:02:07,2025-12-22 14:02:07
T000180,C000541,O0016989,product_query,urgent,2026-09-07 10:07:16,2026-09-12 02:07:16
T000181,C000173,O0016548,payment_issue,urgent,2026-03-29 05:37:01,2026-03-31 00:37:01
T000182,C002885,O0010661,damaged_item,urgent,2026-06-28 02:49:53,2026-07-01 08:49:53
T000183,C002691,O0015328,payment_issue,medium,2025-06-14 08:49:12,2025-06-17 19:49:12
T000184,C001101,O0009063,late_delivery,low,2025-09-23 08:21:36,2025-09-23 18:21:36
T000185,C002285,O0010693,payment_issue,high,2026-07-07 04:01:46,
T000186,C000908,O0007533,payment_issue,medium,2026-01-19 21:32:19,2026-01-19 22:32:19
T000187,C001007,O0006233,late_delivery,urgent,2025-04-21 05:21:45,2025-04-24 01:21:45
T000188,C002727,O0010909,product_query,high,2026-08-25 18:26:29,2026-08-28 10:26:29
T000189,C002463,O0001037,wrong_item,low,2025-08-12 17:01:38,
T000190,C000801,O0006108,wrong_item,low,2026-08-25 18:08:22,2026-08-25 19:08:22
T000191,C001477,O0019265,damaged_item,medium,2026-06-28 06:37:08,2026-06-30 02:37:08
T000192,C002874,O0008244,damaged_item,medium,2025-04-27 05:28:49,
T000193,C002600,O0009961,wrong_item,high,2026-06-22 05:42:14,2026-06-23 00:42:14
T000194,C001038,O0000571,refund_request,low,2025-02-21 08:37:31,2025-02-21 20:37:31
T000195,C000435,O0018192,refund_request,low,2026-02-04 00:43:02,
T000196,C001148,O0018173,late_delivery,medium,2025-11-04 10:16:01,2025-11-08 11:16:01
T000197,C000927,O0009372,product_query,urgent,2026-03-30 04:52:36,
T000198,C002826,O0004507,wrong_item,medium,2026-06-13 17:41:58,2026-06-16 08:41:58
T000199,C001831,O0010652,product_query,high,2026-04-18 23:10:12,2026-04-23 00:10:12
T000200,C002906,O0002895,wrong_item,urgent,2026-03-24 13:27:47,2026-03-25 10:27:47
T000201,C001481,O0007885,wrong_item,high,2025-02-22 15:19:36,2025-02-26 00:19:36
T000202,C002456,O0004623,late_delivery,urgent,2025-05-08 10:25:40,2025-05-10 16:25:40
T000203,C002247,O0006888,refund_request,medium,2026-09-10 20:19:56,2026-09-15 20:19:56
T000204,C000414,O0015065,refund_request,medium,2025-10-08 16:33:10,2025-10-12 15:33:10
T000205,C002274,O0006142,payment_issue,urgent,2026-03-30 07:30:16,
T000206,C002524,O0008200,product_query,urgent,2025-11-27 08:47:54,2025-11-29 02:47:54
T000207,C000992,O0010948,damaged_item,low,2025-11-09 14:51:13,2025-11-11 07:51:13
T000208,C002798,O0006215,damaged_item,medium,2026-03-12 14:02:30,2026-03-17 10:02:30
T000209,C002935,O0017531,product_query,medium,2026-09-04 03:21:51,
T000210,C001066,O0014384,product_query,urgent,2025-01-14 18:06:01,2025-01-16 17:06:01
T000211,C001280,O0010785,late_delivery,high,2025-09-21 06:48:22,2025-09-22 20:48:22
T000212,C002661,O0001273,refund_request,low,2026-02-16 13:56:43,2026-02-19 11:56:43
T000213,C000830,O0005950,late_delivery,medium,2026-09-19 20:50:18,2026-09-22 01:50:18
T000214,C000333,O0015180,product_query,high,2025-02-17 12:05:11,2025-02-21 07:05:11
T000215,C000248,O0018467,wrong_item,medium,2025-09-22 02:24:14,2025-09-22 19:24:14
T000216,C001365,O0005736,late_delivery,urgent,2025-03-04 05:31:02,2025-03-08 02:31:02
T000217,C002344,O0009002,wrong_item,low,2025-12-05 16:34:02,
T000218,C002881,O0011648,late_delivery,urgent,2025-04-04 03:30:10,2025-04-05 18:30:10
T000219,C002915,O0006520,refund_request,urgent,2026-08-17 18:22:33,2026-08-19 16:22:33
T000220,C002123,O0013701,product_query,high,2025-06-30 22:35:02,2025-07-05 05:35:02
T000221,C001211,O0015629,wrong_item,urgent,2026-02-14 03:37:36,2026-02-18 21:37:36
T000222,C001226,O0003939,late_delivery,urgent,2026-01-05 04:51:23,2026-01-07 03:51:23
T000223,C002203,O0000953,payment_issue,low,2025-05-14 22:06:57,2025-05-16 01:06:57
T000224,C000115,O0018107,damaged_item,high,2026-07-08 01:46:23,
T000225,C001614,O0014747,refund_request,urgent,2026-03-22 09:55:28,2026-03-22 18:55:28
T000226,C000664,O0014244,payment_issue,low,2025-04-29 21:52:13,2025-05-02 11:52:13
T000227,C001695,O0000287,refund_request,high,2026-05-04 03:16:28,2026-05-09 00:16:28
T000228,C001718,O0003352,damaged_item,high,2025-03-03 09:02:40,
T000229,C001757,O0012525,wrong_item,low,2026-07-18 11:06:29,2026-07-20 06:06:29
T000230,C002952,O0013401,payment_issue,low,2026-05-04 12:28:53,2026-05-08 03:28:53
T000231,C002145,O0017770,late_delivery,high,2026-08-02 15:43:04,2026-08-03 04:43:04
T000232,C001703,O0002531,late_delivery,low,2025-04-30 10:32:10,2025-05-02 13:32:10
T000233,C002003,O0003513,damaged_item,medium,2025-04-23 02:32:31,2025-04-26 19:32:31
T000234,C000549,O0009622,late_delivery,medium,2026-06-27 17:00:52,
T000235,C001036,O0013228,late_delivery,high,2026-02-25 12:06:44,
T000236,C002136,O0007720,wrong_item,urgent,2026-01-26 10:49:02,2026-01-31 07:49:02
T000237,C000735,O0008594,damaged_item,medium,2025-03-22 10:37:44,2025-03-26 06:37:44
T000238,C000367,O0000772,product_query,medium,2026-07-02 06:48:40,2026-07-06 06:48:40
T000239,C002540,O0010983,damaged_item,urgent,2025-08-12 23:50:49,2025-08-15 19:50:49
T000240,C001670,O0010580,payment_issue,high,2026-01-26 21:48:30,2026-01-29 19:48:30
T000241,C002090,O0010580,refund_request,medium,2025-02-28 15:11:23,2025-03-01 19:11:23
T000242,C000309,O0009415,refund_request,high,2025-11-06 19:14:18,2025-11-06 21:14:18
T000243,C000971,O0009801,wrong_item,medium,2026-06-26 12:54:34,
T000244,C000019,O0003097,product_query,urgent,2025-04-02 02:21:08,2025-04-05 09:21:08
T000245,C001701,O0014354,refund_request,low,2025-04-18 01:15:45,2025-04-20 13:15:45
T000246,C000163,O0011913,damaged_item,high,2025-07-10 18:12:48,2025-07-13 19:12:48
T000247,C002428,O0016834,damaged_item,low,2026-08-08 12:56:01,2026-08-11 13:56:01
T000248,C001160,O0002874,damaged_item,high,2025-06-16 19:23:08,2025-06-20 20:23:08
T000249,C002700,O0001457,payment_issue,low,2025-02-15 09:48:43,2025-02-16 07:48:43
T000250,C001101,O0012468,wrong_item,high,2025-02-16 13:48:24,2025-02-18 04:48:24
T000251,C000553,O0011848,product_query,urgent,2026-04-06 01:40:51,2026-04-08 22:40:51
T000252,C001873,O0014280,late_delivery,high,2025-10-15 10:15:34,
T000253,C000508,O0012372,refund_request,medium,2025-02-12 15:47:01,
T000254,C001969,O0012557,wrong_item,urgent,2026-01-05 12:37:09,2026-01-08 02:37:09
T000255,C002543,O0016984,damaged_item,high,2026-08-22 13:14:10,2026-08-25 16:14:10
T000256,C002653,O0014056,late_delivery,low,2026-03-26 16:28:11,2026-03-29 17:28:11
T000257,C000733,O0015708,product_query,low,2026-07-08 20:17:36,2026-07-10 19:17:36
T000258,C000616,O0015304,damaged_item,medium,2025-09-13 21:40:58,
T000259,C001867,O0004683,payment_issue,low,2026-03-24 16:41:07,2026-03-24 22:41:07
T000260,C001302,O0009501,damaged_item,low,2026-09-10 05:32:19,
T000261,C001247,O0019345,wrong_item,high,2025-09-06 21:53:38,2025-09-10 17:53:38
T000262,C002954,O0011915,late_delivery,urgent,2026-01-19 01:01:29,2026-01-20 23:01:29
T000263,C002825,O0007908,product_query,low,2026-09-12 19:11:09,2026-09-15 23:11:09
T000264,C000677,O0011402,product_query,urgent,2025-07-15 04:15:36,2025-07-19 21:15:36
T000265,C000254,O0007181,refund_request,medium,2025-03-23 12:51:28,2025-03-28 03:51:28
T000266,C002691,O0008000,wrong_item,medium,2025-06-10 19:30:07,
T000267,C000090,O0015341,refund_request,low,2026-03-01 03:19:49,2026-03-01 09:19:49
T000268,C000339,O0011079,damaged_item,high,2025-04-18 00:47:19,2025-04-18 15:47:19
T000269,C002752,O0001279,wrong_item,low,2026-07-02 21:47:06,2026-07-03 18:47:06
T000270,C002925,O0019779,damaged_item,high,2025-09-10 02:22:46,2025-09-11 01:22:46
T000271,C002552,O0009330,product_query,low,2025-05-08 04:43:07,2025-05-10 12:43:07
T000272,C001086,O0015460,payment_issue,low,2025-09-14 21:19:48,2025-09-18 17:19:48
T000273,C000135,O0008550,wrong_item,low,2025-05-05 08:58:56,
T000274,C002765,O0018032,product_query,high,2025-05-25 05:49:43,2025-05-26 05:49:43
T000275,C002740,O0012496,product_query,low,2026-05-14 04:18:12,2026-05-14 12:18:12
T000276,C001538,O0006497,product_query,low,2025-05-07 14:34:59,2025-05-11 14:34:59
T000277,C000289,O0009137,wrong_item,urgent,2025-08-18 09:27:51,
T000278,C000191,O0017429,late_delivery,medium,2025-05-24 05:13:02,2025-05-29 01:13:02
T000279,C002082,O0003393,damaged_item,low,2026-05-10 12:21:26,2026-05-12 21:21:26
T000280,C000710,O0006644,damaged_item,low,2026-05-03 11:00:47,2026-05-04 01:00:47
T000281,C001532,O0012018,payment_issue,medium,2026-08-09 15:16:16,2026-08-14 06:16:16
T000282,C002342,O0019852,product_query,low,2025-03-08 22:31:19,2025-03-11 03:31:19
T000283,C000219,O0002162,refund_request,low,2025-12-24 00:20:25,2025-12-28 03:20:25
T000284,C000993,O0006596,payment_issue,low,2025-01-12 15:04:52,2025-01-15 07:04:52
T000285,C000760,O0008716,product_query,low,2025-12-25 01:26:41,2025-12-28 19:26:41
T000286,C000911,O0009777,refund_request,low,2026-07-24 23:53:57,2026-07-26 14:53:57
T000287,C002472,O0016143,product_query,high,2025-04-04 17:05:34,2025-04-09 02:05:34
T000288,C000855,O0019364,product_query,medium,2026-09-03 19:18:14,2026-09-08 06:18:14
T000289,C001583,O0009286,damaged_item,medium,2026-03-13 10:52:22,
T000290,C000774,O0005939,product_query,low,2025-05-29 00:01:34,2025-05-29 02:01:34
T000291,C001219,O0018605,product_query,medium,2025-07-16 07:44:24,2025-07-16 14:44:24
T000292,C000613,O0003081,late_delivery,urgent,2025-06-26 12:57:49,2025-06-28 18:57:49
T000293,C001847,O0000548,damaged_item,medium,2026-09-22 21:48:19,2026-09-23 13:48:19
T000294,C001535,O0011791,damaged_item,high,2025-05-25 19:14:59,2025-05-26 20:14:59
T000295,C000025,O0008099,wrong_item,urgent,2025-07-27 20:42:57,2025-08-01 03:42:57
T000296,C000378,O0002524,late_delivery,urgent,2026-03-02 00:38:28,2026-03-06 10:38:28
T000297,C000515,O0016408,late_delivery,high,2025-09-14 11:12:08,2025-09-17 23:12:08
T000298,C000393,O0008838,payment_issue,urgent,2026-07-02 01:31:32,
T000299,C001144,O0011729,wrong_item,high,2025-08-02 23:51:49,2025-08-06 09:51:49
T000300,C001060,O0011567,product_query,low,2025-04-21 11:49:42,
T000301,C000849,O0006218,product_query,high,2025-08-24 00:10:39,2025-08-28 04:10:39
T000302,C000730,O0015090,product_query,low,2025-04-23 17:23:52,2025-04-25 19:23:52
T000303,C000460,O0008556,late_delivery,urgent,2026-06-08 22:36:02,
T000304,C001291,O0002585,refund_request,low,2025-02-12 15:02:36,2025-02-15 09:02:36
T000305,C000961,O0004143,wrong_item,urgent,2025-07-19 23:06:01,2025-07-22 20:06:01
T000306,C001765,O0016710,wrong_item,low,2026-04-05 22:04:33,2026-04-10 16:04:33
T000307,C002915,O0017605,damaged_item,low,2025-09-07 13:10:51,2025-09-12 06:10:51
T000308,C001809,O0005452,late_delivery,medium,2026-01-16 04:38:39,2026-01-16 21:38:39
T000309,C002861,O0011719,refund_request,low,2025-11-23 23:39:40,2025-11-28 15:39:40
T000310,C002173,O0013581,refund_request,high,2026-08-03 22:39:13,2026-08-07 05:39:13
T000311,C001438,O0001552,payment_issue,low,2026-02-27 04:05:16,2026-03-02 11:05:16
T000312,C001657,O0009419,late_delivery,low,2025-04-01 15:09:19,2025-04-03 10:09:19
T000313,C002558,O0004426,late_delivery,urgent,2026-07-16 14:19:55,2026-07-16 16:19:55
T000314,C000845,O0009308,product_query,urgent,2025-08-02 02:08:33,
T000315,C000805,O0006844,refund_request,urgent,2025-03-05 13:36:24,2025-03-08 11:36:24
T000316,C002568,O0010407,late_delivery,low,2026-03-26 17:32:37,2026-03-31 12:32:37
T000317,C002764,O0008737,product_query,high,2025-11-17 09:00:49,2025-11-20 05:00:49
T000318,C001327,O0017785,wrong_item,medium,2026-08-28 16:38:00,2026-09-01 01:38:00
T000319,C001928,O0001264,product_query,medium,2025-04-20 17:42:26,2025-04-24 10:42:26
T000320,C001956,O0019065,product_query,low,2025-08-30 17:39:07,
T000321,C001344,O0016661,wrong_item,low,2026-04-26 05:32:24,2026-04-28 07:32:24
T000322,C001216,O0007705,damaged_item,medium,2025-01-21 12:53:28,2025-01-26 12:53:28
T000323,C002961,O0015271,wrong_item,urgent,2025-11-28 08:59:57,
T000324,C002491,O0019838,refund_request,medium,2025-09-04 21:26:58,2025-09-05 16:26:58
T000325,C001454,O0018759,late_delivery,urgent,2025-12-03 18:26:09,2025-12-06 16:26:09
T000326,C001307,O0001511,wrong_item,urgent,2025-02-19 06:51:03,2025-02-19 18:51:03
T000327,C000156,O0014546,damaged_item,high,2026-09-05 21:16:42,2026-09-09 12:16:42
T000328,C001565,O0011112,product_query,high,2025-03-30 17:17:21,2025-04-04 05:17:21
T000329,C001883,O0015874,damaged_item,medium,2026-02-22 19:23:33,2026-02-24 06:23:33
T000330,C001172,O0014673,wrong_item,urgent,2026-09-06 03:06:14,2026-09-06 15:06:14
T000331,C000657,O0018753,product_query,medium,2026-09-08 01:49:34,2026-09-09 08:49:34
T000332,C001162,O0003640,refund_request,medium,2025-03-25 05:10:20,2025-03-27 08:10:20
T000333,C002947,O0001381,damaged_item,medium,2025-11-27 01:52:40,2025-11-30 15:52:40
T000334,C000238,O0013833,refund_request,urgent,2025-02-25 08:58:44,2025-02-27 20:58:44
T000335,C000114,O0014355,refund_request,urgent,2026-06-18 14:00:11,2026-06-18 16:00:11
T000336,C000391,O0016828,product_query,medium,2025-01-21 08:00:44,2025-01-21 23:00:44
T000337,C000821,O0018040,late_delivery,low,2025-09-06 11:21:24,2025-09-09 11:21:24
T000338,C002965,O0018888,wrong_item,low,2025-04-10 23:41:22,2025-04-11 00:41:22
T000339,C001589,O0015926,payment_issue,urgent,2025-07-03 13:06:28,2025-07-05 03:06:28
T000340,C002850,O0007639,late_delivery,medium,2026-03-15 18:53:21,2026-03-19 23:53:21
T000341,C001927,O0013170,refund_request,low,2025-04-16 01:35:58,2025-04-20 10:35:58
T000342,C002529,O0000346,product_query,high,2026-06-11 05:13:26,2026-06-12 01:13:26
T000343,C000179,O0014438,wrong_item,low,2025-09-03 21:36:29,
T000344,C000356,O0009954,product_query,medium,2026-03-24 06:48:17,2026-03-29 00:48:17
T000345,C001786,O0017692,refund_request,low,2026-07-12 23:03:31,2026-07-15 11:03:31
T000346,C002658,O0005352,refund_request,urgent,2025-04-19 03:39:09,2025-04-19 14:39:09
T000347,C001209,O0018271,payment_issue,high,2026-01-27 20:59:05,2026-01-29 19:59:05
T000348,C001496,O0007495,damaged_item,urgent,2025-08-11 13:27:18,2025-08-13 13:27:18
T000349,C001963,O0019232,wrong_item,urgent,2025-11-22 13:19:30,2025-11-26 19:19:30
T000350,C000607,O0011683,refund_request,low,2025-09-04 00:25:53,2025-09-04 08:25:53
T000351,C000300,O0001956,damaged_item,high,2026-05-11 08:16:23,2026-05-15 09:16:23
T000352,C001656,O0003800,product_query,urgent,2025-04-14 19:20:18,2025-04-15 06:20:18
T000353,C000056,O0008284,product_query,high,2025-11-12 06:15:50,
T000354,C001120,O0001851,refund_request,medium,2025-04-24 09:07:46,2025-04-25 07:07:46
T000355,C002417,O0012700,late_delivery,low,2026-07-23 12:25:55,2026-07-28 12:25:55
T000356,C001106,O0014174,wrong_item,medium,2026-06-28 21:12:06,2026-06-30 20:12:06
T000357,C000680,O0016767,late_delivery,urgent,2026-04-09 16:25:53,2026-04-13 06:25:53
T000358,C001582,O0002972,refund_request,medium,2025-06-07 07:03:08,2025-06-08 15:03:08
T000359,C002714,O0013756,product_query,medium,2026-01-15 15:58:25,2026-01-20 12:58:25
T000360,C002099,O0014690,damaged_item,urgent,2026-01-19 22:56:42,
T000361,C002892,O0007621,payment_issue,low,2025-10-28 20:21:06,2025-10-31 09:21:06
T000362,C001786,O0008375,wrong_item,urgent,2026-02-16 07:05:30,2026-02-20 13:05:30
T000363,C001340,O0016200,payment_issue,urgent,2025-02-27 13:07:28,2025-02-28 08:07:28
T000364,C000364,O0005895,refund_request,high,2025-03-25 15:32:44,2025-03-26 12:32:44
T000365,C000216,O0018148,damaged_item,medium,2026-08-05 20:55:42,2026-08-08 19:55:42
T000366,C000570,O0003882,payment_issue,low,2025-08-09 13:48:22,
T000367,C001691,O0001797,late_delivery,high,2025-11-28 04:41:49,2025-12-01 09:41:49
T000368,C000138,O0010555,product_query,urgent,2026-03-11 09:59:17,
T000369,C002662,O0019861,damaged_item,medium,2025-06-13 22:16:23,
T000370,C001993,O0007779,late_delivery,urgent,2026-01-07 17:12:21,2026-01-10 02:12:21
T000371,C001432,O0012060,damaged_item,medium,2026-09-13 14:39:34,
T000372,C000523,O0009726,payment_issue,urgent,2025-04-12 21:27:26,2025-04-16 08:27:26
T000373,C001608,O0005410,payment_issue,urgent,2026-03-16 11:34:50,2026-03-16 14:34:50
T000374,C002045,O0012398,late_delivery,low,2025-04-06 23:51:55,2025-04-10 01:51:55
T000375,C002387,O0000904,wrong_item,medium,2026-02-15 13:33:21,2026-02-16 00:33:21
T000376,C001103,O0013189,damaged_item,high,2025-04-30 10:33:02,2025-05-04 04:33:02
T000377,C000571,O0003467,product_query,low,2025-03-28 18:07:49,2025-04-01 19:07:49
T000378,C002078,O0017456,refund_request,urgent,2026-02-26 01:31:04,2026-02-27 07:31:04
T000379,C002641,O0004171,damaged_item,high,2026-03-29 19:36:36,2026-03-30 13:36:36
T000380,C002997,O0002669,wrong_item,low,2025-03-09 01:56:11,
T000381,C001765,O0019677,late_delivery,medium,2025-10-25 11:50:44,2025-10-27 05:50:44
T000382,C000832,O0003820,wrong_item,low,2026-02-01 14:50:17,2026-02-04 18:50:17
T000383,C000717,O0005384,damaged_item,medium,2025-01-25 10:36:09,
T000384,C000094,O0017049,product_query,low,2025-12-05 03:24:30,2025-12-09 16:24:30
T000385,C000126,O0011133,wrong_item,low,2025-09-16 19:51:25,2025-09-20 13:51:25
T000386,C000025,O0018216,late_delivery,high,2026-06-23 13:23:19,2026-06-26 17:23:19
T000387,C000607,O0002555,product_query,urgent,2025-01-06 09:39:45,2025-01-10 09:39:45
T000388,C000521,O0002335,refund_request,low,2026-03-12 13:44:32,2026-03-12 14:44:32
T000389,C000990,O0006132,wrong_item,low,2025-02-04 15:32:14,2025-02-05 04:32:14
T000390,C000399,O0001853,refund_request,low,2025-12-24 21:38:30,2025-12-27 19:38:30
T000391,C002210,O0017113,wrong_item,low,2025-10-28 21:32:51,2025-10-29 18:32:51
T000392,C001542,O0019576,payment_issue,urgent,2025-11-30 09:51:18,
T000393,C001857,O0009712,product_query,low,2026-08-09 06:13:04,2026-08-10 10:13:04
T000394,C002343,O0007445,product_query,high,2025-11-20 00:30:25,
T000395,C001686,O0007575,late_delivery,high,2026-09-02 06:19:33,2026-09-06 17:19:33
T000396,C001673,O0009239,wrong_item,high,2026-06-10 21:40:21,2026-06-13 11:40:21
T000397,C002889,O0009797,payment_issue,medium,2026-03-13 01:07:57,2026-03-14 10:07:57
T000398,C002588,O0007585,refund_request,high,2026-04-03 22:51:59,2026-04-06 15:51:59
T000399,C002616,O0012191,product_query,low,2025-12-21 07:25:35,
T000400,C002513,O0013974,wrong_item,urgent,2026-03-11 16:11:32,2026-03-13 14:11:32
T000401,C002306,O0013457,refund_request,high,2026-03-19 20:43:30,2026-03-19 22:43:30
T000402,C000010,O0017395,refund_request,high,2026-06-15 05:35:02,2026-06-19 10:35:02
T000403,C002777,O0006183,damaged_item,low,2026-01-31 13:06:46,2026-02-05 12:06:46
T000404,C001065,O0001777,damaged_item,medium,2026-07-22 20:13:47,2026-07-24 06:13:47
T000405,C001723,O0002842,wrong_item,low,2025-08-27 03:10:35,2025-08-30 03:10:35
T000406,C000494,O0018089,late_delivery,urgent,2025-06-12 21:44:58,2025-06-14 08:44:58
T000407,C000379,O0002473,late_delivery,low,2025-07-07 22:59:26,2025-07-11 22:59:26
T000408,C002371,O0013917,product_query,urgent,2025-07-08 17:12:54,2025-07-10 09:12:54
T000409,C002381,O0001533,late_delivery,urgent,2026-01-27 22:32:19,2026-01-29 09:32:19
T000410,C001554,O0005895,late_delivery,low,2026-03-11 14:20:42,2026-03-14 04:20:42
T000411,C000486,O0000339,product_query,urgent,2026-07-24 10:24:20,2026-07-27 05:24:20
T000412,C001862,O0011870,wrong_item,low,2025-07-04 23:57:33,2025-07-06 04:57:33
T000413,C000532,O0017732,refund_request,low,2026-08-20 04:55:22,2026-08-22 13:55:22
T000414,C002437,O0011657,refund_request,low,2025-01-26 03:57:39,2025-01-26 05:57:39
T000415,C001891,O0018686,damaged_item,low,2025-10-25 16:24:09,2025-10-26 06:24:09
T000416,C002351,O0009872,damaged_item,urgent,2025-08-30 11:44:38,2025-08-30 14:44:38
T000417,C001009,O0007455,late_delivery,low,2026-03-06 17:25:27,2026-03-08 02:25:27
T000418,C001774,O0003859,product_query,high,2025-01-20 00:08:25,2025-01-22 21:08:25
T000419,C002665,O0001853,product_query,low,2025-07-20 23:36:45,2025-07-22 15:36:45
T000420,C000554,O0012013,product_query,urgent,2026-06-04 03:46:54,2026-06-08 15:46:54
T000421,C002002,O0000433,late_delivery,medium,2025-02-25 18:11:38,2025-02-28 06:11:38
T000422,C002050,O0014736,product_query,urgent,2025-11-30 17:24:25,2025-12-04 05:24:25
T000423,C001072,O0017197,damaged_item,urgent,2025-02-25 01:42:32,2025-03-01 00:42:32
T000424,C000064,O0012471,product_query,high,2026-09-08 23:43:52,2026-09-09 02:43:52
T000425,C002354,O0002106,product_query,urgent,2025-06-23 06:18:29,
T000426,C001067,O0010418,late_delivery,low,2026-04-13 14:03:32,2026-04-14 13:03:32
T000427,C001431,O0017355,wrong_item,low,2025-12-24 06:46:00,2025-12-29 01:46:00
T000428,C002350,O0013159,payment_issue,high,2026-01-31 10:23:51,2026-02-01 10:23:51
T000429,C002950,O0005358,late_delivery,low,2026-04-01 14:39:27,2026-04-02 05:39:27
T000430,C001339,O0010857,product_query,medium,2026-07-18 02:39:02,2026-07-21 04:39:02
T000431,C001898,O0016962,damaged_item,low,2026-07-31 11:05:24,2026-08-02 19:05:24
T000432,C002022,O0015509,wrong_item,low,2025-07-30 04:35:01,2025-08-01 20:35:01
T000433,C001154,O0014057,wrong_item,low,2025-05-08 01:03:28,2025-05-11 12:03:28
T000434,C000042,O0015029,refund_request,low,2026-01-19 17:26:40,2026-01-20 22:26:40
T000435,C001733,O0016123,product_query,high,2025-08-14 13:51:36,2025-08-17 21:51:36
T000436,C001000,O0019799,damaged_item,medium,2025-01-29 18:34:46,2025-02-03 09:34:46
T000437,C000415,O0012357,wrong_item,low,2025-12-16 15:02:48,2025-12-20 02:02:48
T000438,C002471,O0002211,wrong_item,urgent,2026-04-14 10:25:00,2026-04-16 22:25:00
T000439,C002899,O0015187,late_delivery,low,2025-06-06 07:01:28,2025-06-08 21:01:28
T000440,C002610,O0019881,wrong_item,urgent,2025-08-04 00:27:26,
T000441,C001246,O0007255,damaged_item,high,2025-01-20 08:25:24,2025-01-23 18:25:24
T000442,C001042,O0003917,damaged_item,low,2026-01-01 20:35:01,2026-01-06 17:35:01
T000443,C002909,O0003274,damaged_item,low,2025-01-15 07:46:02,2025-01-18 14:46:02
T000444,C000887,O0001439,damaged_item,urgent,2026-06-14 11:18:54,2026-06-17 03:18:54
T000445,C002862,O0010831,late_delivery,high,2025-12-06 17:16:08,2025-12-10 16:16:08
T000446,C001459,O0004136,late_delivery,low,2026-06-11 14:53:41,2026-06-13 04:53:41
T000447,C001594,O0005291,payment_issue,high,2026-03-13 07:23:36,2026-03-16 11:23:36
T000448,C001548,O0004487,late_delivery,high,2026-03-10 09:28:32,2026-03-12 16:28:32
T000449,C001547,O0000856,product_query,urgent,2025-01-05 17:16:59,
T000450,C001256,O0009310,damaged_item,high,2026-09-22 18:20:05,2026-09-27 08:20:05
T000451,C000818,O0011873,damaged_item,medium,2026-01-05 00:02:23,2026-01-08 09:02:23
T000452,C002385,O0013033,damaged_item,urgent,2025-06-12 15:36:18,2025-06-16 23:36:18
T000453,C001984,O0005677,product_query,high,2025-12-15 11:17:50,2025-12-16 14:17:50
T000454,C002821,O0003454,product_query,high,2025-08-31 21:29:53,2025-09-05 19:29:53
T000455,C001135,O0012308,payment_issue,low,2026-04-08 09:57:38,2026-04-09 11:57:38
T000456,C000200,O0004462,refund_request,high,2026-06-17 12:04:02,2026-06-19 07:04:02
T000457,C002258,O0010433,wrong_item,high,2026-09-07 22:48:19,2026-09-08 19:48:19
T000458,C001206,O0014158,refund_request,low,2025-01-05 14:35:42,2025-01-06 08:35:42
T000459,C000437,O0016205,wrong_item,medium,2026-08-04 13:52:38,2026-08-08 22:52:38
T000460,C001187,O0013026,damaged_item,urgent,2026-08-27 12:15:29,
T000461,C000721,O0015797,wrong_item,high,2026-08-14 02:16:00,2026-08-17 09:16:00
T000462,C000091,O0019057,payment_issue,urgent,2025-05-03 02:34:43,2025-05-07 18:34:43
T000463,C002242,O0019001,product_query,low,2026-07-03 23:36:55,
T000464,C001472,O0004131,late_delivery,low,2025-08-02 02:11:00,2025-08-04 01:11:00
T000465,C001530,O0018074,refund_request,medium,2026-02-16 12:14:31,2026-02-18 12:14:31
T000466,C002360,O0016837,payment_issue,high,2025-06-26 06:40:12,2025-06-30 18:40:12
T000467,C002361,O0008049,damaged_item,high,2026-02-23 02:31:49,2026-02-24 20:31:49
T000468,C001729,O0019524,late_delivery,urgent,2025-06-09 07:44:42,
T000469,C002083,O0003637,payment_issue,low,2026-03-04 18:05:44,2026-03-09 12:05:44
T000470,C000804,O0002390,damaged_item,urgent,2026-05-05 20:30:25,2026-05-08 21:30:25
T000471,C000262,O0008663,wrong_item,high,2025-07-07 07:28:13,2025-07-08 14:28:13
T000472,C002643,O0003896,wrong_item,high,2025-01-01 21:04:37,2025-01-06 06:04:37
T000473,C001100,O0003096,refund_request,low,2026-02-05 10:26:58,2026-02-10 05:26:58
T000474,C001390,O0002882,late_delivery,low,2025-07-07 20:32:45,
T000475,C001885,O0006953,late_delivery,urgent,2026-05-12 10:28:33,2026-05-15 18:28:33
T000476,C001417,O0003807,product_query,medium,2025-10-31 18:31:03,2025-11-02 20:31:03
T000477,C001774,O0010537,damaged_item,medium,2025-03-24 21:55:37,2025-03-25 11:55:37
T000478,C002171,O0015140,wrong_item,high,2026-01-17 16:06:28,2026-01-21 01:06:28
T000479,C002766,O0016898,product_query,medium,2025-09-18 05:00:45,2025-09-21 13:00:45
T000480,C000423,O0002238,damaged_item,medium,2025-05-06 12:50:06,2025-05-09 07:50:06
T000481,C001519,O0003030,wrong_item,high,2025-02-19 13:37:23,2025-02-20 08:37:23
T000482,C001730,O0014290,late_delivery,high,2026-02-04 16:32:13,2026-02-07 12:32:13
T000483,C001540,O0018058,late_delivery,low,2025-03-14 12:40:06,2025-03-16 16:40:06
T000484,C001348,O0012969,late_delivery,low,2026-07-15 19:33:36,2026-07-19 06:33:36
T000485,C000579,O0014654,refund_request,high,2025-03-16 06:52:22,2025-03-18 06:52:22
T000486,C002620,O0018615,payment_issue,urgent,2026-08-26 15:35:36,2026-08-29 06:35:36
T000487,C002379,O0010608,payment_issue,urgent,2026-09-04 23:31:14,2026-09-05 18:31:14
T000488,C002486,O0004847,product_query,medium,2026-01-30 07:51:18,2026-02-02 08:51:18
T000489,C002431,O0006130,damaged_item,low,2025-11-21 15:57:51,2025-11-25 01:57:51
T000490,C001371,O0000087,late_delivery,medium,2026-01-12 01:08:28,
T000491,C001627,O0013576,payment_issue,urgent,2025-03-26 20:03:20,2025-03-27 04:03:20
T000492,C002806,O0013511,payment_issue,high,2025-10-04 02:36:34,2025-10-08 20:36:34
T000493,C002266,O0002831,late_delivery,urgent,2026-03-19 22:42:39,2026-03-21 22:42:39
T000494,C000524,O0008152,damaged_item,urgent,2026-06-17 08:59:20,2026-06-20 22:59:20
T000495,C002835,O0011414,product_query,low,2025-04-18 00:40:24,2025-04-22 00:40:24
T000496,C001267,O0019961,refund_request,urgent,2025-07-12 13:24:05,2025-07-16 03:24:05
T000497,C001901,O0001221,wrong_item,high,2025-10-23 15:16:38,2025-10-23 23:16:38
T000498,C001268,O0011352,payment_issue,low,2025-03-09 14:58:20,2025-03-11 15:58:20
T000499,C002812,O0013928,damaged_item,urgent,2026-09-01 18:44:41,2026-09-06 13:44:41
T000500,C002346,O0007321,late_delivery,medium,2025-11-19 04:26:17,
T000501,C001529,O0012211,payment_issue,low,2025-08-26 09:33:15,2025-08-28 04:33:15
T000502,C001259,O0001659,damaged_item,urgent,2025-02-06 01:33:34,2025-02-07 01:33:34
T000503,C002839,O0012952,damaged_item,low,2025-09-09 18:58:42,
T000504,C001331,O0000166,product_query,low,2025-05-06 07:58:09,2025-05-07 13:58:09
T000505,C000829,O0016189,wrong_item,urgent,2026-09-02 08:25:22,2026-09-06 11:25:22
T000506,C000810,O0002048,product_query,low,2025-02-26 10:24:49,2025-03-01 21:24:49
T000507,C000070,O0004824,refund_request,urgent,2025-08-04 19:58:56,2025-08-05 12:58:56
T000508,C000551,O0002051,late_delivery,urgent,2026-08-04 07:56:30,2026-08-08 07:56:30
T000509,C002472,O0010188,late_delivery,urgent,2025-05-21 18:36:51,2025-05-24 17:36:51
T000510,C002259,O0012993,refund_request,urgent,2026-07-08 05:05:01,2026-07-11 00:05:01
T000511,C000691,O0014790,refund_request,high,2025-01-04 05:54:33,
T000512,C001903,O0010394,product_query,medium,2025-08-19 06:20:47,2025-08-23 05:20:47
T000513,C002069,O0019041,refund_request,high,2025-07-29 16:13:06,
T000514,C002502,O0005121,refund_request,urgent,2025-02-15 04:14:33,2025-02-16 17:14:33
T000515,C002772,O0014295,refund_request,urgent,2025-04-12 15:55:38,2025-04-14 18:55:38
T000516,C000955,O0006374,wrong_item,high,2026-08-25 09:59:25,
T000517,C002484,O0016323,wrong_item,high,2025-05-26 09:31:47,
T000518,C000751,O0010774,late_delivery,medium,2025-03-06 19:41:14,
T000519,C001929,O0008962,wrong_item,urgent,2026-05-16 12:27:28,2026-05-19 14:27:28
T000520,C001839,O0019210,refund_request,high,2026-08-18 08:08:21,2026-08-20 05:08:21
T000521,C000474,O0007785,wrong_item,high,2025-08-29 06:12:14,2025-08-31 15:12:14
T000522,C000612,O0018602,wrong_item,urgent,2025-07-22 07:27:13,2025-07-22 16:27:13
T000523,C000410,O0006101,payment_issue,low,2025-06-05 16:03:15,2025-06-09 15:03:15
T000524,C002343,O0006688,payment_issue,low,2025-01-13 04:04:58,2025-01-14 01:04:58
T000525,C000057,O0019168,refund_request,low,2025-04-23 03:04:10,
T000526,C002945,O0018815,payment_issue,medium,2026-07-17 11:33:40,2026-07-18 05:33:40
T000527,C002241,O0018086,wrong_item,medium,2025-05-30 07:04:52,2025-06-01 05:04:52
T000528,C000208,O0010160,refund_request,medium,2025-10-27 13:31:12,
T000529,C002826,O0007179,refund_request,medium,2026-02-15 06:54:40,
T000530,C002307,O0007382,wrong_item,low,2025-05-02 10:13:43,2025-05-05 11:13:43
T000531,C002418,O0005160,wrong_item,urgent,2025-01-24 01:00:48,2025-01-28 13:00:48
T000532,C001469,O0006722,damaged_item,high,2025-02-27 03:10:34,2025-03-02 15:10:34
T000533,C002754,O0003442,refund_request,high,2025-11-14 14:18:03,2025-11-19 00:18:03
T000534,C001526,O0000681,wrong_item,high,2026-01-19 01:58:38,2026-01-21 23:58:38
T000535,C002152,O0016785,refund_request,medium,2026-08-02 07:57:43,2026-08-02 16:57:43
T000536,C002275,O0008658,refund_request,low,2026-04-09 01:02:00,2026-04-09 15:02:00
T000537,C001444,O0016360,late_delivery,low,2025-05-26 20:18:41,2025-05-31 17:18:41
T000538,C000341,O0016630,product_query,urgent,2025-08-25 07:52:47,2025-08-25 23:52:47
T000539,C002193,O0004304,payment_issue,low,2025-12-09 01:18:01,2025-12-12 11:18:01
T000540,C001291,O0012164,late_delivery,low,2025-04-20 11:56:31,
T000541,C000452,O0011963,late_delivery,low,2025-05-21 11:52:19,2025-05-26 07:52:19
T000542,C001428,O0019879,damaged_item,low,2025-10-06 13:43:50,2025-10-10 21:43:50
T000543,C001699,O0005006,damaged_item,high,2026-05-26 13:15:10,2026-05-27 22:15:10
T000544,C001849,O0000199,wrong_item,low,2026-06-05 22:10:24,2026-06-08 10:10:24
T000545,C000838,O0005109,product_query,urgent,2025-07-07 20:55:31,
T000546,C002510,O0013362,late_delivery,medium,2025-09-01 17:29:42,
T000547,C000117,O0000032,late_delivery,low,2026-02-16 18:48:40,2026-02-21 01:48:40
T000548,C000631,O0008864,product_query,urgent,2025-08-23 20:53:06,
T000549,C000026,O0018311,late_delivery,high,2026-09-15 21:44:15,2026-09-19 09:44:15
T000550,C001338,O0003158,wrong_item,low,2026-07-31 12:15:23,
T000551,C002883,O0002432,damaged_item,urgent,2026-04-01 15:33:38,2026-04-02 10:33:38
T000552,C002356,O0011711,refund_request,medium,2026-04-30 20:37:14,
T000553,C001825,O0002891,damaged_item,low,2025-07-27 06:30:34,2025-07-27 10:30:34
T000554,C002389,O0008634,product_query,high,2025-06-17 10:10:27,2025-06-19 03:10:27
T000555,C002992,O0016492,wrong_item,urgent,2025-02-25 19:55:35,
T000556,C001780,O0014778,product_query,low,2025-12-18 06:13:37,2025-12-20 14:13:37
T000557,C002540,O0004592,late_delivery,urgent,2025-02-12 04:12:43,2025-02-16 21:12:43
T000558,C001872,O0011628,refund_request,high,2025-08-25 18:51:41,2025-08-29 17:51:41
T000559,C000223,O0005920,payment_issue,urgent,2026-03-04 20:11:41,2026-03-08 09:11:41
T000560,C002237,O0014376,refund_request,medium,2025-05-04 04:35:07,2025-05-05 12:35:07
T000561,C001467,O0012885,wrong_item,urgent,2026-01-16 04:06:34,2026-01-18 22:06:34
T000562,C002598,O0007144,late_delivery,medium,2025-12-28 02:43:36,
T000563,C002476,O0019515,product_query,medium,2025-09-15 15:14:00,
T000564,C001975,O0012886,wrong_item,low,2025-09-24 13:59:27,2025-09-27 20:59:27
T000565,C000318,O0008400,late_delivery,low,2026-01-02 17:54:26,2026-01-04 08:54:26
T000566,C002171,O0010983,late_delivery,high,2025-07-13 06:46:34,2025-07-16 17:46:34
T000567,C001870,O0014930,refund_request,medium,2025-08-01 17:38:00,2025-08-05 20:38:00
T000568,C001409,O0011710,wrong_item,high,2026-07-05 08:57:53,2026-07-08 01:57:53
T000569,C002934,O0000863,payment_issue,low,2025-07-23 22:33:51,
T000570,C002803,O0003394,late_delivery,urgent,2026-08-27 03:39:55,2026-08-29 07:39:55
T000571,C001115,O0005097,payment_issue,medium,2026-09-02 14:25:46,2026-09-04 01:25:46
T000572,C001126,O0012146,product_query,high,2025-08-29 06:28:13,2025-08-29 12:28:13
T000573,C000230,O0012895,late_delivery,low,2025-12-24 08:52:13,2025-12-25 18:52:13
T000574,C000944,O0008527,payment_issue,high,2025-08-05 14:03:16,2025-08-10 07:03:16
T000575,C001923,O0001111,refund_request,high,2025-05-05 03:34:37,2025-05-08 06:34:37
T000576,C002368,O0012159,damaged_item,high,2026-03-20 10:13:49,2026-03-21 11:13:49
T000577,C000156,O0018421,product_query,low,2026-06-08 22:26:11,2026-06-13 06:26:11
T000578,C001320,O0015070,damaged_item,low,2026-06-04 05:32:24,2026-06-05 07:32:24
T000579,C002979,O0009525,wrong_item,urgent,2025-03-20 08:47:13,2025-03-21 01:47:13
T000580,C002523,O0002079,late_delivery,low,2025-06-16 04:29:17,2025-06-19 12:29:17
T000581,C001357,O0019052,refund_request,high,2026-05-28 04:58:15,2026-06-01 14:58:15
T000582,C000742,O0007768,refund_request,urgent,2025-10-19 10:14:51,
T000583,C002830,O0010686,late_delivery,low,2025-01-13 07:41:31,2025-01-14 17:41:31
T000584,C001707,O0017391,refund_request,urgent,2026-02-11 13:11:12,2026-02-14 01:11:12
T000585,C000658,O0002910,refund_request,medium,2025-07-25 16:12:05,2025-07-26 04:12:05
T000586,C001991,O0003063,wrong_item,low,2026-08-03 22:58:33,2026-08-05 22:58:33
T000587,C002479,O0006051,payment_issue,medium,2026-01-16 19:08:43,2026-01-21 18:08:43
T000588,C000434,O0011458,damaged_item,high,2026-07-19 20:09:43,2026-07-23 07:09:43
T000589,C001056,O0001153,late_delivery,medium,2026-03-18 06:55:41,2026-03-18 15:55:41
T000590,C001922,O0012344,payment_issue,urgent,2025-05-22 12:08:57,2025-05-23 18:08:57
T000591,C001497,O0007909,product_query,low,2025-02-18 18:00:43,2025-02-22 02:00:43
T000592,C000677,O0014474,product_query,medium,2026-05-25 21:20:31,2026-05-27 05:20:31
T000593,C002081,O0019625,damaged_item,urgent,2025-10-08 18:28:27,2025-10-13 15:28:27
T000594,C000689,O0003010,payment_issue,low,2026-03-27 10:37:39,2026-03-29 17:37:39
T000595,C001130,O0018025,damaged_item,medium,2026-09-20 14:03:56,2026-09-21 17:03:56
T000596,C001774,O0001814,product_query,high,2025-06-21 12:30:02,2025-06-26 08:30:02
T000597,C002942,O0018379,product_query,medium,2025-01-31 15:45:09,2025-02-04 21:45:09
T000598,C001383,O0003581,product_query,high,2026-07-25 05:55:13,2026-07-26 13:55:13
T000599,C002475,O0005220,wrong_item,urgent,2025-04-05 20:44:55,2025-04-06 14:44:55
T000600,C002229,O0011217,product_query,low,2025-05-06 07:41:17,2025-05-09 16:41:17
T000601,C000056,O0016237,damaged_item,medium,2026-08-18 00:27:08,2026-08-22 06:27:08
T000602,C000507,O0014110,product_query,high,2025-10-15 17:45:41,
T000603,C002717,O0001890,payment_issue,urgent,2026-04-27 09:04:50,2026-04-30 15:04:50
T000604,C002880,O0015318,product_query,high,2025-10-04 07:47:30,2025-10-07 07:47:30
T000605,C000340,O0009116,payment_issue,urgent,2025-08-12 09:01:17,2025-08-15 09:01:17
T000606,C001671,O0003919,payment_issue,low,2026-05-10 02:34:00,2026-05-10 05:34:00
T000607,C002072,O0000974,refund_request,high,2025-11-14 15:35:22,2025-11-19 13:35:22
T000608,C002346,O0003871,late_delivery,high,2025-11-19 06:56:18,2025-11-23 16:56:18
T000609,C000068,O0006707,damaged_item,urgent,2025-11-30 13:36:54,2025-12-01 18:36:54
T000610,C001109,O0014639,damaged_item,medium,2026-03-02 06:27:50,2026-03-03 07:27:50
T000611,C002346,O0015807,product_query,low,2025-03-10 01:18:09,2025-03-10 18:18:09
T000612,C000139,O0006727,product_query,medium,2026-01-27 16:47:32,2026-01-29 11:47:32
T000613,C001018,O0012170,payment_issue,urgent,2025-08-26 15:50:34,2025-08-27 15:50:34
T000614,C000775,O0010227,refund_request,high,2025-06-08 10:14:18,2025-06-13 03:14:18
T000615,C002000,O0008229,refund_request,high,2026-06-02 15:16:26,2026-06-03 16:16:26
T000616,C002391,O0014308,late_delivery,high,2026-02-02 16:49:41,2026-02-03 00:49:41
T000617,C000247,O0009587,damaged_item,medium,2026-03-10 15:40:50,2026-03-13 01:40:50
T000618,C001796,O0013216,payment_issue,medium,2026-02-11 22:55:25,2026-02-15 08:55:25
T000619,C000341,O0019969,late_delivery,low,2025-12-20 20:23:45,2025-12-24 20:23:45
T000620,C002564,O0007900,wrong_item,high,2026-07-17 06:50:44,2026-07-21 00:50:44
T000621,C000036,O0005624,wrong_item,low,2026-09-15 04:45:51,2026-09-16 10:45:51
T000622,C002960,O0000840,late_delivery,medium,2025-11-19 10:21:19,2025-11-20 00:21:19
T000623,C000749,O0003032,wrong_item,high,2026-09-14 06:01:53,2026-09-18 22:01:53
T000624,C001541,O0003129,payment_issue,low,2026-08-29 08:19:58,
T000625,C002912,O0000263,product_query,medium,2026-02-13 01:32:31,2026-02-16 06:32:31
T000626,C002295,O0011661,late_delivery,high,2025-09-12 17:59:45,
T000627,C001892,O0018288,refund_request,medium,2026-06-28 17:57:08,2026-07-02 11:57:08
T000628,C000789,O0018916,damaged_item,medium,2026-02-24 20:37:49,2026-03-01 08:37:49
T000629,C001710,O0004365,wrong_item,medium,2026-02-02 20:07:01,2026-02-05 12:07:01
T000630,C001681,O0005953,product_query,low,2025-12-18 03:10:30,2025-12-22 13:10:30
T000631,C002736,O0015358,late_delivery,medium,2025-07-03 06:37:11,
T000632,C002980,O0018411,refund_request,high,2025-10-21 19:37:07,2025-10-24 01:37:07
T000633,C001060,O0009059,refund_request,medium,2026-07-06 08:36:49,
T000634,C002168,O0016497,wrong_item,medium,2025-11-26 04:42:54,2025-11-30 06:42:54
T000635,C002331,O0013579,product_query,medium,2025-08-04 02:04:08,2025-08-07 06:04:08
T000636,C000630,O0012025,payment_issue,urgent,2025-04-11 23:16:44,2025-04-16 02:16:44
T000637,C001638,O0008195,wrong_item,high,2025-11-06 09:22:30,2025-11-06 23:22:30
T000638,C001326,O0000712,product_query,medium,2026-04-06 21:51:30,
T000639,C000985,O0009448,late_delivery,medium,2026-09-07 23:02:32,
T000640,C002243,O0006036,refund_request,medium,2025-03-19 23:57:21,
T000641,C000925,O0001138,product_query,high,2026-08-11 11:48:20,2026-08-13 14:48:20
T000642,C002877,O0007242,late_delivery,high,2025-02-08 05:42:23,2025-02-08 09:42:23
T000643,C002665,O0003985,wrong_item,medium,2025-09-26 16:33:42,
T000644,C001481,O0011942,product_query,low,2025-05-31 00:27:27,2025-06-04 01:27:27
T000645,C001291,O0000983,payment_issue,medium,2026-05-07 20:47:55,2026-05-10 03:47:55
T000646,C001202,O0011523,product_query,medium,2025-03-22 12:11:14,2025-03-24 09:11:14
T000647,C001057,O0017338,damaged_item,high,2025-08-07 03:40:35,
T000648,C000191,O0006572,product_query,medium,2026-05-18 18:50:27,2026-05-19 23:50:27
T000649,C000995,O0013419,damaged_item,medium,2025-12-22 19:06:06,2025-12-24 07:06:06
T000650,C000155,O0007225,payment_issue,low,2025-01-24 02:35:26,
T000651,C001663,O0013081,wrong_item,urgent,2025-06-03 00:52:34,
T000652,C002573,O0005350,wrong_item,low,2025-05-23 08:09:34,2025-05-25 20:09:34
T000653,C000276,O0001176,payment_issue,high,2025-09-05 22:46:30,2025-09-06 05:46:30
T000654,C000665,O0010998,late_delivery,high,2026-06-09 00:49:26,2026-06-12 00:49:26
T000655,C000959,O0007433,late_delivery,medium,2025-01-14 02:41:44,2025-01-18 22:41:44
T000656,C000079,O0009859,product_query,urgent,2025-11-09 15:55:02,
T000657,C001683,O0004128,product_query,medium,2025-02-17 23:02:09,
T000658,C001050,O0014946,late_delivery,high,2025-06-02 15:26:52,2025-06-05 16:26:52
T000659,C001428,O0015397,damaged_item,high,2025-08-02 13:28:55,2025-08-05 21:28:55
T000660,C002419,O0015274,refund_request,urgent,2025-03-20 00:18:15,2025-03-20 16:18:15
T000661,C002334,O0018313,refund_request,medium,2026-08-31 20:14:10,2026-09-02 05:14:10
T000662,C000712,O0009019,product_query,medium,2026-02-19 18:16:20,2026-02-22 07:16:20
T000663,C002079,O0019612,damaged_item,low,2025-07-15 12:06:24,2025-07-20 05:06:24
T000664,C002656,O0013336,late_delivery,high,2025-05-31 14:40:17,2025-06-04 08:40:17
T000665,C000107,O0000544,late_delivery,low,2025-06-11 15:49:13,2025-06-15 02:49:13
T000666,C001427,O0015178,refund_request,urgent,2025-12-05 12:39:53,2025-12-06 20:39:53
T000667,C001558,O0002878,wrong_item,urgent,2026-03-17 04:01:19,2026-03-19 23:01:19
T000668,C001227,O0004642,damaged_item,urgent,2025-01-09 20:18:48,2025-01-12 16:18:48
T000669,C000593,O0007416,late_delivery,urgent,2025-06-09 23:16:47,2025-06-11 13:16:47
T000670,C001288,O0003578,refund_request,low,2025-09-10 03:34:36,2025-09-14 04:34:36
T000671,C001867,O0011652,refund_request,low,2025-02-13 10:53:12,2025-02-16 01:53:12
T000672,C002251,O0001362,late_delivery,medium,2025-03-26 03:37:41,2025-03-29 02:37:41
T000673,C001307,O0014256,late_delivery,low,2025-10-14 19:23:50,2025-10-19 07:23:50
T000674,C001197,O0009358,payment_issue,high,2025-09-02 14:35:41,2025-09-04 14:35:41
T000675,C001048,O0003924,product_query,high,2025-08-08 05:11:22,2025-08-11 02:11:22
T000676,C001509,O0010145,damaged_item,high,2025-03-11 12:05:07,
T000677,C002491,O0006156,damaged_item,medium,2026-01-25 15:06:00,2026-01-30 00:06:00
T000678,C001027,O0006167,product_query,high,2026-07-28 15:01:16,2026-08-01 03:01:16
T000679,C002008,O0018703,wrong_item,urgent,2025-08-25 12:25:00,2025-08-30 00:25:00
T000680,C002827,O0015706,product_query,low,2025-05-18 07:36:20,2025-05-19 17:36:20
T000681,C001055,O0006050,payment_issue,urgent,2025-05-21 20:08:30,2025-05-23 17:08:30
T000682,C001455,O0013523,refund_request,low,2026-08-03 18:22:53,2026-08-07 23:22:53
T000683,C002383,O0018038,product_query,medium,2025-06-20 07:02:33,2025-06-23 02:02:33
T000684,C002083,O0014807,product_query,high,2025-10-17 10:57:24,
T000685,C000877,O0002850,late_delivery,urgent,2025-09-19 04:59:51,2025-09-22 07:59:51
T000686,C000586,O0017843,refund_request,medium,2025-03-17 05:03:16,
T000687,C002511,O0004255,refund_request,urgent,2026-08-11 06:07:26,
T000688,C000195,O0015976,wrong_item,low,2025-11-07 14:16:32,
T000689,C001245,O0011652,refund_request,urgent,2025-04-22 18:45:19,2025-04-25 11:45:19
T000690,C001311,O0000949,payment_issue,medium,2025-02-04 17:35:15,2025-02-07 04:35:15
T000691,C002807,O0004845,late_delivery,low,2026-07-19 19:46:40,2026-07-20 06:46:40
T000692,C001532,O0009709,damaged_item,urgent,2026-05-10 23:31:41,2026-05-13 23:31:41
T000693,C001640,O0012909,wrong_item,urgent,2026-08-30 07:49:18,2026-09-03 18:49:18
T000694,C001711,O0018822,payment_issue,medium,2025-03-12 09:24:12,2025-03-16 19:24:12
T000695,C001991,O0010158,damaged_item,urgent,2025-02-01 01:04:20,2025-02-05 17:04:20
T000696,C000551,O0013334,wrong_item,low,2025-08-10 18:29:10,2025-08-10 21:29:10
T000697,C000547,O0004691,wrong_item,high,2025-10-05 23:05:44,2025-10-09 10:05:44
T000698,C000170,O0001402,refund_request,urgent,2025-01-17 09:57:29,2025-01-21 05:57:29
T000699,C000460,O0000655,payment_issue,high,2025-10-15 02:43:32,2025-10-17 00:43:32
T000700,C000152,O0001871,product_query,medium,2025-03-05 02:45:26,
T000701,C001781,O0015813,product_query,low,2025-10-27 17:59:29,2025-10-29 14:59:29
T000702,C000123,O0007418,damaged_item,low,2026-08-29 04:10:52,2026-08-30 07:10:52
T000703,C001576,O0004077,product_query,low,2026-06-08 23:23:37,2026-06-12 05:23:37
T000704,C001226,O0017931,refund_request,low,2026-04-14 18:38:56,2026-04-17 23:38:56
T000705,C001302,O0005968,product_query,medium,2025-04-16 23:40:59,2025-04-20 16:40:59
T000706,C002031,O0007300,refund_request,medium,2026-08-08 14:48:25,2026-08-11 05:48:25
T000707,C000482,O0002661,late_delivery,urgent,2026-09-08 19:47:22,2026-09-09 23:47:22
T000708,C002283,O0008816,damaged_item,high,2026-02-24 11:02:06,2026-02-26 11:02:06
T000709,C000621,O0000649,wrong_item,low,2026-07-21 18:36:09,2026-07-22 13:36:09
T000710,C001364,O0015188,payment_issue,urgent,2025-12-16 21:57:43,2025-12-21 19:57:43
T000711,C002442,O0015767,late_delivery,low,2025-08-08 23:19:55,2025-08-10 15:19:55
T000712,C001732,O0017638,product_query,low,2025-11-12 02:53:52,2025-11-12 20:53:52
T000713,C001070,O0009906,damaged_item,high,2025-02-15 21:19:57,2025-02-20 16:19:57
T000714,C000710,O0011785,refund_request,low,2025-09-14 02:49:37,2025-09-15 03:49:37
T000715,C000157,O0003260,payment_issue,low,2026-06-14 21:57:05,2026-06-19 13:57:05
T000716,C000806,O0006935,damaged_item,high,2025-01-21 02:09:15,2025-01-24 07:09:15
T000717,C002530,O0016542,refund_request,urgent,2026-01-09 01:04:06,2026-01-12 09:04:06
T000718,C000493,O0014725,product_query,low,2025-06-27 11:05:55,2025-06-30 20:05:55
T000719,C001628,O0007028,late_delivery,high,2026-03-04 11:34:48,2026-03-08 22:34:48
T000720,C001256,O0007077,damaged_item,high,2026-02-17 15:47:51,2026-02-20 01:47:51
T000721,C002679,O0010584,refund_request,high,2025-07-06 16:01:47,2025-07-09 10:01:47
T000722,C001056,O0010318,refund_request,urgent,2025-02-17 18:23:40,2025-02-21 06:23:40
T000723,C001237,O0011199,damaged_item,medium,2025-02-09 01:49:55,2025-02-12 13:49:55
T000724,C001525,O0002746,wrong_item,medium,2025-04-12 03:32:56,2025-04-13 06:32:56
T000725,C001781,O0015234,late_delivery,low,2025-02-22 09:44:56,2025-02-23 23:44:56
T000726,C000437,O0012608,late_delivery,medium,2025-07-27 05:19:17,2025-07-29 09:19:17
T000727,C000464,O0018925,payment_issue,urgent,2025-01-27 05:01:36,2025-01-27 11:01:36
T000728,C000075,O0016459,payment_issue,low,2026-03-29 23:15:47,2026-04-02 14:15:47
T000729,C002634,O0005350,damaged_item,high,2026-05-12 07:50:22,2026-05-16 02:50:22
T000730,C001243,O0008513,refund_request,high,2025-06-25 09:53:55,2025-06-25 23:53:55
T000731,C002560,O0005239,product_query,urgent,2025-06-22 01:12:31,
T000732,C001919,O0007748,late_delivery,high,2025-04-08 14:18:59,2025-04-11 21:18:59
T000733,C001091,O0005906,payment_issue,low,2025-07-03 11:03:26,2025-07-06 18:03:26
T000734,C000341,O0006852,damaged_item,medium,2025-03-15 19:32:39,2025-03-17 04:32:39
T000735,C001238,O0005728,late_delivery,high,2025-10-03 21:35:56,2025-10-06 17:35:56
T000736,C001977,O0006512,late_delivery,medium,2026-03-24 07:46:45,2026-03-24 19:46:45
T000737,C002995,O0007392,payment_issue,low,2025-03-03 15:07:13,
T000738,C000800,O0003750,product_query,low,2025-04-02 15:05:45,2025-04-04 22:05:45
T000739,C000615,O0001863,refund_request,high,2025-01-08 16:14:53,2025-01-10 14:14:53
T000740,C002984,O0015449,product_query,urgent,2026-01-25 12:24:09,2026-01-30 06:24:09
T000741,C002184,O0010240,damaged_item,urgent,2026-02-12 15:36:14,
T000742,C001163,O0002849,product_query,high,2025-05-05 09:54:39,2025-05-09 03:54:39
T000743,C000738,O0013605,late_delivery,medium,2026-05-20 10:56:51,2026-05-24 10:56:51
T000744,C001564,O0000197,product_query,low,2025-09-07 08:04:43,
T000745,C001452,O0003914,late_delivery,urgent,2026-04-12 07:10:40,2026-04-16 17:10:40
T000746,C002374,O0005006,product_query,medium,2025-10-06 17:12:34,2025-10-09 04:12:34
T000747,C000782,O0011324,damaged_item,low,2026-04-23 23:53:41,2026-04-26 15:53:41
T000748,C002946,O0013857,wrong_item,urgent,2026-04-14 10:18:38,2026-04-19 08:18:38
T000749,C000498,O0009603,payment_issue,high,2026-02-10 09:59:56,2026-02-10 22:59:56
T000750,C000551,O0002686,refund_request,high,2026-08-18 07:10:46,2026-08-21 02:10:46
T000751,C000687,O0011775,payment_issue,low,2025-04-05 10:38:50,2025-04-06 11:38:50
T000752,C001153,O0017237,wrong_item,high,2025-11-14 21:24:04,
T000753,C002041,O0006449,wrong_item,low,2025-01-05 15:48:54,2025-01-09 23:48:54
T000754,C000528,O0008597,refund_request,high,2025-11-18 08:27:36,2025-11-21 08:27:36
T000755,C000170,O0005459,refund_request,medium,2026-06-27 09:32:58,2026-06-28 00:32:58
T000756,C002528,O0017605,product_query,low,2026-06-29 06:00:17,2026-07-02 08:00:17
T000757,C001674,O0017553,late_delivery,high,2025-03-12 14:08:15,2025-03-12 19:08:15
T000758,C000105,O0016456,payment_issue,high,2025-07-21 14:22:55,2025-07-23 12:22:55
T000759,C001698,O0008740,refund_request,high,2026-02-11 02:54:46,2026-02-11 15:54:46
T000760,C002034,O0015916,payment_issue,low,2026-04-26 05:55:13,2026-04-27 10:55:13
T000761,C000678,O0006938,product_query,urgent,2025-12-09 00:06:43,2025-12-10 17:06:43
T000762,C001616,O0007256,late_delivery,medium,2025-08-14 16:32:44,2025-08-14 23:32:44
T000763,C001327,O0008271,product_query,high,2026-09-19 19:44:59,2026-09-22 01:44:59
T000764,C001863,O0007588,product_query,medium,2026-03-24 23:08:20,2026-03-29 12:08:20
T000765,C002815,O0008415,damaged_item,high,2026-02-12 01:16:17,
T000766,C001492,O0006595,product_query,high,2026-09-22 18:14:26,2026-09-23 06:14:26
T000767,C001644,O0010306,payment_issue,high,2025-05-31 10:27:52,2025-06-03 22:27:52
T000768,C001893,O0015692,damaged_item,low,2026-06-04 06:12:29,
T000769,C001543,O0015230,product_query,low,2025-05-27 18:41:15,2025-05-29 07:41:15
T000770,C002560,O0014028,damaged_item,urgent,2026-05-31 19:25:44,2026-06-02 02:25:44
T000771,C001917,O0015335,late_delivery,low,2025-07-23 15:37:45,2025-07-25 00:37:45
T000772,C001263,O0014427,wrong_item,urgent,2026-02-08 00:29:44,2026-02-09 09:29:44
T000773,C002641,O0001299,refund_request,high,2025-05-16 18:24:32,2025-05-17 11:24:32
T000774,C002412,O0007451,refund_request,high,2025-04-23 11:11:43,2025-04-26 11:11:43
T000775,C001464,O0014708,late_delivery,urgent,2026-08-26 05:54:35,2026-08-28 13:54:35
T000776,C001047,O0014069,product_query,low,2025-05-11 23:30:00,2025-05-13 11:30:00
T000777,C002467,O0018834,damaged_item,medium,2026-03-14 14:25:14,2026-03-19 03:25:14
T000778,C001888,O0016829,refund_request,high,2025-05-14 18:53:54,
T000779,C000808,O0004507,wrong_item,urgent,2026-01-09 16:34:14,2026-01-14 13:34:14
T000780,C002301,O0008594,product_query,low,2026-05-31 16:46:00,2026-06-01 08:46:00
T000781,C002540,O0014697,refund_request,medium,2026-04-12 04:18:09,2026-04-13 17:18:09
T000782,C002051,O0018608,product_query,medium,2025-09-19 04:41:22,2025-09-22 11:41:22
T000783,C002415,O0010274,late_delivery,medium,2025-09-11 13:24:23,2025-09-11 19:24:23
T000784,C000024,O0009028,refund_request,urgent,2026-05-07 08:31:08,2026-05-12 00:31:08
T000785,C000219,O0007891,refund_request,urgent,2025-03-10 01:33:04,2025-03-11 12:33:04
T000786,C002247,O0019660,payment_issue,high,2025-08-31 23:05:49,2025-09-01 12:05:49
T000787,C001762,O0019777,product_query,urgent,2026-05-06 20:04:46,2026-05-11 03:04:46
T000788,C002206,O0014919,damaged_item,urgent,2025-09-15 23:55:47,2025-09-18 19:55:47
T000789,C001320,O0016636,payment_issue,medium,2026-05-11 08:58:14,2026-05-14 21:58:14
T000790,C000763,O0005458,payment_issue,low,2026-02-19 17:11:13,2026-02-21 07:11:13
T000791,C000959,O0006183,payment_issue,urgent,2025-03-12 06:13:49,2025-03-16 22:13:49
T000792,C000101,O0004141,payment_issue,low,2025-06-29 23:46:29,2025-06-30 04:46:29
T000793,C001964,O0017670,refund_request,high,2026-04-11 02:07:15,2026-04-14 06:07:15
T000794,C002313,O0002001,payment_issue,low,2025-11-30 06:24:01,2025-12-01 19:24:01
T000795,C001690,O0019377,damaged_item,medium,2026-08-04 10:51:31,
T000796,C002019,O0016853,product_query,high,2026-05-11 01:20:02,2026-05-12 11:20:02
T000797,C001156,O0010285,product_query,low,2025-12-12 07:34:27,2025-12-14 19:34:27
T000798,C001156,O0019266,late_delivery,urgent,2026-03-19 10:47:20,
T000799,C001211,O0004424,damaged_item,medium,2025-06-04 14:29:34,
T000800,C001578,O0004725,damaged_item,high,2026-08-25 16:33:32,2026-08-26 12:33:32
T000801,C002966,O0009628,product_query,medium,2026-08-25 17:20:25,2026-08-25 22:20:25
T000802,C000229,O0008198,refund_request,high,2025-12-09 09:17:56,2025-12-10 16:17:56
T000803,C002929,O0000844,product_query,medium,2026-03-12 06:52:31,2026-03-17 06:52:31
T000804,C000056,O0015162,refund_request,urgent,2025-05-15 23:54:29,2025-05-18 23:54:29
T000805,C001801,O0006932,damaged_item,low,2026-08-01 19:18:26,2026-08-02 13:18:26
T000806,C002309,O0012344,product_query,urgent,2025-03-22 14:47:08,2025-03-22 18:47:08
T000807,C000770,O0004187,product_query,low,2025-04-08 05:54:19,2025-04-11 11:54:19
T000808,C002076,O0007064,wrong_item,low,2025-09-21 06:00:57,2025-09-21 10:00:57
T000809,C001182,O0006486,wrong_item,medium,2026-04-08 09:08:15,2026-04-11 22:08:15
T000810,C000543,O0007446,payment_issue,low,2025-07-12 16:10:56,2025-07-16 14:10:56
T000811,C002744,O0000316,product_query,low,2026-06-13 18:29:43,2026-06-18 18:29:43
T000812,C002815,O0009031,late_delivery,low,2026-02-16 10:17:52,2026-02-17 02:17:52
T000813,C000111,O0000429,refund_request,high,2025-06-30 06:29:05,2025-07-04 02:29:05
T000814,C002353,O0013144,damaged_item,medium,2026-08-28 15:39:47,2026-08-31 14:39:47
T000815,C002250,O0008559,product_query,urgent,2025-06-24 09:33:42,2025-06-29 06:33:42
T000816,C000344,O0007644,late_delivery,medium,2026-06-21 14:29:33,2026-06-23 01:29:33
T000817,C002640,O0007894,late_delivery,low,2025-02-16 19:43:54,2025-02-20 03:43:54
T000818,C002230,O0019635,damaged_item,medium,2026-03-12 23:18:41,2026-03-15 15:18:41
T000819,C000441,O0018535,product_query,low,2026-06-08 08:47:26,2026-06-11 23:47:26
T000820,C002837,O0018447,damaged_item,high,2025-01-17 09:54:14,
T000821,C001180,O0009635,refund_request,urgent,2025-09-22 03:40:34,2025-09-26 08:40:34
T000822,C002216,O0007061,late_delivery,urgent,2026-06-12 18:39:08,2026-06-12 20:39:08
T000823,C000746,O0019850,payment_issue,low,2026-01-09 08:51:41,2026-01-12 21:51:41
T000824,C002954,O0018893,damaged_item,high,2026-05-08 22:58:05,2026-05-09 03:58:05
T000825,C000527,O0003736,late_delivery,medium,2025-01-05 07:38:53,2025-01-06 20:38:53
T000826,C002371,O0008584,late_delivery,high,2026-06-15 03:12:48,
T000827,C000403,O0013824,damaged_item,medium,2026-01-12 08:56:33,2026-01-14 12:56:33
T000828,C002104,O0003094,damaged_item,low,2025-01-17 00:27:34,2025-01-19 17:27:34
T000829,C001015,O0010780,product_query,urgent,2025-04-15 23:27:07,2025-04-16 10:27:07
T000830,C000502,O0008387,wrong_item,urgent,2025-10-01 11:14:28,2025-10-06 08:14:28
T000831,C002195,O0011878,damaged_item,urgent,2026-04-18 17:26:17,2026-04-21 09:26:17
T000832,C000805,O0008637,wrong_item,medium,2026-09-18 20:34:25,2026-09-22 21:34:25
T000833,C001065,O0003136,refund_request,high,2026-06-12 08:33:13,2026-06-12 15:33:13
T000834,C002417,O0002878,payment_issue,urgent,2025-05-19 21:46:59,2025-05-24 06:46:59
T000835,C002104,O0012787,damaged_item,medium,2026-04-01 11:48:08,
T000836,C001769,O0014099,wrong_item,low,2025-02-26 15:21:27,2025-03-01 11:21:27
T000837,C002438,O0006527,product_query,urgent,2025-07-08 12:54:51,
T000838,C002176,O0000834,product_query,urgent,2025-05-19 01:38:40,2025-05-20 20:38:40
T000839,C002892,O0018075,wrong_item,urgent,2025-03-07 21:46:13,2025-03-12 00:46:13
T000840,C001774,O0017476,product_query,high,2025-08-03 22:45:18,2025-08-08 04:45:18
T000841,C000177,O0002928,refund_request,low,2026-06-13 23:08:36,2026-06-16 19:08:36
T000842,C000539,O0008446,product_query,low,2025-06-22 17:48:38,
T000843,C000517,O0005466,payment_issue,medium,2025-01-08 10:49:43,2025-01-10 23:49:43
T000844,C000621,O0007831,product_query,urgent,2025-09-26 05:25:44,2025-09-30 08:25:44
T000845,C000614,O0012820,product_query,urgent,2026-05-18 09:34:59,
T000846,C000970,O0012269,damaged_item,medium,2025-06-28 05:56:54,2025-07-02 18:56:54
T000847,C000188,O0005585,damaged_item,low,2026-04-14 22:37:39,2026-04-19 12:37:39
T000848,C001872,O0002937,damaged_item,low,2026-08-13 21:52:59,2026-08-15 22:52:59
T000849,C001862,O0017607,refund_request,high,2026-09-23 11:14:49,2026-09-23 15:14:49
T000850,C002006,O0013144,payment_issue,low,2025-04-20 02:33:58,2025-04-23 21:33:58
T000851,C001884,O0007040,refund_request,medium,2025-04-10 17:21:10,2025-04-15 13:21:10
T000852,C000255,O0005530,damaged_item,medium,2025-11-05 20:59:08,2025-11-10 05:59:08
T000853,C002084,O0013329,wrong_item,urgent,2025-03-25 07:37:25,2025-03-27 11:37:25
T000854,C000689,O0012232,wrong_item,medium,2026-09-25 08:21:28,2026-09-28 19:21:28
T000855,C002262,O0001892,damaged_item,low,2025-02-07 08:43:06,
T000856,C002086,O0017670,late_delivery,high,2025-12-11 16:51:08,
T000857,C000089,O0016409,wrong_item,medium,2025-12-09 22:33:50,2025-12-11 20:33:50
T000858,C002400,O0008656,refund_request,low,2025-03-03 13:29:34,2025-03-04 07:29:34
T000859,C002504,O0014893,wrong_item,high,2026-05-17 08:59:11,2026-05-19 02:59:11
T000860,C002603,O0019758,damaged_item,high,2026-07-28 14:57:53,2026-08-02 02:57:53
T000861,C000536,O0009966,refund_request,low,2025-01-25 00:03:05,2025-01-28 12:03:05
T000862,C000483,O0010302,refund_request,medium,2025-10-07 13:23:31,2025-10-08 15:23:31
T000863,C000713,O0012097,product_query,urgent,2025-09-28 00:32:50,2025-10-02 12:32:50
T000864,C001346,O0019032,refund_request,urgent,2025-06-09 15:27:33,2025-06-13 11:27:33
T000865,C000908,O0013416,refund_request,urgent,2026-04-29 16:20:18,2026-05-02 05:20:18
T000866,C000914,O0001372,late_delivery,medium,2025-03-15 14:27:13,2025-03-19 10:27:13
T000867,C000160,O0017498,wrong_item,low,2026-01-26 16:07:14,2026-01-30 04:07:14
T000868,C000406,O0003653,payment_issue,low,2025-03-02 16:22:03,2025-03-06 18:22:03
T000869,C000126,O0005244,wrong_item,high,2026-02-11 12:12:45,2026-02-14 06:12:45
T000870,C000088,O0008024,late_delivery,low,2025-03-13 23:12:40,2025-03-15 15:12:40
T000871,C002001,O0006784,payment_issue,high,2025-08-24 04:15:56,2025-08-25 10:15:56
T000872,C002210,O0012363,product_query,low,2025-06-06 17:37:47,2025-06-08 19:37:47
T000873,C001345,O0012559,payment_issue,urgent,2025-01-26 02:17:32,2025-01-27 07:17:32
T000874,C002690,O0014188,wrong_item,low,2025-01-18 15:04:33,2025-01-23 08:04:33
T000875,C001592,O0005979,payment_issue,low,2025-08-01 07:32:04,2025-08-04 05:32:04
T000876,C000038,O0007465,damaged_item,urgent,2025-10-28 12:18:18,2025-10-31 17:18:18
T000877,C000511,O0000636,product_query,low,2026-09-04 04:54:19,2026-09-07 03:54:19
T000878,C001407,O0018499,damaged_item,low,2025-08-14 22:49:05,2025-08-18 18:49:05
T000879,C002224,O0002164,late_delivery,medium,2025-08-17 15:33:00,2025-08-21 05:33:00
T000880,C001048,O0001851,damaged_item,low,2025-01-23 13:23:59,2025-01-27 20:23:59
T000881,C001780,O0005760,product_query,urgent,2026-03-03 09:17:10,2026-03-07 08:17:10
T000882,C000355,O0016729,damaged_item,medium,2025-11-05 11:57:32,2025-11-09 11:57:32
T000883,C000435,O0001054,late_delivery,urgent,2026-07-11 08:34:25,2026-07-15 13:34:25
T000884,C001122,O0010757,product_query,urgent,2026-03-05 22:10:31,2026-03-10 20:10:31
T000885,C002572,O0016886,late_delivery,urgent,2025-02-07 01:32:03,2025-02-07 18:32:03
T000886,C002109,O0006046,product_query,urgent,2025-11-23 00:53:00,2025-11-25 23:53:00
T000887,C000981,O0003124,wrong_item,high,2026-07-14 07:54:44,
T000888,C001462,O0005212,damaged_item,low,2026-08-21 17:09:29,2026-08-26 14:09:29
T000889,C000442,O0000685,payment_issue,low,2025-01-16 14:10:45,
T000890,C001779,O0006077,product_query,medium,2025-01-25 16:51:25,
T000891,C000557,O0017197,refund_request,low,2025-01-15 06:57:35,2025-01-19 14:57:35
T000892,C001727,O0018154,payment_issue,low,2025-12-16 11:28:27,2025-12-17 21:28:27
T000893,C000888,O0011156,damaged_item,high,2026-03-27 15:43:00,
T000894,C001259,O0006993,late_delivery,low,2026-05-20 21:16:27,2026-05-23 21:16:27
T000895,C001305,O0018592,damaged_item,medium,2025-09-20 17:35:13,2025-09-22 15:35:13
T000896,C000937,O0002694,payment_issue,medium,2025-11-26 19:49:20,2025-11-27 18:49:20
T000897,C000479,O0006586,refund_request,high,2025-10-05 08:53:16,2025-10-06 11:53:16
T000898,C000407,O0004130,refund_request,high,2026-05-16 07:00:35,2026-05-18 14:00:35
T000899,C002538,O0001152,product_query,urgent,2025-12-06 15:57:08,2025-12-07 23:57:08
T000900,C002160,O0006126,product_query,urgent,2026-06-08 14:03:56,2026-06-10 06:03:56
T000901,C002580,O0014780,payment_issue,medium,2025-12-17 20:06:57,2025-12-18 14:06:57
T000902,C001107,O0001619,payment_issue,low,2026-06-09 21:27:58,2026-06-13 16:27:58
T000903,C000695,O0003986,product_query,medium,2026-05-27 02:33:23,2026-05-28 16:33:23
T000904,C000109,O0018155,payment_issue,low,2026-05-07 21:35:40,2026-05-12 13:35:40
T000905,C002513,O0019346,payment_issue,medium,2025-01-15 13:09:04,2025-01-18 09:09:04
T000906,C000497,O0011457,payment_issue,high,2025-07-18 08:04:43,2025-07-22 10:04:43
T000907,C002327,O0001869,damaged_item,urgent,2025-02-06 13:05:30,2025-02-11 04:05:30
T000908,C000957,O0000190,product_query,urgent,2025-03-10 11:23:03,2025-03-12 23:23:03
T000909,C000383,O0016015,damaged_item,low,2025-09-03 06:17:37,2025-09-05 00:17:37
T000910,C000656,O0018577,late_delivery,low,2026-03-16 05:52:14,2026-03-18 21:52:14
T000911,C000360,O0002191,damaged_item,medium,2026-06-17 05:18:42,2026-06-21 08:18:42
T000912,C002091,O0005666,product_query,high,2025-10-10 23:48:36,2025-10-11 21:48:36
T000913,C001098,O0017672,payment_issue,medium,2025-10-01 02:34:04,2025-10-05 05:34:04
T000914,C002584,O0013197,damaged_item,low,2026-02-07 14:07:05,2026-02-08 11:07:05
T000915,C000472,O0012143,late_delivery,medium,2025-07-02 12:14:48,
T000916,C002696,O0014257,wrong_item,medium,2025-01-14 15:04:14,2025-01-14 19:04:14
T000917,C001310,O0014899,product_query,low,2025-05-22 12:02:31,2025-05-22 18:02:31
T000918,C000552,O0003406,late_delivery,medium,2025-05-14 17:07:51,2025-05-19 02:07:51
T000919,C000974,O0006603,damaged_item,urgent,2026-03-15 14:57:41,2026-03-17 04:57:41
T000920,C001257,O0018849,refund_request,high,2025-04-21 17:15:13,2025-04-22 06:15:13
T000921,C000449,O0017527,product_query,low,2025-12-10 14:08:55,
T000922,C000033,O0013255,damaged_item,high,2026-05-09 18:53:15,2026-05-10 18:53:15
T000923,C000983,O0010975,wrong_item,medium,2026-04-08 23:15:07,
T000924,C001040,O0010702,damaged_item,medium,2025-10-21 10:50:39,2025-10-21 17:50:39
T000925,C001341,O0008310,wrong_item,high,2026-01-05 16:04:03,2026-01-06 04:04:03
T000926,C002856,O0008398,product_query,urgent,2025-05-08 05:48:30,2025-05-08 09:48:30
T000927,C002647,O0009103,late_delivery,medium,2025-07-18 16:47:58,2025-07-22 09:47:58
T000928,C002190,O0019117,late_delivery,high,2026-05-01 22:16:54,2026-05-04 01:16:54
T000929,C002419,O0003322,wrong_item,medium,2025-12-27 19:18:54,
T000930,C000769,O0018587,late_delivery,high,2025-11-29 18:19:05,2025-12-01 07:19:05
T000931,C001671,O0015736,damaged_item,urgent,2025-01-16 06:46:24,2025-01-17 00:46:24
T000932,C002098,O0005986,refund_request,high,2026-01-20 19:44:53,2026-01-22 17:44:53
T000933,C002204,O0002364,payment_issue,low,2025-08-02 23:19:25,2025-08-06 02:19:25
T000934,C002745,O0011411,payment_issue,urgent,2025-11-03 18:04:40,
T000935,C002699,O0008418,product_query,urgent,2025-06-10 23:12:49,2025-06-12 12:12:49
T000936,C000865,O0008649,damaged_item,medium,2026-04-20 19:02:23,2026-04-23 21:02:23
T000937,C001900,O0005257,damaged_item,low,2025-05-06 18:30:51,2025-05-09 21:30:51
T000938,C001790,O0015733,damaged_item,low,2025-09-30 15:35:56,2025-10-04 22:35:56
T000939,C000283,O0002825,payment_issue,high,2025-04-11 11:01:59,2025-04-16 09:01:59
T000940,C002936,O0012755,product_query,low,2025-09-01 05:30:22,2025-09-02 05:30:22
T000941,C002801,O0010838,product_query,urgent,2025-07-21 06:05:59,
T000942,C002979,O0002296,damaged_item,medium,2026-03-23 23:27:09,2026-03-28 16:27:09
T000943,C002949,O0019241,product_query,medium,2026-05-23 17:03:25,2026-05-27 04:03:25
T000944,C000935,O0010892,refund_request,urgent,2025-10-09 19:53:52,2025-10-11 11:53:52
T000945,C000703,O0019875,wrong_item,urgent,2025-01-27 06:38:56,2025-01-27 09:38:56
T000946,C002201,O0013733,late_delivery,low,2025-12-20 19:30:25,2025-12-22 11:30:25
T000947,C000187,O0001107,refund_request,urgent,2026-06-16 11:30:59,2026-06-17 14:30:59
T000948,C002007,O0011004,wrong_item,low,2025-10-19 10:15:01,
T000949,C000047,O0006166,payment_issue,low,2026-07-06 05:21:33,2026-07-07 08:21:33
T000950,C000345,O0011371,product_query,medium,2026-02-08 00:33:35,2026-02-08 02:33:35
T000951,C001616,O0012330,product_query,medium,2025-07-20 09:52:54,2025-07-21 02:52:54
T000952,C000542,O0000794,payment_issue,high,2026-03-02 01:36:01,2026-03-06 08:36:01
T000953,C000572,O0019056,damaged_item,medium,2025-08-10 06:16:34,2025-08-11 14:16:34
T000954,C001732,O0019977,damaged_item,low,2025-12-08 16:40:10,
T000955,C002822,O0016973,damaged_item,medium,2025-12-09 14:22:12,2025-12-13 23:22:12
T000956,C000236,O0007683,wrong_item,urgent,2026-08-31 07:55:32,2026-09-02 08:55:32
T000957,C001510,O0007275,wrong_item,urgent,2025-02-14 05:59:56,2025-02-18 08:59:56
T000958,C000005,O0019129,late_delivery,urgent,2025-04-26 07:10:27,2025-04-29 13:10:27
T000959,C002714,O0005995,payment_issue,high,2026-04-06 21:39:47,
T000960,C001051,O0015224,late_delivery,low,2025-07-22 19:24:22,2025-07-25 16:24:22
T000961,C002124,O0013334,product_query,high,2026-09-25 05:33:57,2026-09-27 10:33:57
T000962,C000665,O0012100,late_delivery,medium,2026-06-27 05:39:03,2026-06-30 16:39:03
T000963,C001404,O0018189,wrong_item,high,2026-02-01 04:49:55,2026-02-03 21:49:55
T000964,C000971,O0019444,refund_request,high,2026-03-25 06:38:26,2026-03-27 22:38:26
T000965,C001130,O0008491,damaged_item,medium,2025-06-28 15:04:06,2025-07-01 17:04:06
T000966,C000716,O0010745,late_delivery,high,2025-03-28 07:04:53,2025-03-30 08:04:53
T000967,C000794,O0000687,payment_issue,low,2026-07-20 11:14:09,2026-07-21 12:14:09
T000968,C000166,O0017546,payment_issue,low,2026-05-03 20:30:35,
T000969,C001438,O0001785,refund_request,high,2025-09-17 01:10:05,
T000970,C002154,O0008265,wrong_item,urgent,2025-05-17 14:20:45,
T000971,C002862,O0009437,damaged_item,high,2025-07-08 20:42:04,2025-07-11 14:42:04
T000972,C002044,O0016853,refund_request,urgent,2025-08-09 19:23:51,2025-08-14 11:23:51
T000973,C000787,O0018706,refund_request,medium,2026-02-18 13:40:51,
T000974,C002197,O0001741,wrong_item,high,2025-01-30 17:54:30,2025-01-31 15:54:30
T000975,C000142,O0012460,product_query,low,2025-06-26 19:57:03,2025-06-29 16:57:03
T000976,C001165,O0011506,refund_request,high,2026-06-01 04:58:15,2026-06-02 16:58:15
T000977,C000097,O0016219,damaged_item,medium,2025-10-16 07:27:27,2025-10-21 00:27:27
T000978,C002847,O0013802,refund_request,medium,2025-11-20 05:47:26,2025-11-22 00:47:26
T000979,C002151,O0019457,product_query,low,2025-10-04 09:19:38,2025-10-05 19:19:38
T000980,C001197,O0017970,refund_request,low,2026-03-19 00:16:02,2026-03-19 23:16:02
T000981,C000589,O0002580,product_query,medium,2025-08-16 16:09:02,2025-08-17 22:09:02
T000982,C000849,O0018256,late_delivery,high,2025-06-15 22:13:20,2025-06-19 11:13:20
T000983,C000029,O0009515,payment_issue,medium,2026-05-10 02:49:56,2026-05-11 20:49:56
T000984,C002328,O0013461,refund_request,urgent,2025-06-15 00:28:38,2025-06-17 13:28:38
T000985,C002842,O0011765,product_query,high,2025-06-07 02:49:14,2025-06-10 17:49:14
T000986,C001730,O0013152,payment_issue,low,2026-08-25 00:56:39,2026-08-26 12:56:39
T000987,C002668,O0007501,late_delivery,low,2025-08-01 08:21:36,2025-08-04 00:21:36
T000988,C001359,O0010884,wrong_item,urgent,2025-06-30 18:54:00,2025-07-03 17:54:00
T000989,C001791,O0009821,damaged_item,low,2025-08-06 05:43:01,2025-08-10 10:43:01
T000990,C001700,O0018926,refund_request,urgent,2025-01-03 15:12:39,2025-01-05 14:12:39
T000991,C002073,O0016344,wrong_item,high,2026-09-02 21:07:09,2026-09-04 09:07:09
T000992,C000858,O0017878,refund_request,high,2025-10-23 22:28:14,2025-10-25 21:28:14
T000993,C001847,O0003700,late_delivery,urgent,2026-07-15 09:56:00,2026-07-17 09:56:00
T000994,C000368,O0018948,wrong_item,medium,2026-04-04 10:36:10,2026-04-05 11:36:10
T000995,C000937,O0015495,damaged_item,medium,2025-02-28 03:51:33,2025-03-03 21:51:33
T000996,C000360,O0014167,refund_request,high,2026-06-29 08:17:50,
T000997,C000515,O0008983,product_query,low,2025-11-01 15:57:55,2025-11-05 04:57:55
T000998,C002469,O0008783,refund_request,urgent,2026-05-07 06:47:34,2026-05-08 06:47:34
T000999,C001476,O0005141,late_delivery,urgent,2026-09-01 19:35:12,
T001000,C002767,O0016123,damaged_item,urgent,2026-02-21 04:47:48,2026-02-21 09:47:48
T001001,C001738,O0013204,wrong_item,high,2025-02-04 12:56:43,2025-02-04 14:56:43
T001002,C000033,O0017629,late_delivery,high,2026-07-15 09:55:19,
T001003,C001984,O0002619,product_query,low,2025-01-28 08:30:09,2025-01-29 21:30:09
T001004,C001893,O0000939,late_delivery,medium,2025-12-01 18:57:49,
T001005,C001540,O0004133,payment_issue,urgent,2025-12-17 06:57:18,2025-12-19 01:57:18
T001006,C001009,O0015264,wrong_item,low,2026-04-07 14:28:48,2026-04-11 12:28:48
T001007,C001697,O0016662,late_delivery,urgent,2026-08-27 04:17:05,2026-08-29 00:17:05
T001008,C002963,O0010727,wrong_item,urgent,2025-11-07 05:55:38,2025-11-09 13:55:38
T001009,C000738,O0008277,refund_request,medium,2025-05-09 05:45:27,2025-05-12 17:45:27
T001010,C001671,O0017744,wrong_item,urgent,2026-01-23 04:30:29,2026-01-25 00:30:29
T001011,C002119,O0004557,product_query,low,2025-11-14 07:51:49,2025-11-15 11:51:49
T001012,C000342,O0011003,refund_request,medium,2025-10-24 08:16:00,2025-10-27 03:16:00
T001013,C002957,O0001607,product_query,medium,2025-09-03 11:52:41,2025-09-06 13:52:41
T001014,C000007,O0006177,damaged_item,low,2025-04-22 14:21:09,2025-04-23 09:21:09
T001015,C002991,O0015627,product_query,high,2025-08-29 16:30:30,2025-08-31 21:30:30
T001016,C002015,O0009529,wrong_item,medium,2025-01-31 03:50:42,2025-02-02 18:50:42
T001017,C001255,O0009957,product_query,urgent,2026-02-28 11:24:33,2026-03-04 01:24:33
T001018,C000931,O0003689,wrong_item,medium,2026-07-11 12:01:58,2026-07-13 07:01:58
T001019,C001103,O0016724,late_delivery,high,2025-08-26 02:49:11,2025-08-27 04:49:11
T001020,C002660,O0006531,refund_request,urgent,2026-02-24 13:35:25,2026-03-01 09:35:25
T001021,C002728,O0005596,refund_request,high,2026-03-19 15:00:21,
T001022,C002486,O0008670,product_query,high,2025-08-12 15:54:03,2025-08-16 23:54:03
T001023,C002544,O0006769,payment_issue,low,2026-08-23 01:18:07,2026-08-27 18:18:07
T001024,C001690,O0014010,damaged_item,high,2026-03-11 10:58:22,2026-03-13 18:58:22
T001025,C001084,O0015506,damaged_item,urgent,2025-02-03 16:31:32,2025-02-05 07:31:32
T001026,C002017,O0003629,payment_issue,urgent,2025-01-24 01:12:31,
T001027,C002766,O0017724,refund_request,low,2025-04-26 17:43:13,2025-04-29 07:43:13
T001028,C000311,O0019338,refund_request,low,2026-08-22 04:13:46,
T001029,C000517,O0010992,wrong_item,high,2026-09-16 04:45:01,2026-09-20 12:45:01
T001030,C001722,O0006933,wrong_item,urgent,2025-01-30 11:46:19,2025-02-03 04:46:19
T001031,C002529,O0002642,payment_issue,low,2025-05-14 12:36:57,2025-05-17 15:36:57
T001032,C000802,O0010794,refund_request,urgent,2025-12-22 05:47:36,2025-12-24 05:47:36
T001033,C001065,O0007250,product_query,high,2026-04-11 11:56:17,
T001034,C001583,O0002371,late_delivery,urgent,2025-11-30 18:00:04,2025-12-05 17:00:04
T001035,C002654,O0006403,payment_issue,medium,2025-05-21 16:57:09,2025-05-22 15:57:09
T001036,C001316,O0005695,late_delivery,low,2025-12-22 05:41:33,2025-12-23 01:41:33
T001037,C002033,O0009684,damaged_item,urgent,2026-01-06 20:36:31,2026-01-11 00:36:31
T001038,C001341,O0011170,damaged_item,urgent,2025-01-02 17:46:53,2025-01-03 12:46:53
T001039,C000930,O0009499,wrong_item,medium,2025-08-15 11:59:52,2025-08-19 22:59:52
T001040,C002682,O0005636,refund_request,low,2026-05-29 12:37:07,2026-05-30 15:37:07
T001041,C002021,O0008051,late_delivery,low,2025-05-12 07:35:09,
T001042,C002134,O0015639,late_delivery,urgent,2026-06-03 18:56:26,2026-06-04 22:56:26
T001043,C001712,O0009114,refund_request,low,2026-02-22 21:56:19,2026-02-25 10:56:19
T001044,C000581,O0018710,late_delivery,low,2026-09-16 03:11:19,2026-09-18 11:11:19
T001045,C000065,O0008977,product_query,medium,2025-07-10 10:31:14,
T001046,C001083,O0014369,wrong_item,high,2025-05-01 21:08:49,2025-05-04 16:08:49
T001047,C002555,O0002370,late_delivery,low,2026-05-14 12:13:34,2026-05-15 11:13:34
T001048,C002897,O0004459,payment_issue,high,2025-12-03 17:18:16,2025-12-06 17:18:16
T001049,C000429,O0007993,product_query,urgent,2026-06-27 12:51:30,2026-06-28 11:51:30
T001050,C002144,O0013594,product_query,high,2026-03-11 04:57:47,
T001051,C002907,O0019815,refund_request,urgent,2026-09-03 03:39:53,2026-09-03 22:39:53
T001052,C001281,O0007028,payment_issue,high,2026-02-11 00:14:32,
T001053,C001586,O0013675,refund_request,high,2025-06-17 02:40:55,2025-06-21 02:40:55
T001054,C002612,O0017873,product_query,urgent,2026-09-09 11:58:49,2026-09-12 23:58:49
T001055,C001595,O0017610,payment_issue,low,2025-05-22 10:33:07,2025-05-26 13:33:07
T001056,C002207,O0013800,refund_request,medium,2026-09-25 02:37:08,2026-09-25 07:37:08
T001057,C000833,O0012210,late_delivery,high,2025-10-19 08:32:35,2025-10-22 16:32:35
T001058,C002157,O0012423,damaged_item,medium,2025-05-28 20:34:17,2025-05-29 14:34:17
T001059,C000788,O0017347,payment_issue,urgent,2025-09-26 23:02:59,2025-10-01 00:02:59
T001060,C001810,O0016481,product_query,urgent,2025-12-20 09:42:16,2025-12-23 03:42:16
T001061,C000618,O0015779,product_query,medium,2025-09-20 10:07:42,2025-09-21 01:07:42
T001062,C000462,O0017868,refund_request,high,2026-05-17 03:41:52,2026-05-21 06:41:52
T001063,C000026,O0017362,refund_request,high,2026-07-22 21:33:37,2026-07-25 14:33:37
T001064,C002057,O0006631,refund_request,medium,2025-01-29 15:30:28,2025-01-31 14:30:28
T001065,C002272,O0015793,late_delivery,low,2025-06-23 18:27:55,2025-06-25 10:27:55
T001066,C001535,O0010051,damaged_item,high,2025-11-30 13:22:05,2025-12-02 00:22:05
T001067,C000681,O0002734,payment_issue,medium,2025-11-24 06:42:06,2025-11-27 16:42:06
T001068,C002188,O0019780,wrong_item,urgent,2025-11-26 03:58:01,2025-11-30 17:58:01
T001069,C002324,O0013482,product_query,medium,2025-07-02 01:15:45,2025-07-06 23:15:45
T001070,C001681,O0004070,wrong_item,medium,2025-12-24 02:15:22,2025-12-27 21:15:22
T001071,C002797,O0000987,wrong_item,low,2026-09-13 09:49:42,2026-09-15 09:49:42
T001072,C002345,O0018526,product_query,high,2026-01-09 10:31:46,2026-01-13 10:31:46
T001073,C000267,O0010040,damaged_item,urgent,2025-08-03 05:05:59,2025-08-04 17:05:59
T001074,C001627,O0017906,payment_issue,medium,2026-02-25 17:36:53,2026-02-26 19:36:53
T001075,C002429,O0002433,damaged_item,low,2025-04-22 22:34:42,2025-04-27 08:34:42
T001076,C000640,O0011105,product_query,high,2025-12-08 06:11:47,2025-12-12 18:11:47
T001077,C001751,O0008387,damaged_item,urgent,2025-09-25 06:21:54,2025-09-26 05:21:54
T001078,C000011,O0017493,damaged_item,medium,2026-03-03 14:23:07,2026-03-04 12:23:07
T001079,C002264,O0004009,late_delivery,urgent,2026-01-31 23:43:58,2026-02-05 21:43:58
T001080,C001648,O0005934,product_query,low,2025-12-23 17:07:43,2025-12-26 03:07:43
T001081,C000454,O0011500,wrong_item,medium,2025-07-28 06:29:42,2025-08-02 06:29:42
T001082,C000457,O0019688,refund_request,medium,2025-12-02 00:41:39,2025-12-02 23:41:39
T001083,C001055,O0009818,refund_request,medium,2025-10-22 10:22:25,2025-10-22 11:22:25
T001084,C001773,O0019117,wrong_item,medium,2026-07-26 06:37:43,2026-07-28 19:37:43
T001085,C001965,O0002048,payment_issue,urgent,2025-05-17 16:46:13,2025-05-21 14:46:13
T001086,C002203,O0018493,late_delivery,low,2025-06-03 00:21:51,
T001087,C000028,O0001575,refund_request,low,2026-07-03 07:01:57,2026-07-05 06:01:57
T001088,C001004,O0004685,product_query,medium,2025-04-04 20:05:39,2025-04-07 14:05:39
T001089,C002684,O0012446,late_delivery,medium,2025-07-23 22:36:43,2025-07-28 07:36:43
T001090,C000462,O0019314,product_query,medium,2025-03-20 23:35:46,2025-03-25 00:35:46
T001091,C000551,O0012548,refund_request,low,2025-09-12 11:45:18,2025-09-13 20:45:18
T001092,C000191,O0009194,late_delivery,medium,2025-04-20 05:10:24,2025-04-22 04:10:24
T001093,C002137,O0011832,product_query,low,2025-09-07 11:36:41,2025-09-09 12:36:41
T001094,C002620,O0000443,refund_request,low,2025-06-15 14:14:03,2025-06-17 19:14:03
T001095,C000423,O0011146,refund_request,high,2025-10-21 17:49:11,2025-10-25 01:49:11
T001096,C002458,O0019826,payment_issue,urgent,2025-06-26 12:57:14,2025-07-01 01:57:14
T001097,C002725,O0001699,refund_request,medium,2025-01-03 08:33:15,2025-01-06 00:33:15
T001098,C000948,O0018722,damaged_item,medium,2025-10-30 13:23:18,2025-11-02 23:23:18
T001099,C000159,O0005724,product_query,medium,2026-06-02 06:29:59,
T001100,C001500,O0016697,payment_issue,low,2025-02-22 21:20:07,2025-02-24 22:20:07
T001101,C002851,O0016442,payment_issue,high,2026-01-14 07:54:53,2026-01-17 06:54:53
T001102,C001333,O0007246,damaged_item,medium,2026-05-29 19:42:44,2026-05-30 06:42:44
T001103,C001829,O0007554,late_delivery,low,2026-05-24 01:48:53,2026-05-27 06:48:53
T001104,C000970,O0013618,wrong_item,urgent,2025-02-06 17:07:40,2025-02-07 23:07:40
T001105,C001891,O0009756,product_query,high,2026-01-02 08:52:31,2026-01-04 10:52:31
T001106,C000952,O0004935,damaged_item,medium,2025-06-01 23:14:25,2025-06-02 12:14:25
T001107,C000685,O0007394,late_delivery,medium,2026-07-24 00:26:53,2026-07-27 18:26:53
T001108,C001948,O0013674,product_query,low,2026-01-20 22:31:31,2026-01-24 19:31:31
T001109,C001645,O0001297,product_query,medium,2025-06-23 09:12:41,2025-06-23 14:12:41
T001110,C001890,O0001332,wrong_item,high,2025-08-01 13:42:11,2025-08-05 11:42:11
T001111,C001007,O0016797,refund_request,medium,2025-01-13 05:44:51,2025-01-15 02:44:51
T001112,C002260,O0009113,wrong_item,low,2025-09-04 22:51:20,2025-09-06 13:51:20
T001113,C000950,O0014413,damaged_item,medium,2025-01-05 10:04:14,2025-01-09 06:04:14
T001114,C002644,O0011902,damaged_item,urgent,2025-02-12 17:53:26,2025-02-17 02:53:26
T001115,C001154,O0008240,late_delivery,low,2026-04-27 21:14:18,2026-04-30 11:14:18
T001116,C001814,O0003166,refund_request,high,2026-06-11 13:58:44,2026-06-14 10:58:44
T001117,C000435,O0015228,refund_request,medium,2026-03-11 03:17:39,2026-03-11 10:17:39
T001118,C002195,O0016314,wrong_item,urgent,2025-09-05 18:25:33,2025-09-10 12:25:33
T001119,C001974,O0007183,late_delivery,medium,2026-09-24 09:17:27,2026-09-27 20:17:27
T001120,C000117,O0019972,product_query,low,2025-01-03 11:06:16,2025-01-06 19:06:16
T001121,C000559,O0009500,late_delivery,medium,2026-06-09 21:03:34,2026-06-11 00:03:34
T001122,C000180,O0007077,product_query,high,2026-04-14 06:51:55,2026-04-16 07:51:55
T001123,C001218,O0006279,payment_issue,medium,2025-02-28 06:21:28,
T001124,C002620,O0000788,product_query,low,2026-04-08 22:50:40,2026-04-13 09:50:40
T001125,C001644,O0005992,product_query,low,2026-06-12 22:28:29,2026-06-13 03:28:29
T001126,C000790,O0016523,payment_issue,low,2025-11-26 20:38:17,
T001127,C001805,O0008562,payment_issue,medium,2025-05-04 13:28:57,2025-05-05 14:28:57
T001128,C000198,O0007800,payment_issue,medium,2025-02-27 11:11:07,2025-03-02 13:11:07
T001129,C001539,O0010807,wrong_item,high,2026-04-24 17:37:44,2026-04-29 08:37:44
T001130,C001978,O0017351,refund_request,medium,2025-12-30 13:29:24,2026-01-03 17:29:24
T001131,C001428,O0011346,wrong_item,low,2025-12-13 01:13:46,2025-12-15 12:13:46
T001132,C000263,O0000233,product_query,urgent,2026-05-11 14:07:25,
T001133,C001343,O0001019,damaged_item,high,2026-09-09 03:55:21,2026-09-13 21:55:21
T001134,C001279,O0016080,damaged_item,medium,2026-07-09 20:22:36,2026-07-13 00:22:36
T001135,C002384,O0001005,product_query,low,2025-11-17 12:48:22,2025-11-21 23:48:22
T001136,C001886,O0018994,product_query,medium,2025-12-13 17:03:22,2025-12-17 15:03:22
T001137,C002497,O0018881,payment_issue,urgent,2025-03-21 04:05:21,2025-03-24 18:05:21
T001138,C002655,O0018758,wrong_item,medium,2025-01-02 17:44:46,2025-01-06 03:44:46
T001139,C002621,O0002453,payment_issue,high,2026-02-20 17:17:14,
T001140,C002741,O0013180,refund_request,medium,2025-10-16 11:43:43,2025-10-21 01:43:43
T001141,C000509,O0002726,refund_request,urgent,2025-01-15 05:28:58,
T001142,C001890,O0001953,damaged_item,urgent,2025-09-10 02:07:42,2025-09-10 09:07:42
T001143,C002435,O0006400,product_query,urgent,2026-08-29 07:48:01,2026-09-02 05:48:01
T001144,C000656,O0012819,wrong_item,urgent,2026-04-27 18:40:48,2026-04-29 22:40:48
T001145,C002374,O0009284,payment_issue,medium,2025-07-28 22:12:40,2025-07-31 18:12:40
T001146,C000558,O0000097,payment_issue,urgent,2026-08-24 21:05:32,2026-08-25 05:05:32
T001147,C000288,O0018133,damaged_item,urgent,2025-10-07 14:32:14,2025-10-12 04:32:14
T001148,C000246,O0013074,payment_issue,high,2025-12-26 16:42:15,2025-12-29 04:42:15
T001149,C002237,O0010887,wrong_item,medium,2025-08-18 01:57:59,
T001150,C002441,O0018052,payment_issue,urgent,2025-04-07 16:21:00,
T001151,C000201,O0002749,damaged_item,high,2025-06-10 09:21:52,2025-06-12 00:21:52
T001152,C002827,O0008143,late_delivery,low,2025-08-22 20:20:33,2025-08-23 08:20:33
T001153,C000230,O0014530,wrong_item,urgent,2026-06-08 23:52:09,2026-06-12 22:52:09
T001154,C000840,O0007442,late_delivery,low,2026-07-26 12:24:49,2026-07-27 11:24:49
T001155,C000734,O0002087,late_delivery,high,2025-10-13 22:50:22,2025-10-14 22:50:22
T001156,C000032,O0009982,wrong_item,low,2025-08-04 10:55:47,2025-08-09 06:55:47
T001157,C000312,O0019462,payment_issue,low,2025-04-07 11:30:34,2025-04-12 03:30:34
T001158,C001284,O0010495,payment_issue,low,2026-08-26 06:44:51,
T001159,C002980,O0019604,damaged_item,medium,2026-06-16 21:56:55,2026-06-18 08:56:55
T001160,C002367,O0012617,payment_issue,low,2025-06-22 13:44:44,2025-06-24 04:44:44
T001161,C002477,O0005751,wrong_item,low,2026-05-10 15:23:42,2026-05-13 09:23:42
T001162,C001976,O0003695,payment_issue,low,2026-04-02 19:13:11,
T001163,C001677,O0006609,damaged_item,medium,2025-07-12 17:13:48,2025-07-16 15:13:48
T001164,C002510,O0003954,product_query,urgent,2026-06-25 00:04:40,
T001165,C000537,O0017263,payment_issue,medium,2026-04-01 03:47:00,2026-04-05 01:47:00
T001166,C002445,O0012016,refund_request,high,2025-07-25 11:18:35,2025-07-27 21:18:35
T001167,C001985,O0004830,damaged_item,medium,2026-09-03 08:51:11,
T001168,C002674,O0003626,product_query,medium,2025-03-21 09:05:48,2025-03-25 06:05:48
T001169,C001689,O0015141,late_delivery,low,2025-08-20 02:34:34,2025-08-22 13:34:34
T001170,C000706,O0015012,damaged_item,high,2026-06-11 18:58:26,2026-06-12 19:58:26
T001171,C002058,O0019638,product_query,urgent,2025-02-15 17:39:41,
T001172,C001796,O0005623,payment_issue,low,2026-02-02 01:51:22,2026-02-02 04:51:22
T001173,C001165,O0017646,product_query,low,2025-11-19 23:20:28,2025-11-22 23:20:28
T001174,C000988,O0005747,refund_request,low,2025-02-16 17:09:08,
T001175,C001727,O0010433,late_delivery,urgent,2026-08-21 16:13:18,2026-08-24 07:13:18
T001176,C000714,O0006646,wrong_item,low,2025-12-11 02:19:15,2025-12-15 03:19:15
T001177,C000970,O0001381,late_delivery,low,2025-12-08 15:23:41,2025-12-10 19:23:41
T001178,C000329,O0000843,payment_issue,medium,2026-08-23 22:42:09,2026-08-27 07:42:09
T001179,C002077,O0008835,wrong_item,medium,2025-04-14 20:21:30,
T001180,C002971,O0007187,payment_issue,high,2025-04-18 06:20:50,2025-04-18 21:20:50
T001181,C002762,O0000091,late_delivery,high,2025-05-04 00:25:27,2025-05-08 01:25:27
T001182,C002813,O0014153,refund_request,medium,2026-07-19 12:16:18,2026-07-22 17:16:18
T001183,C000133,O0001875,damaged_item,high,2025-07-20 22:15:59,2025-07-22 21:15:59
T001184,C001565,O0006770,wrong_item,urgent,2025-09-03 05:08:57,2025-09-07 08:08:57
T001185,C002032,O0009728,product_query,low,2026-06-08 06:27:27,2026-06-11 19:27:27
T001186,C001868,O0015319,refund_request,urgent,2025-10-09 11:34:32,2025-10-10 00:34:32
T001187,C002010,O0010264,late_delivery,high,2026-08-09 05:36:45,2026-08-10 23:36:45
T001188,C000028,O0016274,late_delivery,low,2026-07-19 01:17:05,2026-07-23 11:17:05
T001189,C001136,O0002565,product_query,medium,2026-04-29 20:50:46,2026-04-30 06:50:46
T001190,C000746,O0012884,refund_request,medium,2025-08-27 05:09:32,2025-08-29 04:09:32
T001191,C000244,O0004558,payment_issue,urgent,2025-11-20 23:19:06,2025-11-23 13:19:06
T001192,C002403,O0013051,product_query,low,2026-04-29 21:58:49,2026-05-03 18:58:49
T001193,C000504,O0008943,payment_issue,medium,2025-07-26 19:07:12,2025-07-27 23:07:12
T001194,C000281,O0009737,payment_issue,low,2025-12-14 03:45:32,2025-12-18 01:45:32
T001195,C001750,O0012163,product_query,medium,2026-08-06 11:54:20,2026-08-07 21:54:20
T001196,C000128,O0019680,payment_issue,medium,2025-10-15 18:23:31,2025-10-19 09:23:31
T001197,C002078,O0010385,product_query,high,2026-02-24 05:00:36,2026-02-27 16:00:36
T001198,C000530,O0007036,refund_request,low,2026-04-20 19:22:33,2026-04-21 14:22:33
T001199,C000994,O0005434,late_delivery,low,2025-06-12 01:20:53,2025-06-13 22:20:53
T001200,C001174,O0009807,product_query,medium,2025-05-10 02:33:38,2025-05-12 05:33:38
T001201,C002595,O0008118,payment_issue,low,2025-06-29 06:23:15,2025-07-02 03:23:15
T001202,C001876,O0013510,wrong_item,medium,2026-07-02 11:50:07,
T001203,C000470,O0019145,late_delivery,medium,2025-07-17 09:52:11,2025-07-21 10:52:11
T001204,C002705,O0005527,payment_issue,urgent,2026-07-20 09:18:54,2026-07-22 14:18:54
T001205,C001961,O0016921,wrong_item,high,2026-05-03 18:48:26,
T001206,C002363,O0009204,product_query,high,2026-07-22 00:20:50,2026-07-24 18:20:50
T001207,C001698,O0001814,damaged_item,low,2026-04-05 21:06:09,2026-04-08 08:06:09
T001208,C001096,O0019972,payment_issue,low,2026-06-08 21:53:19,2026-06-12 12:53:19
T001209,C002455,O0004925,wrong_item,high,2025-12-03 05:46:42,2025-12-07 21:46:42
T001210,C002567,O0005486,refund_request,medium,2026-01-30 11:26:20,2026-02-02 06:26:20
T001211,C000185,O0003522,wrong_item,low,2026-04-21 20:33:42,2026-04-26 03:33:42
T001212,C001903,O0017105,refund_request,urgent,2026-08-12 16:45:21,2026-08-16 18:45:21
T001213,C002164,O0004751,payment_issue,urgent,2026-03-05 15:05:10,2026-03-07 00:05:10
T001214,C002065,O0018465,damaged_item,low,2025-11-13 20:37:05,2025-11-18 04:37:05
T001215,C002430,O0007050,product_query,urgent,2025-07-19 08:29:01,2025-07-20 14:29:01
T001216,C000224,O0019364,product_query,high,2026-09-17 15:43:59,2026-09-21 01:43:59
T001217,C000562,O0003554,wrong_item,medium,2026-05-28 09:08:43,2026-05-31 23:08:43
T001218,C002680,O0008217,late_delivery,low,2026-08-10 12:23:50,2026-08-14 15:23:50
T001219,C002120,O0014682,product_query,low,2025-01-17 08:50:01,2025-01-21 16:50:01
T001220,C001711,O0002142,payment_issue,high,2026-06-06 10:29:27,2026-06-08 10:29:27
T001221,C002654,O0016353,payment_issue,medium,2025-08-31 05:00:55,2025-08-31 17:00:55
T001222,C000048,O0002929,late_delivery,low,2025-09-10 19:42:45,2025-09-12 21:42:45
T001223,C001326,O0008929,damaged_item,high,2026-03-05 01:43:01,2026-03-06 01:43:01
T001224,C000462,O0002172,damaged_item,high,2025-12-10 13:13:28,2025-12-12 13:13:28
T001225,C002571,O0017242,product_query,medium,2025-02-26 05:09:58,2025-02-27 22:09:58
T001226,C000940,O0005844,refund_request,high,2025-11-22 13:43:33,2025-11-24 21:43:33
T001227,C001630,O0011068,late_delivery,high,2026-01-20 07:20:25,2026-01-22 06:20:25
T001228,C002174,O0014967,payment_issue,medium,2025-07-01 07:18:36,2025-07-04 22:18:36
T001229,C000076,O0019609,late_delivery,low,2025-02-12 22:20:59,
T001230,C001781,O0005437,payment_issue,urgent,2026-04-08 09:58:31,2026-04-09 19:58:31
T001231,C000574,O0011700,product_query,low,2025-03-07 11:15:31,2025-03-10 10:15:31
T001232,C002230,O0003153,product_query,urgent,2025-03-02 08:09:56,
T001233,C000815,O0016279,product_query,low,2026-07-11 15:50:53,2026-07-12 02:50:53
T001234,C001214,O0001586,payment_issue,medium,2026-02-06 04:47:36,2026-02-09 06:47:36
T001235,C002462,O0019726,damaged_item,urgent,2025-08-02 06:05:32,2025-08-04 20:05:32
T001236,C000050,O0001579,late_delivery,urgent,2026-07-16 14:51:49,2026-07-18 19:51:49
T001237,C001480,O0005284,late_delivery,medium,2026-06-29 17:05:23,2026-07-04 12:05:23
T001238,C000233,O0010561,late_delivery,urgent,2025-08-19 07:52:42,2025-08-20 13:52:42
T001239,C000019,O0005946,wrong_item,high,2025-07-05 00:33:05,2025-07-05 01:33:05
T001240,C000988,O0000520,wrong_item,urgent,2026-03-07 04:25:58,2026-03-08 10:25:58
T001241,C001357,O0019615,payment_issue,low,2025-08-28 04:17:05,2025-08-30 03:17:05
T001242,C002857,O0010472,payment_issue,urgent,2025-02-13 19:47:42,
T001243,C000499,O0004925,damaged_item,medium,2026-08-03 01:21:14,2026-08-05 15:21:14
T001244,C000445,O0009307,product_query,medium,2026-03-17 23:34:49,2026-03-19 19:34:49
T001245,C001885,O0015890,damaged_item,high,2026-02-11 12:38:25,2026-02-14 21:38:25
T001246,C001969,O0005737,product_query,low,2026-08-28 17:20:02,2026-08-29 23:20:02
T001247,C000341,O0008696,wrong_item,medium,2025-04-16 00:47:47,2025-04-19 17:47:47
T001248,C002946,O0002829,refund_request,high,2025-02-13 09:02:37,2025-02-13 23:02:37
T001249,C001727,O0008198,payment_issue,urgent,2025-01-11 04:35:01,2025-01-11 11:35:01
T001250,C002695,O0003570,late_delivery,urgent,2026-08-06 04:43:24,2026-08-06 19:43:24
T001251,C001905,O0007846,late_delivery,urgent,2026-08-31 06:59:35,2026-09-01 16:59:35
T001252,C000546,O0013019,payment_issue,high,2026-05-09 14:41:34,2026-05-13 07:41:34
T001253,C001690,O0010737,product_query,medium,2025-12-08 10:38:55,2025-12-13 00:38:55
T001254,C000043,O0009435,payment_issue,low,2025-07-27 22:02:04,2025-07-30 01:02:04
T001255,C000741,O0005649,wrong_item,high,2025-05-29 00:25:33,2025-05-31 16:25:33
T001256,C002287,O0005775,product_query,high,2025-09-24 06:54:00,2025-09-28 02:54:00
T001257,C000323,O0018374,payment_issue,low,2025-07-09 05:04:22,2025-07-13 01:04:22
T001258,C002507,O0015878,late_delivery,high,2026-08-02 09:42:18,2026-08-06 23:42:18
T001259,C002508,O0015298,product_query,low,2025-09-27 00:15:08,2025-09-29 22:15:08
T001260,C002277,O0014027,damaged_item,high,2026-04-11 07:11:05,2026-04-11 20:11:05
T001261,C002596,O0016111,damaged_item,high,2025-06-03 13:22:10,2025-06-04 01:22:10
T001262,C001522,O0011455,product_query,medium,2025-02-25 21:54:25,2025-02-27 10:54:25
T001263,C002742,O0005302,late_delivery,high,2026-01-31 10:49:05,2026-02-03 00:49:05
T001264,C002947,O0019712,refund_request,urgent,2025-06-21 22:15:39,2025-06-22 20:15:39
T001265,C000958,O0002921,wrong_item,medium,2025-06-08 23:54:42,2025-06-12 19:54:42
T001266,C002445,O0019737,payment_issue,high,2025-03-04 11:04:17,2025-03-08 20:04:17
T001267,C001860,O0007232,wrong_item,high,2025-09-12 17:44:36,
T001268,C000347,O0010045,product_query,medium,2026-06-11 06:26:45,2026-06-15 16:26:45
T001269,C002792,O0014536,late_delivery,low,2025-07-06 09:15:43,2025-07-06 19:15:43
T001270,C002101,O0017148,late_delivery,urgent,2026-03-08 20:31:51,2026-03-11 06:31:51
T001271,C000333,O0008486,damaged_item,low,2025-01-20 17:35:09,
T001272,C001961,O0018807,product_query,low,2025-09-01 03:19:41,2025-09-03 04:19:41
T001273,C002398,O0015467,damaged_item,medium,2025-01-14 00:21:31,2025-01-15 07:21:31
T001274,C001277,O0011008,damaged_item,low,2026-01-09 04:49:19,2026-01-12 15:49:19
T001275,C002951,O0003964,refund_request,low,2025-12-01 11:59:08,2025-12-03 23:59:08
T001276,C001050,O0014584,wrong_item,urgent,2025-07-27 19:23:19,2025-07-29 22:23:19
T001277,C001149,O0002621,damaged_item,high,2025-05-10 00:23:14,2025-05-14 12:23:14
T001278,C001502,O0009255,payment_issue,high,2026-01-04 13:37:13,2026-01-05 14:37:13
T001279,C000047,O0007676,wrong_item,urgent,2025-12-19 11:49:16,2025-12-23 03:49:16
T001280,C002493,O0003859,wrong_item,medium,2026-08-30 23:55:57,2026-09-03 23:55:57
T001281,C001298,O0006495,late_delivery,urgent,2026-07-23 01:05:36,2026-07-23 05:05:36
T001282,C002889,O0006983,product_query,medium,2025-10-30 08:55:22,2025-10-30 09:55:22
T001283,C001471,O0003567,damaged_item,medium,2025-10-30 15:10:08,2025-11-01 23:10:08
T001284,C002449,O0006627,product_query,low,2026-01-12 11:22:18,2026-01-15 20:22:18
T001285,C001961,O0008707,wrong_item,low,2025-07-05 02:05:06,2025-07-05 17:05:06
T001286,C002086,O0001617,damaged_item,medium,2026-07-25 10:21:19,2026-07-25 19:21:19
T001287,C002982,O0008611,payment_issue,urgent,2025-01-03 23:38:40,
T001288,C000316,O0006551,wrong_item,low,2025-05-15 12:06:45,2025-05-16 19:06:45
T001289,C002221,O0017985,refund_request,medium,2026-08-09 01:02:44,2026-08-12 06:02:44
T001290,C000243,O0004970,wrong_item,high,2025-09-15 19:42:50,2025-09-17 02:42:50
T001291,C001879,O0000898,product_query,low,2025-07-20 05:18:21,2025-07-22 02:18:21
T001292,C000488,O0019776,damaged_item,high,2025-12-17 05:13:28,2025-12-20 16:13:28
T001293,C000370,O0017936,damaged_item,urgent,2025-02-09 22:15:50,
T001294,C001531,O0009618,payment_issue,medium,2025-04-12 02:21:52,2025-04-14 11:21:52
T001295,C001750,O0018489,late_delivery,high,2026-04-16 21:10:34,2026-04-21 04:10:34
T001296,C001829,O0017159,wrong_item,medium,2026-09-25 17:32:05,2026-09-26 23:32:05
T001297,C000827,O0003006,wrong_item,low,2025-02-27 18:06:13,2025-03-03 07:06:13
T001298,C001787,O0002171,damaged_item,urgent,2026-09-03 00:23:52,
T001299,C001917,O0007327,damaged_item,low,2026-08-29 11:34:58,2026-09-01 18:34:58
T001300,C002733,O0010781,wrong_item,high,2026-01-28 02:04:06,2026-01-31 21:04:06
T001301,C001657,O0008058,refund_request,low,2025-07-05 00:10:48,2025-07-08 07:10:48
T001302,C000089,O0002653,refund_request,high,2025-12-01 11:21:42,2025-12-04 03:21:42
T001303,C001765,O0018636,payment_issue,urgent,2026-06-29 00:33:00,2026-07-02 14:33:00
T001304,C002829,O0014483,payment_issue,urgent,2025-09-06 07:38:26,2025-09-09 04:38:26
T001305,C000366,O0012621,refund_request,medium,2025-11-14 20:43:48,2025-11-17 00:43:48
T001306,C000966,O0001396,refund_request,low,2026-07-19 09:39:01,2026-07-20 09:39:01
T001307,C001167,O0007668,refund_request,low,2026-01-27 20:15:58,2026-01-30 18:15:58
T001308,C002669,O0010214,product_query,low,2025-05-05 19:26:00,2025-05-10 09:26:00
T001309,C002550,O0000105,refund_request,urgent,2025-05-03 15:36:42,2025-05-07 23:36:42
T001310,C000014,O0016363,wrong_item,urgent,2025-08-01 22:05:34,2025-08-03 20:05:34
T001311,C001921,O0005683,payment_issue,low,2026-05-10 17:54:48,2026-05-15 01:54:48
T001312,C001758,O0010651,damaged_item,high,2025-10-24 00:21:27,2025-10-28 15:21:27
T001313,C000305,O0019710,wrong_item,high,2025-06-21 05:55:09,2025-06-25 22:55:09
T001314,C002790,O0014360,product_query,high,2026-07-16 07:09:38,2026-07-17 07:09:38
T001315,C000690,O0007070,damaged_item,high,2025-05-12 04:47:41,
T001316,C002503,O0004854,refund_request,low,2026-09-14 22:47:55,2026-09-15 19:47:55
T001317,C001722,O0001738,product_query,low,2025-11-02 12:56:24,2025-11-02 21:56:24
T001318,C000805,O0001056,damaged_item,medium,2026-09-11 17:31:06,2026-09-12 04:31:06
T001319,C001154,O0000042,refund_request,urgent,2025-05-20 00:34:16,2025-05-20 17:34:16
T001320,C001901,O0018343,wrong_item,urgent,2025-02-25 22:21:25,2025-03-02 05:21:25
T001321,C001109,O0012683,wrong_item,low,2025-12-19 14:13:53,2025-12-20 04:13:53
T001322,C002161,O0004383,damaged_item,high,2025-05-12 19:11:43,2025-05-16 12:11:43
T001323,C002875,O0006034,product_query,high,2025-03-30 19:22:36,2025-04-02 16:22:36
T001324,C001545,O0003029,damaged_item,low,2025-11-17 06:06:40,2025-11-19 21:06:40
T001325,C000414,O0019002,refund_request,low,2026-02-21 02:52:04,2026-02-22 20:52:04
T001326,C001698,O0001011,late_delivery,low,2025-07-23 05:44:08,2025-07-24 14:44:08
T001327,C001354,O0007649,payment_issue,high,2025-04-15 21:10:36,2025-04-19 04:10:36
T001328,C002727,O0008946,late_delivery,high,2025-01-24 17:30:53,2025-01-28 01:30:53
T001329,C000324,O0003817,damaged_item,high,2026-03-16 02:38:01,2026-03-17 13:38:01
T001330,C001909,O0000455,product_query,low,2025-03-13 05:20:52,2025-03-16 13:20:52
T001331,C001700,O0014458,refund_request,medium,2026-06-26 08:42:39,2026-07-01 04:42:39
T001332,C001683,O0010087,product_query,urgent,2026-03-26 01:19:22,2026-03-30 09:19:22
T001333,C000237,O0003422,payment_issue,urgent,2025-09-18 02:03:20,
T001334,C002057,O0018396,damaged_item,medium,2025-07-29 02:27:47,2025-08-02 08:27:47
T001335,C001272,O0007636,late_delivery,low,2025-11-14 05:25:06,2025-11-17 15:25:06
T001336,C002743,O0016125,payment_issue,high,2025-09-21 21:09:36,
T001337,C000493,O0007250,late_delivery,high,2025-04-05 23:49:14,2025-04-06 15:49:14
T001338,C000699,O0006861,damaged_item,urgent,2025-07-01 23:24:29,
T001339,C002536,O0011304,payment_issue,urgent,2025-02-10 08:00:38,2025-02-12 14:00:38
T001340,C000105,O0017969,late_delivery,high,2025-01-08 16:58:28,2025-01-10 00:58:28
T001341,C000421,O0014292,damaged_item,high,2025-06-09 15:39:28,2025-06-12 18:39:28
T001342,C002991,O0000720,late_delivery,high,2025-06-11 18:14:49,2025-06-14 01:14:49
T001343,C001313,O0001473,wrong_item,medium,2026-06-30 21:34:39,2026-07-02 01:34:39
T001344,C000881,O0014840,wrong_item,high,2025-06-15 14:11:51,2025-06-20 09:11:51
T001345,C000848,O0013768,wrong_item,urgent,2026-08-29 00:46:31,
T001346,C000107,O0004590,product_query,low,2026-01-10 01:42:03,
T001347,C002902,O0017697,late_delivery,urgent,2025-08-17 17:19:06,2025-08-20 02:19:06
T001348,C001618,O0008538,refund_request,low,2025-05-20 00:20:43,2025-05-21 05:20:43
T001349,C002455,O0004491,payment_issue,low,2025-12-24 05:11:53,2025-12-28 23:11:53
T001350,C002595,O0006457,late_delivery,high,2026-08-02 14:15:34,2026-08-04 11:15:34
T001351,C000032,O0015229,late_delivery,high,2026-09-02 10:27:22,2026-09-06 07:27:22
T001352,C001087,O0000039,product_query,medium,2026-07-07 12:27:57,2026-07-09 08:27:57
T001353,C002076,O0009486,product_query,urgent,2025-05-04 15:50:08,2025-05-06 02:50:08
T001354,C000089,O0019843,payment_issue,medium,2025-01-17 14:50:55,2025-01-19 15:50:55
T001355,C001311,O0010035,damaged_item,urgent,2026-06-28 14:18:15,2026-06-28 19:18:15
T001356,C002913,O0013011,refund_request,high,2025-12-28 05:51:04,
T001357,C000352,O0018884,wrong_item,low,2026-08-16 10:12:42,2026-08-17 04:12:42
T001358,C001016,O0019370,refund_request,urgent,2026-07-01 23:57:12,
T001359,C002140,O0019306,damaged_item,high,2026-05-11 15:51:07,2026-05-13 08:51:07
T001360,C000750,O0008624,product_query,low,2025-03-14 22:14:08,2025-03-16 20:14:08
T001361,C000883,O0002421,damaged_item,low,2025-12-31 18:31:16,2026-01-04 09:31:16
T001362,C000593,O0002257,damaged_item,urgent,2026-07-18 14:19:37,2026-07-23 06:19:37
T001363,C002957,O0009019,damaged_item,high,2025-06-03 02:06:02,
T001364,C001835,O0002534,damaged_item,medium,2025-05-15 01:28:32,2025-05-18 04:28:32
T001365,C001409,O0005409,damaged_item,medium,2026-08-26 07:56:50,2026-08-26 20:56:50
T001366,C001220,O0002237,product_query,urgent,2025-03-25 01:40:51,2025-03-25 18:40:51
T001367,C001579,O0017191,product_query,high,2026-07-19 17:29:45,2026-07-20 04:29:45
T001368,C001051,O0017885,damaged_item,medium,2025-02-08 10:13:58,2025-02-11 03:13:58
T001369,C001213,O0018296,product_query,low,2026-09-05 17:13:51,2026-09-06 11:13:51
T001370,C002123,O0013923,refund_request,medium,2026-04-04 16:20:26,2026-04-05 19:20:26
T001371,C002109,O0016312,wrong_item,medium,2026-08-06 14:02:53,2026-08-07 23:02:53
T001372,C002548,O0000354,refund_request,medium,2025-12-09 15:38:52,2025-12-09 23:38:52
T001373,C001417,O0019970,wrong_item,high,2026-01-21 19:31:44,2026-01-23 00:31:44
T001374,C001984,O0016386,product_query,low,2025-02-10 21:22:29,
T001375,C002509,O0000798,payment_issue,high,2025-07-13 10:01:03,2025-07-15 11:01:03
T001376,C001691,O0018548,payment_issue,high,2026-02-13 04:32:18,2026-02-16 07:32:18
T001377,C002400,O0016831,product_query,medium,2026-05-27 18:37:54,2026-05-27 23:37:54
T001378,C000612,O0016094,late_delivery,medium,2025-02-19 23:50:32,
T001379,C000231,O0010423,product_query,low,2025-01-24 02:09:26,2025-01-24 17:09:26
T001380,C000483,O0001422,product_query,urgent,2026-01-15 03:55:53,2026-01-16 17:55:53
T001381,C002811,O0002280,product_query,low,2026-02-17 04:06:18,2026-02-22 01:06:18
T001382,C000848,O0010470,late_delivery,high,2026-01-12 17:08:12,2026-01-15 19:08:12
T001383,C000260,O0015264,refund_request,low,2026-06-28 17:09:21,2026-07-01 05:09:21
T001384,C002854,O0000071,late_delivery,urgent,2026-08-07 13:33:02,2026-08-09 00:33:02
T001385,C001219,O0002707,product_query,low,2026-08-03 11:35:02,2026-08-03 21:35:02
T001386,C002015,O0001676,product_query,high,2026-09-03 09:37:00,2026-09-03 16:37:00
T001387,C001749,O0004179,late_delivery,low,2025-04-07 05:04:10,2025-04-08 20:04:10
T001388,C000419,O0014634,payment_issue,high,2026-05-10 01:02:31,2026-05-12 02:02:31
T001389,C000494,O0008459,payment_issue,low,2025-06-28 18:19:13,2025-06-29 11:19:13
T001390,C002510,O0005708,damaged_item,medium,2025-11-25 11:57:32,2025-11-28 13:57:32
T001391,C000326,O0002313,damaged_item,high,2025-03-05 20:29:40,2025-03-06 13:29:40
T001392,C000023,O0013268,damaged_item,medium,2026-01-09 13:07:55,2026-01-12 08:07:55
T001393,C001646,O0019580,wrong_item,urgent,2025-04-23 19:51:23,2025-04-28 01:51:23
T001394,C002886,O0011014,late_delivery,urgent,2025-01-04 02:34:54,2025-01-05 12:34:54
T001395,C001684,O0004644,late_delivery,high,2025-01-02 08:43:10,2025-01-05 09:43:10
T001396,C002681,O0014710,product_query,low,2025-09-15 22:56:17,2025-09-19 02:56:17
T001397,C002894,O0004912,late_delivery,low,2025-12-08 14:25:06,
T001398,C000779,O0018380,wrong_item,low,2026-07-20 17:33:36,2026-07-22 12:33:36
T001399,C001276,O0010496,payment_issue,low,2025-01-15 19:43:45,2025-01-19 19:43:45
T001400,C000915,O0007907,payment_issue,high,2025-04-21 07:26:57,2025-04-22 21:26:57
T001401,C002761,O0015844,refund_request,urgent,2025-12-07 11:50:24,2025-12-10 16:50:24
T001402,C001625,O0019545,product_query,low,2025-08-07 08:16:24,
T001403,C000299,O0008599,product_query,high,2026-03-19 01:31:12,2026-03-23 08:31:12
T001404,C001712,O0016725,damaged_item,high,2026-01-03 16:17:51,2026-01-07 20:17:51
T001405,C001172,O0010797,refund_request,medium,2025-10-10 01:06:57,2025-10-14 13:06:57
T001406,C002877,O0013494,late_delivery,medium,2025-09-19 08:29:59,2025-09-21 23:29:59
T001407,C001898,O0002203,damaged_item,low,2025-07-03 16:05:00,2025-07-08 00:05:00
T001408,C002693,O0001990,payment_issue,urgent,2025-09-23 14:24:23,2025-09-26 12:24:23
T001409,C002415,O0004237,wrong_item,medium,2025-04-08 09:55:25,2025-04-09 09:55:25
T001410,C000994,O0000082,late_delivery,high,2025-10-07 00:13:10,2025-10-09 20:13:10
T001411,C002336,O0004376,damaged_item,urgent,2025-03-29 21:56:51,2025-03-31 00:56:51
T001412,C001886,O0001981,damaged_item,low,2026-04-06 02:07:41,2026-04-09 10:07:41
T001413,C001854,O0011157,refund_request,medium,2025-11-23 19:50:25,2025-11-27 09:50:25
T001414,C002299,O0016817,payment_issue,medium,2026-02-05 01:43:28,2026-02-07 07:43:28
T001415,C001587,O0015301,product_query,high,2025-04-12 06:27:51,2025-04-13 02:27:51
T001416,C000414,O0013371,refund_request,low,2026-08-29 08:30:34,
T001417,C000599,O0011569,refund_request,urgent,2025-11-28 08:43:46,2025-11-29 14:43:46
T001418,C001248,O0007800,product_query,high,2026-01-25 03:03:32,2026-01-29 14:03:32
T001419,C000560,O0003809,payment_issue,urgent,2025-12-01 22:33:07,2025-12-03 19:33:07
T001420,C001037,O0019823,refund_request,urgent,2026-05-05 09:36:23,
T001421,C001119,O0014614,wrong_item,low,2025-07-19 11:25:02,2025-07-23 13:25:02
T001422,C000480,O0005167,product_query,medium,2025-05-24 17:40:25,2025-05-27 21:40:25
T001423,C000757,O0009751,wrong_item,urgent,2026-01-30 03:12:55,2026-02-01 18:12:55
T001424,C002190,O0002140,late_delivery,medium,2026-03-23 02:20:33,2026-03-26 09:20:33
T001425,C000822,O0013907,product_query,low,2026-07-02 15:41:52,2026-07-04 00:41:52
T001426,C000021,O0014262,payment_issue,medium,2026-06-16 10:15:49,2026-06-19 15:15:49
T001427,C002440,O0015061,payment_issue,low,2026-04-29 21:44:20,
T001428,C002732,O0019231,damaged_item,low,2025-01-02 14:56:44,2025-01-02 16:56:44
T001429,C002573,O0004176,wrong_item,medium,2026-03-12 12:51:01,2026-03-14 18:51:01
T001430,C002485,O0006558,wrong_item,urgent,2026-03-03 23:56:23,2026-03-07 06:56:23
T001431,C002611,O0011536,product_query,low,2025-05-06 04:23:25,2025-05-08 01:23:25
T001432,C000520,O0003690,late_delivery,medium,2026-08-13 12:08:02,2026-08-18 03:08:02
T001433,C000363,O0006359,late_delivery,high,2026-05-31 19:39:06,
T001434,C001248,O0004243,damaged_item,high,2025-02-16 13:18:23,2025-02-20 04:18:23
T001435,C001540,O0017196,late_delivery,urgent,2025-08-11 11:19:50,2025-08-15 12:19:50
T001436,C001027,O0012284,payment_issue,high,2026-08-14 21:10:40,2026-08-16 22:10:40
T001437,C001243,O0015488,late_delivery,low,2025-07-03 18:38:56,2025-07-08 07:38:56
T001438,C002124,O0000150,refund_request,low,2025-06-11 10:03:55,2025-06-13 03:03:55
T001439,C000460,O0018765,payment_issue,medium,2025-07-24 20:25:11,2025-07-29 04:25:11
T001440,C001156,O0018311,wrong_item,low,2025-09-14 08:42:37,
T001441,C000375,O0004072,payment_issue,urgent,2025-06-11 14:38:44,2025-06-14 08:38:44
T001442,C000279,O0016752,late_delivery,medium,2025-05-11 09:00:53,2025-05-14 16:00:53
T001443,C001544,O0011790,product_query,medium,2026-07-08 06:25:00,
T001444,C000617,O0015995,refund_request,medium,2026-03-21 10:29:48,2026-03-23 21:29:48
T001445,C000901,O0011394,late_delivery,medium,2025-04-09 11:02:47,2025-04-14 06:02:47
T001446,C002586,O0016317,payment_issue,high,2026-07-15 04:54:19,2026-07-15 07:54:19
T001447,C001335,O0015054,refund_request,high,2025-02-21 10:59:59,2025-02-23 04:59:59
T001448,C000615,O0018759,wrong_item,low,2025-01-30 21:21:12,2025-02-04 01:21:12
T001449,C001917,O0009795,wrong_item,medium,2026-05-03 20:39:11,2026-05-04 04:39:11
T001450,C002963,O0004539,payment_issue,medium,2026-08-08 03:24:48,2026-08-09 18:24:48
T001451,C000224,O0015995,payment_issue,urgent,2026-01-21 11:18:41,2026-01-21 23:18:41
T001452,C000507,O0015689,damaged_item,high,2026-02-15 00:44:12,2026-02-17 20:44:12
T001453,C001843,O0015166,refund_request,urgent,2026-03-08 09:50:34,2026-03-11 14:50:34
T001454,C002318,O0018415,wrong_item,urgent,2026-02-17 11:15:03,2026-02-22 09:15:03
T001455,C000644,O0007803,product_query,high,2026-04-17 15:53:30,2026-04-18 00:53:30
T001456,C002104,O0001035,wrong_item,urgent,2025-06-07 12:55:25,2025-06-12 04:55:25
T001457,C001280,O0007663,wrong_item,high,2025-11-10 21:37:47,
T001458,C002934,O0016195,product_query,low,2026-03-17 21:18:31,2026-03-21 17:18:31
T001459,C000268,O0003565,late_delivery,urgent,2025-12-07 13:27:38,2025-12-10 14:27:38
T001460,C001842,O0019979,damaged_item,low,2026-09-02 02:00:19,
T001461,C001227,O0006998,damaged_item,high,2026-06-29 17:27:01,2026-06-30 14:27:01
T001462,C002547,O0019960,damaged_item,urgent,2026-01-05 23:57:40,2026-01-07 09:57:40
T001463,C000617,O0010831,damaged_item,medium,2026-08-23 18:22:09,
T001464,C002581,O0008854,payment_issue,medium,2026-08-27 01:39:54,2026-08-29 13:39:54
T001465,C001955,O0007404,damaged_item,low,2026-03-30 09:30:21,2026-03-31 00:30:21
T001466,C000767,O0002832,damaged_item,high,2026-09-04 23:24:39,2026-09-07 00:24:39
T001467,C000809,O0019103,refund_request,high,2025-03-04 13:01:32,2025-03-05 22:01:32
T001468,C001366,O0001954,refund_request,low,2025-02-17 11:14:11,2025-02-19 12:14:11
T001469,C002825,O0014908,product_query,medium,2025-03-11 12:38:16,2025-03-14 14:38:16
T001470,C000035,O0003098,product_query,high,2026-09-09 09:25:12,2026-09-09 11:25:12
T001471,C000782,O0008128,product_query,urgent,2025-08-03 10:18:02,2025-08-07 22:18:02
T001472,C002199,O0001527,payment_issue,medium,2025-10-11 21:39:49,2025-10-13 08:39:49
T001473,C002117,O0017533,payment_issue,high,2026-07-16 06:48:03,
T001474,C001675,O0018629,wrong_item,medium,2025-08-26 01:05:09,
T001475,C000177,O0005257,refund_request,urgent,2026-07-13 06:22:37,2026-07-17 17:22:37
T001476,C001288,O0019315,refund_request,medium,2025-10-25 03:02:50,2025-10-28 03:02:50
T001477,C000378,O0010188,refund_request,low,2026-05-30 05:01:42,
T001478,C000598,O0010281,damaged_item,low,2025-11-08 20:28:10,2025-11-12 13:28:10
T001479,C001309,O0019637,wrong_item,low,2025-06-09 20:27:40,
T001480,C002099,O0001045,wrong_item,low,2026-06-24 19:49:43,2026-06-28 19:49:43
T001481,C001149,O0018724,refund_request,urgent,2025-01-06 00:08:06,2025-01-07 01:08:06
T001482,C000726,O0000682,damaged_item,low,2025-07-01 10:30:19,2025-07-06 07:30:19
T001483,C001097,O0016368,refund_request,low,2026-01-04 02:16:06,2026-01-06 08:16:06
T001484,C000356,O0003258,wrong_item,low,2025-12-18 12:35:00,2025-12-20 11:35:00
T001485,C002416,O0017287,wrong_item,high,2025-02-05 15:19:33,2025-02-07 23:19:33
T001486,C002244,O0017919,wrong_item,low,2026-02-01 06:09:14,2026-02-04 22:09:14
T001487,C001248,O0006712,wrong_item,medium,2025-10-22 21:14:47,2025-10-23 06:14:47
T001488,C000106,O0000999,damaged_item,medium,2025-10-29 00:03:44,2025-11-02 14:03:44
T001489,C001227,O0015723,refund_request,urgent,2026-09-11 07:30:42,2026-09-14 07:30:42
T001490,C001600,O0018617,wrong_item,medium,2025-03-12 15:51:42,2025-03-15 01:51:42
T001491,C000059,O0016433,refund_request,high,2025-12-19 18:06:51,2025-12-21 20:06:51
T001492,C001582,O0015913,wrong_item,urgent,2025-12-20 02:22:53,2025-12-20 09:22:53
T001493,C002346,O0003318,product_query,urgent,2025-07-21 17:37:11,2025-07-24 20:37:11
T001494,C002720,O0000258,product_query,low,2026-05-04 04:13:51,2026-05-06 08:13:51
T001495,C001878,O0008794,damaged_item,low,2025-12-22 20:25:01,2025-12-23 13:25:01
T001496,C000671,O0007181,wrong_item,urgent,2026-09-22 14:03:09,2026-09-23 16:03:09
T001497,C000420,O0001539,late_delivery,high,2026-07-14 01:42:40,2026-07-18 17:42:40
T001498,C000657,O0002089,payment_issue,low,2025-08-24 22:30:37,2025-08-29 22:30:37
T001499,C001295,O0014676,product_query,urgent,2025-08-15 22:56:30,2025-08-19 01:56:30
T001500,C002056,O0006961,damaged_item,medium,2026-05-28 08:36:50,2026-06-01 13:36:50
T001501,C001678,O0002259,product_query,low,2025-03-29 10:15:24,2025-04-02 01:15:24
T001502,C002595,O0001744,product_query,high,2025-03-04 11:28:03,2025-03-04 23:28:03
T001503,C001457,O0012855,product_query,high,2025-09-16 06:08:57,2025-09-16 11:08:57
T001504,C000297,O0014587,refund_request,low,2025-01-04 09:04:52,
T001505,C002676,O0018379,refund_request,low,2025-05-07 04:35:49,2025-05-11 22:35:49
T001506,C001265,O0005376,refund_request,high,2025-03-29 17:08:29,2025-04-02 09:08:29
T001507,C001689,O0002756,late_delivery,urgent,2026-08-09 16:34:27,2026-08-14 14:34:27
T001508,C000268,O0004957,late_delivery,medium,2025-01-18 22:44:04,2025-01-19 19:44:04
T001509,C001174,O0016578,product_query,low,2026-03-28 10:55:54,2026-03-30 09:55:54
T001510,C000364,O0013683,product_query,medium,2026-09-02 07:59:53,2026-09-02 19:59:53
T001511,C001501,O0007555,wrong_item,low,2026-06-30 18:48:15,2026-07-01 03:48:15
T001512,C000042,O0017728,wrong_item,low,2025-04-03 01:31:48,2025-04-06 21:31:48
T001513,C000158,O0011613,damaged_item,medium,2026-04-15 21:19:33,2026-04-19 04:19:33
T001514,C000636,O0002811,damaged_item,high,2026-08-05 03:05:16,2026-08-06 17:05:16
T001515,C000580,O0007373,damaged_item,high,2025-09-15 09:11:59,2025-09-18 19:11:59
T001516,C001327,O0018385,product_query,low,2026-05-11 02:20:35,
T001517,C002755,O0009447,damaged_item,low,2025-08-20 11:30:26,2025-08-21 21:30:26
T001518,C001301,O0001579,wrong_item,medium,2025-04-02 08:31:40,
T001519,C002899,O0000299,late_delivery,high,2025-02-15 01:31:40,2025-02-16 18:31:40
T001520,C002020,O0017433,payment_issue,high,2026-04-21 19:25:12,2026-04-23 19:25:12
T001521,C000009,O0000808,wrong_item,low,2026-03-31 12:50:28,2026-04-02 03:50:28
T001522,C001482,O0007388,payment_issue,low,2025-10-19 15:49:15,2025-10-20 19:49:15
T001523,C001144,O0016962,damaged_item,urgent,2025-06-15 12:08:22,2025-06-17 20:08:22
T001524,C001539,O0012175,damaged_item,low,2025-01-19 04:27:09,2025-01-21 12:27:09
T001525,C001607,O0016476,refund_request,low,2025-09-04 14:02:24,2025-09-08 17:02:24
T001526,C001118,O0005286,late_delivery,low,2025-01-30 00:46:17,2025-02-01 20:46:17
T001527,C000634,O0014987,wrong_item,high,2025-08-13 17:40:39,
T001528,C000629,O0001951,wrong_item,low,2026-07-15 01:54:19,2026-07-15 17:54:19
T001529,C002934,O0019049,wrong_item,low,2026-03-04 00:00:13,2026-03-06 06:00:13
T001530,C001837,O0010052,damaged_item,urgent,2026-01-04 02:28:49,2026-01-05 07:28:49
T001531,C000315,O0005261,damaged_item,urgent,2025-12-30 21:01:59,2026-01-03 22:01:59
T001532,C002917,O0006437,late_delivery,low,2025-11-06 17:09:34,2025-11-11 09:09:34
T001533,C001674,O0007808,refund_request,medium,2025-07-23 20:50:47,2025-07-24 08:50:47
T001534,C002204,O0007122,refund_request,medium,2026-03-21 12:52:37,
T001535,C002034,O0011963,refund_request,urgent,2026-02-12 16:24:25,2026-02-17 16:24:25
T001536,C000775,O0012753,damaged_item,urgent,2025-02-04 02:30:03,2025-02-06 14:30:03
T001537,C001259,O0019596,wrong_item,medium,2026-06-21 01:55:15,2026-06-21 13:55:15
T001538,C000205,O0014029,refund_request,low,2025-11-17 03:49:06,2025-11-21 22:49:06
T001539,C002585,O0017993,payment_issue,urgent,2026-02-23 08:23:38,2026-02-26 12:23:38
T001540,C000705,O0008222,payment_issue,high,2025-10-06 07:15:17,2025-10-06 19:15:17
T001541,C001030,O0000113,payment_issue,medium,2026-04-23 17:25:39,2026-04-25 15:25:39
T001542,C002999,O0005710,wrong_item,medium,2025-01-10 14:09:42,
T001543,C002455,O0014033,payment_issue,high,2025-03-28 11:34:57,2025-03-29 09:34:57
T001544,C002988,O0015133,product_query,high,2025-06-09 08:00:49,2025-06-09 12:00:49
T001545,C000534,O0010595,late_delivery,medium,2026-07-03 17:56:43,2026-07-05 18:56:43
T001546,C001406,O0016017,refund_request,high,2025-11-10 11:06:30,
T001547,C002867,O0006278,product_query,urgent,2025-07-08 16:10:45,2025-07-11 10:10:45
T001548,C002295,O0011601,late_delivery,medium,2026-04-04 19:24:19,2026-04-08 18:24:19
T001549,C002814,O0001602,payment_issue,urgent,2025-09-08 04:43:08,2025-09-10 22:43:08
T001550,C001915,O0013396,damaged_item,medium,2026-04-11 07:33:52,2026-04-12 03:33:52
T001551,C002252,O0010183,damaged_item,high,2025-05-06 11:12:04,
T001552,C002732,O0006679,payment_issue,medium,2025-01-18 08:05:43,2025-01-20 22:05:43
T001553,C000448,O0018260,late_delivery,urgent,2026-07-22 13:07:23,2026-07-26 06:07:23
T001554,C000146,O0009634,product_query,high,2026-07-19 21:19:25,2026-07-23 18:19:25
T001555,C000063,O0011997,wrong_item,urgent,2026-03-29 14:16:06,2026-04-03 04:16:06
T001556,C000179,O0000996,refund_request,high,2025-11-24 11:14:58,2025-11-28 03:14:58
T001557,C000425,O0011392,late_delivery,high,2026-03-30 11:22:02,
T001558,C000678,O0002663,product_query,urgent,2025-03-11 04:32:22,2025-03-15 20:32:22
T001559,C000985,O0016928,late_delivery,medium,2026-05-11 06:03:49,2026-05-13 03:03:49
T001560,C001958,O0006219,product_query,urgent,2026-05-03 13:09:33,2026-05-03 19:09:33
T001561,C001275,O0007705,product_query,urgent,2026-01-11 12:20:18,2026-01-13 09:20:18
T001562,C002461,O0002905,payment_issue,high,2026-02-16 11:15:28,2026-02-21 09:15:28
T001563,C002456,O0013555,late_delivery,urgent,2026-04-17 01:32:00,2026-04-17 09:32:00
T001564,C001133,O0015343,damaged_item,medium,2025-04-18 19:30:48,2025-04-19 10:30:48
T001565,C002512,O0017603,wrong_item,urgent,2025-05-29 16:36:02,2025-05-30 20:36:02
T001566,C000389,O0011688,product_query,urgent,2025-09-12 10:17:16,
T001567,C001288,O0015853,wrong_item,urgent,2025-08-19 13:06:34,2025-08-21 05:06:34
T001568,C001157,O0001609,late_delivery,urgent,2025-08-22 02:19:15,2025-08-23 04:19:15
T001569,C000491,O0015378,product_query,high,2025-08-13 21:18:55,
T001570,C002191,O0015973,payment_issue,low,2026-03-30 06:18:50,
T001571,C000067,O0019238,payment_issue,high,2026-04-21 22:50:52,2026-04-25 18:50:52
T001572,C001623,O0015983,payment_issue,urgent,2026-07-10 12:34:38,2026-07-13 06:34:38
T001573,C000717,O0011161,product_query,urgent,2026-06-05 22:39:19,2026-06-09 15:39:19
T001574,C000331,O0003714,product_query,high,2025-03-14 21:07:11,2025-03-19 12:07:11
T001575,C000789,O0016797,wrong_item,medium,2025-10-31 05:47:04,2025-11-01 16:47:04
T001576,C002507,O0007573,payment_issue,urgent,2026-09-02 09:03:26,2026-09-04 20:03:26
T001577,C002456,O0005999,damaged_item,high,2026-03-07 12:14:24,2026-03-12 11:14:24
T001578,C001558,O0009963,wrong_item,urgent,2025-10-08 15:30:41,2025-10-11 10:30:41
T001579,C001036,O0008656,wrong_item,low,2026-03-12 09:09:53,2026-03-16 13:09:53
T001580,C001125,O0009814,product_query,high,2026-01-29 03:14:23,2026-01-29 10:14:23
T001581,C000498,O0002465,wrong_item,urgent,2026-02-13 08:28:54,
T001582,C002264,O0012070,damaged_item,low,2026-02-16 12:47:39,2026-02-18 15:47:39
T001583,C000698,O0002415,damaged_item,medium,2025-04-07 22:51:05,2025-04-12 22:51:05
T001584,C001905,O0014060,wrong_item,urgent,2026-02-10 07:45:10,2026-02-13 10:45:10
T001585,C000181,O0019984,damaged_item,high,2025-01-13 04:38:07,
T001586,C000884,O0007765,damaged_item,urgent,2026-06-16 16:28:10,2026-06-21 14:28:10
T001587,C000695,O0006729,wrong_item,urgent,2026-08-11 17:27:12,2026-08-16 02:27:12
T001588,C002660,O0017860,payment_issue,high,2025-09-12 02:37:51,2025-09-12 14:37:51
T001589,C002084,O0014320,refund_request,urgent,2025-12-07 05:20:41,2025-12-08 10:20:41
T001590,C000986,O0000068,refund_request,urgent,2025-12-06 18:42:17,2025-12-09 05:42:17
T001591,C000617,O0018400,wrong_item,medium,2025-01-13 11:03:50,2025-01-14 13:03:50
T001592,C001866,O0017848,payment_issue,urgent,2026-01-12 22:03:42,2026-01-16 15:03:42
T001593,C000312,O0018664,late_delivery,high,2025-08-16 09:34:24,
T001594,C001956,O0017347,damaged_item,high,2025-09-08 17:28:00,2025-09-10 21:28:00
T001595,C000776,O0012306,damaged_item,urgent,2026-02-14 18:17:26,
T001596,C002719,O0008148,damaged_item,high,2026-05-06 16:29:53,2026-05-08 21:29:53
T001597,C002785,O0003752,product_query,urgent,2026-05-12 17:07:40,2026-05-14 18:07:40
T001598,C002785,O0017687,late_delivery,medium,2026-07-21 19:03:39,2026-07-23 14:03:39
T001599,C001845,O0004071,payment_issue,low,2026-05-25 15:25:09,
T001600,C000479,O0018291,wrong_item,high,2026-02-04 07:10:52,2026-02-04 17:10:52
T001601,C001017,O0014678,refund_request,urgent,2026-03-30 07:20:15,2026-04-03 17:20:15
T001602,C001752,O0006637,product_query,medium,2025-07-21 07:52:00,2025-07-25 08:52:00
T001603,C001780,O0009516,wrong_item,medium,2025-03-01 00:49:40,2025-03-05 07:49:40
T001604,C000036,O0000232,wrong_item,high,2026-02-11 00:01:02,2026-02-14 06:01:02
T001605,C002618,O0012095,product_query,urgent,2026-01-29 14:59:01,2026-01-29 22:59:01
T001606,C001837,O0010147,product_query,low,2025-04-13 16:39:21,2025-04-18 05:39:21
T001607,C000247,O0002159,wrong_item,high,2025-12-15 14:31:28,2025-12-17 18:31:28
T001608,C001763,O0012017,product_query,medium,2025-07-14 11:54:22,2025-07-18 23:54:22
T001609,C002379,O0009080,damaged_item,medium,2026-07-18 21:03:05,2026-07-20 20:03:05
T001610,C001238,O0004285,late_delivery,low,2025-07-11 20:43:16,2025-07-13 03:43:16
T001611,C002197,O0015144,damaged_item,low,2026-02-26 13:18:06,2026-03-02 22:18:06
T001612,C001280,O0006307,payment_issue,urgent,2025-11-24 18:01:29,2025-11-26 09:01:29
T001613,C002811,O0007288,wrong_item,low,2026-02-03 20:53:51,2026-02-07 19:53:51
T001614,C001145,O0006280,late_delivery,high,2026-03-29 13:35:27,2026-03-30 08:35:27
T001615,C000154,O0016177,damaged_item,urgent,2026-08-29 10:20:49,2026-09-02 07:20:49
T001616,C000300,O0010342,wrong_item,urgent,2025-11-22 01:37:44,2025-11-24 08:37:44
T001617,C002049,O0017414,damaged_item,high,2025-06-29 10:54:34,2025-07-01 01:54:34
T001618,C002303,O0007407,product_query,high,2025-08-28 14:08:34,2025-08-30 04:08:34
T001619,C000882,O0015107,refund_request,urgent,2025-02-16 15:55:12,2025-02-20 03:55:12
T001620,C002705,O0016003,late_delivery,medium,2025-01-11 20:17:23,2025-01-13 07:17:23
T001621,C001028,O0012506,damaged_item,low,2025-11-24 14:23:09,2025-11-26 06:23:09
T001622,C000836,O0001243,refund_request,urgent,2026-08-21 19:05:16,2026-08-25 11:05:16
T001623,C000010,O0000471,refund_request,medium,2025-05-20 17:11:09,2025-05-24 04:11:09
T001624,C002961,O0001803,refund_request,low,2026-05-22 23:28:36,2026-05-24 13:28:36
T001625,C000279,O0013210,wrong_item,urgent,2025-03-29 03:38:07,2025-04-02 12:38:07
T001626,C002441,O0019058,late_delivery,low,2026-02-26 14:53:12,2026-02-26 20:53:12
T001627,C000139,O0000771,refund_request,medium,2025-08-07 16:17:28,2025-08-11 02:17:28
T001628,C000146,O0008350,payment_issue,medium,2026-08-11 12:19:01,2026-08-14 23:19:01
T001629,C002278,O0010409,late_delivery,urgent,2026-08-02 22:20:55,
T001630,C000716,O0001031,wrong_item,low,2026-09-16 07:14:58,2026-09-16 11:14:58
T001631,C000288,O0006761,late_delivery,urgent,2025-06-29 17:30:51,2025-06-30 00:30:51
T001632,C001535,O0003188,refund_request,medium,2025-12-28 02:16:52,2025-12-30 15:16:52
T001633,C000806,O0000626,refund_request,urgent,2025-07-22 01:24:53,2025-07-22 06:24:53
T001634,C000088,O0004729,wrong_item,high,2026-07-24 02:42:52,2026-07-28 00:42:52
T001635,C001898,O0010242,late_delivery,medium,2025-05-06 18:43:13,2025-05-07 17:43:13
T001636,C001557,O0006002,refund_request,medium,2025-09-24 05:16:18,2025-09-29 04:16:18
T001637,C000057,O0018220,payment_issue,high,2025-08-07 02:39:58,2025-08-08 10:39:58
T001638,C002125,O0007347,damaged_item,low,2025-04-29 09:00:34,2025-05-04 07:00:34
T001639,C000188,O0001765,payment_issue,medium,2026-06-15 13:11:59,
T001640,C000137,O0015197,payment_issue,low,2026-03-19 11:55:38,
T001641,C001985,O0013321,refund_request,high,2025-11-29 23:07:41,2025-12-01 14:07:41
T001642,C002170,O0005297,payment_issue,low,2025-03-04 02:57:34,2025-03-04 03:57:34
T001643,C000167,O0004676,wrong_item,medium,2025-06-21 10:33:10,2025-06-21 21:33:10
T001644,C001272,O0014793,payment_issue,medium,2026-07-13 01:15:19,2026-07-13 21:15:19
T001645,C002176,O0013353,payment_issue,medium,2025-09-13 13:49:42,2025-09-15 23:49:42
T001646,C002771,O0016921,late_delivery,urgent,2025-04-23 00:56:54,2025-04-23 10:56:54
T001647,C001913,O0004748,product_query,high,2025-04-21 01:07:37,2025-04-22 17:07:37
T001648,C000219,O0018149,product_query,low,2025-12-14 15:37:01,2025-12-19 01:37:01
T001649,C000697,O0007115,refund_request,high,2025-11-11 06:17:16,2025-11-12 22:17:16
T001650,C002033,O0011920,product_query,medium,2025-03-19 05:04:47,2025-03-22 20:04:47
T001651,C001282,O0004801,refund_request,high,2026-08-30 11:59:24,2026-09-02 21:59:24
T001652,C002649,O0018225,late_delivery,high,2025-02-13 13:23:05,2025-02-13 21:23:05
T001653,C002168,O0006897,payment_issue,medium,2025-08-26 09:55:29,2025-08-31 06:55:29
T001654,C002528,O0010381,payment_issue,low,2025-10-06 17:33:46,2025-10-10 15:33:46
T001655,C001853,O0007968,payment_issue,low,2026-07-22 03:23:04,2026-07-24 09:23:04
T001656,C002797,O0008529,wrong_item,low,2025-03-02 14:18:41,2025-03-03 03:18:41
T001657,C001937,O0007533,payment_issue,low,2026-09-17 13:30:32,2026-09-19 07:30:32
T001658,C001199,O0016311,damaged_item,high,2025-03-03 22:21:42,2025-03-04 11:21:42
T001659,C002543,O0000401,refund_request,low,2025-11-23 16:09:00,2025-11-26 19:09:00
T001660,C002537,O0012585,refund_request,medium,2025-01-14 07:10:20,2025-01-16 04:10:20
T001661,C000007,O0010825,refund_request,medium,2025-07-27 11:54:48,2025-07-29 13:54:48
T001662,C002065,O0012286,payment_issue,high,2025-09-16 10:45:16,2025-09-20 07:45:16
T001663,C002834,O0019827,wrong_item,low,2025-06-27 20:16:49,2025-06-28 14:16:49
T001664,C002843,O0016835,product_query,high,2025-10-22 07:31:17,2025-10-27 01:31:17
T001665,C000475,O0011459,payment_issue,low,2025-03-31 19:31:01,
T001666,C000849,O0004455,refund_request,urgent,2025-07-31 22:17:13,
T001667,C002654,O0000561,refund_request,low,2025-07-28 09:41:47,2025-08-01 08:41:47
T001668,C000721,O0004224,wrong_item,high,2026-07-21 15:25:36,2026-07-22 14:25:36
T001669,C002169,O0010712,late_delivery,high,2026-05-23 17:00:58,2026-05-25 21:00:58
T001670,C002542,O0012699,refund_request,medium,2025-08-11 14:41:46,2025-08-14 15:41:46
T001671,C002378,O0018624,damaged_item,urgent,2026-04-04 21:26:57,2026-04-07 08:26:57
T001672,C002110,O0008085,wrong_item,urgent,2025-07-06 15:01:51,2025-07-06 21:01:51
T001673,C002284,O0004262,damaged_item,urgent,2025-10-03 08:15:53,2025-10-06 04:15:53
T001674,C001741,O0018251,refund_request,low,2026-07-01 05:49:26,2026-07-02 22:49:26
T001675,C000101,O0008228,refund_request,medium,2025-11-08 03:38:06,2025-11-10 07:38:06
T001676,C001888,O0011198,damaged_item,high,2025-02-19 08:15:48,2025-02-20 01:15:48
T001677,C000602,O0015852,product_query,urgent,2025-07-26 00:03:27,2025-07-30 07:03:27
T001678,C000283,O0012590,payment_issue,urgent,2025-12-21 14:07:33,2025-12-23 02:07:33
T001679,C000218,O0007139,late_delivery,medium,2025-09-24 07:23:48,2025-09-24 17:23:48
T001680,C001885,O0019510,refund_request,high,2025-12-15 11:29:17,2025-12-20 00:29:17
T001681,C002121,O0000585,damaged_item,high,2025-03-05 08:19:01,2025-03-07 17:19:01
T001682,C002374,O0017514,product_query,high,2025-03-29 09:27:00,2025-04-03 03:27:00
T001683,C001778,O0011563,wrong_item,medium,2025-12-09 10:30:59,2025-12-12 22:30:59
T001684,C002905,O0007318,damaged_item,medium,2025-04-16 22:18:57,2025-04-19 01:18:57
T001685,C001806,O0011165,wrong_item,low,2025-06-17 16:40:15,2025-06-21 23:40:15
T001686,C000628,O0017549,refund_request,medium,2026-04-04 17:21:30,
T001687,C002621,O0013002,damaged_item,medium,2025-10-02 12:14:24,2025-10-03 20:14:24
T001688,C001561,O0017345,product_query,medium,2026-06-15 05:51:34,2026-06-19 19:51:34
T001689,C002940,O0014598,wrong_item,medium,2025-06-16 02:54:31,2025-06-18 15:54:31
T001690,C001498,O0007180,damaged_item,medium,2025-08-24 21:38:01,
T001691,C001162,O0004695,refund_request,high,2025-06-11 12:48:00,2025-06-12 16:48:00
T001692,C000744,O0012073,payment_issue,medium,2026-04-11 05:39:09,2026-04-14 21:39:09
T001693,C002468,O0017869,damaged_item,low,2026-05-04 19:08:04,2026-05-06 05:08:04
T001694,C001745,O0012140,late_delivery,low,2026-03-25 09:07:46,2026-03-27 08:07:46
T001695,C000050,O0011370,damaged_item,low,2025-01-22 22:52:48,2025-01-26 11:52:48
T001696,C000741,O0010727,wrong_item,high,2025-01-04 16:28:57,2025-01-09 05:28:57
T001697,C000838,O0016570,refund_request,medium,2025-03-20 20:36:06,2025-03-21 00:36:06
T001698,C002460,O0014125,wrong_item,medium,2026-08-26 21:22:19,
T001699,C000236,O0005103,late_delivery,medium,2026-03-28 07:03:57,2026-03-31 06:03:57
T001700,C002903,O0005170,late_delivery,urgent,2026-02-22 04:22:10,2026-02-24 13:22:10
T001701,C001820,O0017386,product_query,urgent,2026-08-25 08:17:53,2026-08-28 14:17:53
T001702,C000561,O0018194,wrong_item,high,2025-10-07 23:08:37,2025-10-12 06:08:37
T001703,C002890,O0013196,payment_issue,high,2026-06-06 04:21:03,2026-06-08 11:21:03
T001704,C002169,O0009895,wrong_item,high,2026-03-26 02:54:02,2026-03-28 19:54:02
T001705,C001958,O0007272,late_delivery,low,2025-12-24 05:31:52,
T001706,C001296,O0003751,late_delivery,medium,2025-05-10 19:49:03,2025-05-11 19:49:03
T001707,C000709,O0005561,late_delivery,medium,2026-08-15 23:11:24,
T001708,C002530,O0017701,payment_issue,high,2025-03-15 06:33:12,2025-03-18 06:33:12
T001709,C000375,O0010513,product_query,medium,2026-01-07 21:28:40,2026-01-09 08:28:40
T001710,C002322,O0018322,product_query,high,2025-04-16 16:39:50,2025-04-17 10:39:50
T001711,C002452,O0016975,wrong_item,medium,2025-09-17 14:57:59,2025-09-21 22:57:59
T001712,C002300,O0011637,late_delivery,low,2025-09-03 05:16:59,
T001713,C002135,O0016843,refund_request,high,2025-01-11 18:35:07,2025-01-16 13:35:07
T001714,C000813,O0005442,late_delivery,urgent,2026-01-25 02:10:43,
T001715,C001355,O0003159,wrong_item,high,2026-05-22 03:30:22,2026-05-25 11:30:22
T001716,C000797,O0019046,payment_issue,high,2025-11-24 18:43:37,2025-11-27 21:43:37
T001717,C002446,O0005038,wrong_item,urgent,2026-09-17 01:00:29,2026-09-20 16:00:29
T001718,C000711,O0007121,wrong_item,low,2025-03-23 08:01:48,2025-03-26 23:01:48
T001719,C000686,O0015874,payment_issue,low,2026-06-11 17:09:59,2026-06-15 14:09:59
T001720,C000262,O0005931,payment_issue,medium,2025-01-29 02:18:51,2025-01-31 06:18:51
T001721,C002094,O0018889,damaged_item,high,2025-06-10 11:53:31,2025-06-13 19:53:31
T001722,C000183,O0008501,product_query,low,2026-03-12 04:30:11,2026-03-16 02:30:11
T001723,C000795,O0008414,damaged_item,urgent,2026-08-24 02:41:18,2026-08-25 15:41:18
T001724,C001882,O0013475,late_delivery,high,2026-03-26 13:51:05,2026-03-27 19:51:05
T001725,C001049,O0007596,product_query,medium,2025-04-13 18:35:46,2025-04-16 18:35:46
T001726,C000786,O0000854,product_query,medium,2025-10-01 19:21:10,
T001727,C002247,O0003040,wrong_item,low,2025-10-16 17:27:18,2025-10-18 13:27:18
T001728,C002594,O0005852,refund_request,high,2026-04-25 11:58:10,
T001729,C001373,O0002579,refund_request,urgent,2026-08-20 09:19:22,2026-08-20 15:19:22
T001730,C000497,O0001938,product_query,low,2026-06-24 14:08:00,2026-06-24 19:08:00
T001731,C001568,O0002648,payment_issue,urgent,2025-07-16 11:29:23,2025-07-19 15:29:23
T001732,C001216,O0007450,refund_request,high,2025-10-08 02:23:14,2025-10-11 04:23:14
T001733,C002239,O0001485,late_delivery,medium,2026-07-19 08:41:27,2026-07-19 20:41:27
T001734,C002919,O0016596,wrong_item,high,2025-09-01 04:33:59,2025-09-04 21:33:59
T001735,C000462,O0014265,damaged_item,low,2026-04-23 22:47:36,2026-04-28 11:47:36
T001736,C000299,O0001755,late_delivery,high,2025-09-20 18:15:40,2025-09-20 19:15:40
T001737,C002027,O0006817,wrong_item,medium,2025-02-26 02:54:04,2025-02-26 09:54:04
T001738,C001958,O0006679,damaged_item,urgent,2025-01-26 13:17:43,2025-01-29 04:17:43
T001739,C000743,O0011030,damaged_item,urgent,2025-02-11 01:51:26,2025-02-11 11:51:26
T001740,C001511,O0018039,refund_request,high,2025-12-16 03:43:58,2025-12-17 16:43:58
T001741,C000614,O0005471,wrong_item,high,2026-06-26 20:52:35,2026-06-30 08:52:35
T001742,C000167,O0015302,product_query,urgent,2026-07-11 23:21:29,2026-07-14 19:21:29
T001743,C002250,O0009270,product_query,medium,2026-02-01 03:00:38,
T001744,C001071,O0009839,payment_issue,low,2025-09-13 22:02:34,2025-09-18 03:02:34
T001745,C001579,O0006349,product_query,low,2025-12-07 15:54:01,2025-12-12 06:54:01
T001746,C001700,O0019750,wrong_item,urgent,2026-04-28 18:59:18,2026-05-02 13:59:18
T001747,C000594,O0005934,late_delivery,medium,2026-06-20 08:55:55,
T001748,C002708,O0016998,damaged_item,medium,2025-12-02 17:23:56,2025-12-03 20:23:56
T001749,C000379,O0018177,wrong_item,medium,2025-06-28 08:39:21,2025-06-29 11:39:21
T001750,C002798,O0011019,product_query,low,2025-06-21 03:53:26,
T001751,C002657,O0007092,product_query,low,2025-01-24 05:24:50,
T001752,C001640,O0005901,refund_request,low,2025-06-02 07:51:05,2025-06-03 00:51:05
T001753,C000460,O0009288,damaged_item,urgent,2025-01-05 22:13:46,2025-01-10 22:13:46
T001754,C002016,O0018994,damaged_item,urgent,2025-11-07 23:39:24,2025-11-09 18:39:24
T001755,C001869,O0004294,wrong_item,low,2025-02-15 04:00:21,2025-02-17 00:00:21
T001756,C002036,O0008884,refund_request,high,2025-04-04 14:07:25,2025-04-06 10:07:25
T001757,C001835,O0006403,damaged_item,high,2025-12-09 04:02:31,2025-12-13 21:02:31
T001758,C000557,O0004415,wrong_item,low,2026-08-22 19:21:28,2026-08-27 08:21:28
T001759,C000283,O0008141,wrong_item,high,2025-05-28 07:44:10,
T001760,C002530,O0004399,payment_issue,medium,2025-01-29 09:02:27,2025-01-29 18:02:27
T001761,C000188,O0006327,wrong_item,high,2026-02-28 13:57:50,2026-03-04 21:57:50
T001762,C001827,O0013756,late_delivery,high,2025-01-03 06:27:18,2025-01-07 07:27:18
T001763,C000088,O0018391,payment_issue,medium,2026-08-24 05:07:48,2026-08-26 23:07:48
T001764,C001036,O0013838,damaged_item,urgent,2025-03-03 00:05:08,2025-03-03 17:05:08
T001765,C002670,O0008987,payment_issue,low,2026-07-05 04:58:17,2026-07-09 03:58:17
T001766,C001395,O0001364,product_query,high,2026-09-15 18:16:20,
T001767,C002204,O0009110,wrong_item,high,2025-06-02 11:51:47,2025-06-05 03:51:47
T001768,C000525,O0003344,product_query,urgent,2025-01-15 11:14:51,2025-01-20 10:14:51
T001769,C001199,O0019136,payment_issue,low,2025-02-09 01:27:41,2025-02-12 12:27:41
T001770,C001749,O0012629,refund_request,urgent,2025-08-06 06:48:23,2025-08-08 17:48:23
T001771,C001764,O0010002,payment_issue,medium,2025-11-30 16:42:37,2025-12-05 13:42:37
T001772,C000262,O0010942,payment_issue,urgent,2025-09-30 07:47:36,2025-09-30 11:47:36
T001773,C000048,O0005370,wrong_item,high,2025-02-08 02:06:43,2025-02-09 06:06:43
T001774,C001729,O0016296,wrong_item,urgent,2026-08-26 15:59:52,2026-08-26 17:59:52
T001775,C002080,O0019850,late_delivery,urgent,2025-03-28 14:47:41,2025-04-01 20:47:41
T001776,C002406,O0016410,late_delivery,urgent,2026-01-10 10:03:15,2026-01-13 00:03:15
T001777,C002929,O0016324,late_delivery,high,2026-07-31 05:39:57,2026-08-05 01:39:57
T001778,C000746,O0009950,refund_request,high,2025-01-25 15:51:09,2025-01-25 22:51:09
T001779,C000315,O0008288,wrong_item,low,2026-05-07 04:25:12,
T001780,C001389,O0009108,late_delivery,low,2026-03-15 18:01:34,2026-03-17 10:01:34
T001781,C000674,O0010070,payment_issue,urgent,2025-04-13 11:25:00,
T001782,C000981,O0017392,product_query,high,2025-07-10 15:57:13,2025-07-11 15:57:13
T001783,C001603,O0000176,product_query,low,2026-05-20 19:39:16,2026-05-23 23:39:16
T001784,C002412,O0002504,product_query,low,2026-07-05 11:18:25,2026-07-05 14:18:25
T001785,C000111,O0008957,wrong_item,high,2026-02-10 06:07:46,2026-02-15 03:07:46
T001786,C001880,O0018970,payment_issue,low,2025-06-10 22:48:01,
T001787,C001479,O0005450,damaged_item,urgent,2026-03-10 01:46:10,
T001788,C001111,O0011226,product_query,low,2025-02-02 17:31:47,2025-02-05 01:31:47
T001789,C001538,O0000370,late_delivery,low,2025-05-11 03:46:35,2025-05-12 17:46:35
T001790,C000123,O0000476,wrong_item,high,2025-02-13 11:43:19,2025-02-16 16:43:19
T001791,C000468,O0009996,late_delivery,low,2025-08-03 00:04:53,
T001792,C001550,O0007641,product_query,urgent,2025-02-19 03:07:27,2025-02-22 13:07:27
T001793,C001193,O0006382,refund_request,urgent,2025-09-08 19:25:08,
T001794,C001892,O0004956,late_delivery,urgent,2025-02-15 01:05:53,2025-02-16 07:05:53
T001795,C002163,O0004124,wrong_item,low,2026-05-12 15:24:08,2026-05-12 22:24:08
T001796,C000725,O0003102,refund_request,urgent,2026-05-20 21:34:11,2026-05-22 03:34:11
T001797,C001069,O0017828,late_delivery,low,2025-11-29 18:05:26,2025-11-30 23:05:26
T001798,C001486,O0000296,late_delivery,high,2025-11-16 16:51:19,2025-11-18 11:51:19
T001799,C002198,O0000286,refund_request,urgent,2025-01-25 12:48:30,2025-01-27 03:48:30
T001800,C000102,O0016252,payment_issue,urgent,2026-04-22 13:11:42,2026-04-27 04:11:42
T001801,C000319,O0017292,payment_issue,low,2026-03-15 15:02:24,2026-03-17 20:02:24
T001802,C001149,O0012547,damaged_item,medium,2026-04-15 18:49:59,2026-04-19 16:49:59
T001803,C001127,O0015268,damaged_item,high,2026-07-07 23:23:34,2026-07-10 17:23:34
T001804,C002796,O0009695,damaged_item,medium,2025-10-07 19:25:02,
T001805,C002244,O0008236,late_delivery,high,2026-08-29 22:34:18,2026-08-30 13:34:18
T001806,C001278,O0002438,payment_issue,medium,2025-11-22 01:25:46,2025-11-25 14:25:46
T001807,C002035,O0001338,wrong_item,high,2025-04-26 04:13:10,2025-04-30 00:13:10
T001808,C000084,O0000123,product_query,low,2025-03-02 15:32:59,2025-03-05 01:32:59
T001809,C002054,O0014371,late_delivery,high,2025-03-23 07:09:42,2025-03-26 15:09:42
T001810,C002106,O0007106,refund_request,urgent,2025-12-16 18:29:08,2025-12-18 02:29:08
T001811,C002688,O0013339,payment_issue,low,2025-03-10 09:52:24,2025-03-11 07:52:24
T001812,C000396,O0016308,product_query,urgent,2025-09-04 10:22:50,2025-09-05 20:22:50
T001813,C000880,O0005176,wrong_item,high,2025-05-28 18:08:55,2025-05-30 02:08:55
T001814,C000683,O0007750,damaged_item,low,2026-07-04 15:17:40,2026-07-05 18:17:40
T001815,C002231,O0010279,late_delivery,urgent,2026-08-29 07:18:12,
T001816,C002796,O0011565,late_delivery,urgent,2026-02-11 18:16:12,2026-02-16 04:16:12
T001817,C001676,O0004091,product_query,low,2025-07-23 11:39:31,2025-07-28 06:39:31
T001818,C001696,O0015908,wrong_item,high,2025-05-21 22:07:19,2025-05-24 10:07:19
T001819,C002285,O0019804,late_delivery,high,2025-12-12 17:48:26,2025-12-17 06:48:26
T001820,C001363,O0016879,damaged_item,low,2026-01-17 21:09:33,
T001821,C002852,O0001206,product_query,medium,2025-09-01 10:33:49,2025-09-03 23:33:49
T001822,C001987,O0019845,product_query,medium,2025-02-25 02:29:06,2025-03-01 01:29:06
T001823,C001049,O0007431,damaged_item,high,2026-01-27 14:39:51,2026-01-30 08:39:51
T001824,C001182,O0012701,damaged_item,high,2025-03-14 02:22:52,2025-03-17 05:22:52
T001825,C000674,O0010522,late_delivery,medium,2025-04-15 12:34:11,2025-04-18 21:34:11
T001826,C001425,O0013419,product_query,urgent,2025-07-19 15:09:14,2025-07-22 09:09:14
T001827,C002316,O0019437,damaged_item,low,2025-10-21 01:46:36,2025-10-22 11:46:36
T001828,C002497,O0005322,payment_issue,medium,2025-07-27 04:58:05,2025-07-30 06:58:05
T001829,C000232,O0015979,late_delivery,urgent,2026-07-18 14:50:22,2026-07-22 23:50:22
T001830,C002227,O0001775,damaged_item,medium,2025-09-06 19:42:11,2025-09-09 06:42:11
T001831,C002381,O0002271,damaged_item,high,2025-07-09 03:38:50,2025-07-13 11:38:50
T001832,C002300,O0006249,wrong_item,medium,2026-03-29 09:29:55,2026-03-30 08:29:55
T001833,C001565,O0010509,late_delivery,urgent,2025-11-05 01:57:57,2025-11-08 05:57:57
T001834,C002719,O0011831,refund_request,urgent,2025-01-09 02:32:06,2025-01-13 00:32:06
T001835,C001671,O0007286,wrong_item,urgent,2026-01-15 05:56:02,2026-01-19 22:56:02
T001836,C001532,O0015679,payment_issue,medium,2025-01-22 08:41:08,2025-01-22 21:41:08
T001837,C002799,O0006041,wrong_item,medium,2025-04-06 05:35:18,
T001838,C000164,O0003515,late_delivery,urgent,2025-07-18 17:22:30,
T001839,C001730,O0001637,product_query,medium,2026-09-23 08:49:04,2026-09-27 01:49:04
T001840,C002162,O0001319,late_delivery,high,2025-03-03 22:07:53,2025-03-08 12:07:53
T001841,C001679,O0001418,damaged_item,low,2026-03-18 09:24:42,2026-03-19 13:24:42
T001842,C001948,O0011975,wrong_item,low,2025-01-22 21:49:21,
T001843,C000337,O0002586,late_delivery,urgent,2026-03-22 12:21:59,2026-03-26 02:21:59
T001844,C001020,O0010505,payment_issue,medium,2026-02-11 21:08:16,2026-02-15 00:08:16
T001845,C002987,O0019083,wrong_item,urgent,2025-01-23 14:45:47,
T001846,C000047,O0007131,wrong_item,low,2025-03-20 17:31:49,2025-03-25 17:31:49
T001847,C000687,O0000581,product_query,medium,2025-10-02 08:31:05,2025-10-05 07:31:05
T001848,C001859,O0005689,payment_issue,medium,2026-07-30 19:48:33,2026-08-03 01:48:33
T001849,C000219,O0019053,product_query,medium,2025-08-02 08:12:48,2025-08-06 04:12:48
T001850,C000147,O0015068,refund_request,urgent,2025-05-18 09:37:58,2025-05-19 10:37:58
T001851,C001860,O0018039,product_query,medium,2025-12-04 04:58:04,2025-12-06 11:58:04
T001852,C000279,O0019016,product_query,low,2025-02-17 17:01:24,2025-02-18 12:01:24
T001853,C000917,O0018748,refund_request,urgent,2026-07-28 22:31:02,2026-07-29 09:31:02
T001854,C001004,O0015804,payment_issue,low,2025-11-09 20:15:38,2025-11-10 19:15:38
T001855,C001451,O0015509,damaged_item,urgent,2025-01-10 09:42:05,
T001856,C000942,O0006380,product_query,urgent,2025-11-11 22:02:36,2025-11-15 14:02:36
T001857,C002522,O0011804,damaged_item,medium,2025-11-26 18:29:38,2025-11-28 01:29:38
T001858,C002981,O0013139,damaged_item,low,2025-02-21 06:58:30,2025-02-24 20:58:30
T001859,C002866,O0019067,refund_request,high,2025-11-17 05:35:01,2025-11-20 23:35:01
T001860,C000964,O0011545,product_query,high,2025-09-01 20:39:58,2025-09-03 06:39:58
T001861,C001490,O0000897,wrong_item,medium,2026-09-05 09:31:59,2026-09-07 10:31:59
T001862,C000159,O0004091,damaged_item,high,2025-03-25 00:48:06,2025-03-25 04:48:06
T001863,C000861,O0016223,refund_request,urgent,2026-04-11 18:39:48,2026-04-13 04:39:48
T001864,C002991,O0016089,damaged_item,medium,2026-06-02 18:01:41,2026-06-04 20:01:41
T001865,C002551,O0018992,product_query,urgent,2025-03-09 11:30:20,2025-03-14 07:30:20
T001866,C002221,O0015654,product_query,urgent,2026-02-13 09:43:49,2026-02-14 01:43:49
T001867,C002735,O0008641,damaged_item,medium,2025-04-27 19:32:41,2025-04-29 21:32:41
T001868,C001970,O0006425,damaged_item,urgent,2025-01-28 07:15:39,2025-01-29 12:15:39
T001869,C001543,O0005307,late_delivery,medium,2026-02-12 14:35:40,
T001870,C002691,O0018560,wrong_item,urgent,2026-07-30 03:56:08,
T001871,C001903,O0009590,refund_request,high,2025-10-27 02:48:32,2025-10-30 14:48:32
T001872,C000356,O0000547,damaged_item,low,2026-01-05 13:12:08,2026-01-07 14:12:08
T001873,C000573,O0003578,refund_request,low,2025-10-03 22:37:40,2025-10-08 04:37:40
T001874,C000465,O0018969,wrong_item,medium,2026-06-02 18:29:54,2026-06-05 04:29:54
T001875,C001358,O0017592,payment_issue,medium,2026-03-31 12:06:54,2026-04-05 11:06:54
T001876,C000002,O0015881,refund_request,urgent,2026-03-07 21:42:47,2026-03-08 18:42:47
T001877,C002829,O0013016,damaged_item,urgent,2025-04-13 02:23:12,
T001878,C000695,O0015296,damaged_item,urgent,2026-05-05 17:05:13,2026-05-08 13:05:13
T001879,C001131,O0004571,refund_request,medium,2025-01-14 23:31:21,2025-01-18 14:31:21
T001880,C001820,O0006063,payment_issue,low,2025-01-30 11:31:42,2025-01-31 06:31:42
T001881,C001177,O0009968,wrong_item,medium,2026-06-28 16:09:03,2026-06-29 15:09:03
T001882,C002897,O0015812,late_delivery,urgent,2025-04-06 03:47:30,
T001883,C000713,O0007586,payment_issue,medium,2025-07-10 18:34:02,2025-07-11 14:34:02
T001884,C001611,O0008178,payment_issue,high,2026-06-17 12:36:14,2026-06-20 09:36:14
T001885,C000344,O0016512,wrong_item,low,2026-03-07 12:07:45,
T001886,C000203,O0007088,refund_request,urgent,2025-01-22 16:55:05,2025-01-25 19:55:05
T001887,C002984,O0000258,product_query,high,2026-05-29 03:39:57,2026-06-03 00:39:57
T001888,C001802,O0000209,late_delivery,urgent,2026-04-22 00:57:43,2026-04-26 15:57:43
T001889,C000920,O0003215,late_delivery,medium,2025-11-08 12:55:59,
T001890,C002350,O0013066,late_delivery,high,2026-02-05 02:37:49,2026-02-08 07:37:49
T001891,C002230,O0009990,payment_issue,low,2025-05-28 00:13:43,2025-05-28 08:13:43
T001892,C002645,O0004818,product_query,medium,2026-03-12 10:28:00,
T001893,C001176,O0008976,late_delivery,medium,2026-09-12 16:27:01,2026-09-16 11:27:01
T001894,C002893,O0017956,wrong_item,high,2026-02-25 21:16:05,2026-02-27 13:16:05
T001895,C001322,O0016078,product_query,medium,2026-06-16 20:06:29,2026-06-17 06:06:29
T001896,C000897,O0015414,damaged_item,medium,2025-09-18 11:20:59,2025-09-21 08:20:59
T001897,C001988,O0010085,late_delivery,medium,2026-04-17 13:16:59,2026-04-18 15:16:59
T001898,C000105,O0008595,wrong_item,urgent,2025-06-05 06:36:02,2025-06-07 07:36:02
T001899,C002851,O0015585,late_delivery,low,2025-03-12 15:50:31,2025-03-12 18:50:31
T001900,C002898,O0004342,wrong_item,low,2026-09-03 00:10:27,2026-09-03 06:10:27
T001901,C000479,O0015751,refund_request,medium,2025-12-04 22:54:12,2025-12-06 15:54:12
T001902,C001606,O0014830,product_query,medium,2025-08-14 01:47:22,2025-08-15 13:47:22
T001903,C002176,O0008165,refund_request,low,2025-08-31 21:54:39,2025-09-01 07:54:39
T001904,C001190,O0006330,late_delivery,low,2026-05-13 06:40:19,2026-05-16 22:40:19
T001905,C002979,O0019551,product_query,urgent,2026-02-15 05:39:14,2026-02-18 21:39:14
T001906,C001748,O0000855,payment_issue,high,2026-04-24 01:45:53,2026-04-25 16:45:53
T001907,C000806,O0015635,late_delivery,high,2025-12-14 12:54:36,
T001908,C000247,O0002694,refund_request,low,2025-12-16 19:46:53,2025-12-18 11:46:53
T001909,C002487,O0016752,damaged_item,low,2025-01-17 21:42:39,2025-01-19 21:42:39
T001910,C001652,O0000846,late_delivery,low,2025-03-06 17:07:32,2025-03-09 05:07:32
T001911,C002532,O0018441,wrong_item,urgent,2025-04-08 20:39:05,2025-04-12 15:39:05
T001912,C002210,O0000441,payment_issue,urgent,2025-07-07 18:10:39,2025-07-07 19:10:39
T001913,C002581,O0019151,product_query,urgent,2026-04-01 22:17:38,2026-04-04 16:17:38
T001914,C001579,O0012813,damaged_item,low,2026-02-14 12:17:33,2026-02-18 04:17:33
T001915,C000254,O0018714,late_delivery,high,2026-01-20 13:47:30,2026-01-22 05:47:30
T001916,C001008,O0014142,refund_request,high,2026-09-25 08:10:51,2026-09-29 00:10:51
T001917,C000377,O0001806,product_query,urgent,2026-06-11 21:12:54,
T001918,C002383,O0014092,product_query,medium,2026-02-04 21:02:53,2026-02-09 00:02:53
T001919,C001967,O0015092,refund_request,urgent,2026-07-16 20:59:18,2026-07-20 15:59:18
T001920,C001339,O0005289,late_delivery,urgent,2025-01-21 20:24:17,2025-01-23 01:24:17
T001921,C000316,O0005724,product_query,urgent,2025-11-19 21:11:04,2025-11-23 06:11:04
T001922,C002996,O0013563,damaged_item,medium,2026-01-29 18:41:43,2026-02-01 21:41:43
T001923,C001467,O0009858,late_delivery,low,2025-02-17 12:08:50,2025-02-20 06:08:50
T001924,C001057,O0001336,refund_request,low,2026-01-15 08:23:54,2026-01-16 15:23:54
T001925,C001129,O0012135,damaged_item,high,2025-07-17 09:09:56,
T001926,C000410,O0017272,wrong_item,low,2026-05-02 14:50:15,2026-05-03 04:50:15
T001927,C001905,O0012364,wrong_item,medium,2025-05-14 19:48:27,2025-05-17 22:48:27
T001928,C000175,O0009871,damaged_item,low,2025-09-11 21:49:37,2025-09-15 04:49:37
T001929,C000571,O0014968,product_query,medium,2026-01-01 19:35:32,
T001930,C002991,O0008568,late_delivery,urgent,2026-08-15 05:56:55,2026-08-16 21:56:55
T001931,C001734,O0009322,payment_issue,urgent,2025-08-11 02:20:49,2025-08-14 05:20:49
T001932,C001151,O0000675,payment_issue,low,2025-02-04 22:23:11,2025-02-05 12:23:11
T001933,C002277,O0015644,damaged_item,low,2025-03-07 13:58:33,2025-03-12 01:58:33
T001934,C000626,O0014740,product_query,medium,2026-08-09 02:12:29,2026-08-13 01:12:29
T001935,C000948,O0012920,payment_issue,medium,2025-11-30 19:27:59,2025-12-02 12:27:59
T001936,C000468,O0005193,late_delivery,urgent,2025-06-25 06:26:54,2025-06-26 20:26:54
T001937,C000677,O0010800,late_delivery,high,2025-10-04 02:40:27,2025-10-05 19:40:27
T001938,C000039,O0009604,late_delivery,medium,2025-05-25 23:09:30,2025-05-28 10:09:30
T001939,C000714,O0015510,refund_request,medium,2025-11-23 08:41:14,
T001940,C001539,O0012906,product_query,low,2026-04-17 17:09:35,2026-04-19 01:09:35
T001941,C002633,O0013806,payment_issue,medium,2025-10-20 02:56:43,2025-10-24 22:56:43
T001942,C002892,O0014172,product_query,urgent,2025-12-15 14:16:55,
T001943,C000590,O0010930,wrong_item,medium,2025-10-05 22:09:09,2025-10-08 18:09:09
T001944,C000164,O0008201,refund_request,low,2025-08-17 12:01:28,2025-08-17 19:01:28
T001945,C002855,O0009549,product_query,medium,2026-06-19 10:06:26,2026-06-23 11:06:26
T001946,C000398,O0005286,payment_issue,urgent,2026-04-07 02:03:11,
T001947,C002322,O0003455,late_delivery,urgent,2026-07-12 08:27:33,2026-07-16 08:27:33
T001948,C001069,O0009642,refund_request,high,2025-08-30 18:05:32,2025-09-04 09:05:32
T001949,C001456,O0000946,payment_issue,high,2026-08-18 16:22:18,2026-08-21 15:22:18
T001950,C000821,O0000661,payment_issue,medium,2026-05-11 11:14:28,
T001951,C000241,O0017395,late_delivery,medium,2026-01-16 05:10:26,2026-01-20 09:10:26
T001952,C002688,O0007513,damaged_item,high,2026-01-10 09:59:48,2026-01-13 04:59:48
T001953,C002084,O0002795,late_delivery,medium,2026-04-23 21:34:37,2026-04-27 06:34:37
T001954,C000480,O0000846,refund_request,urgent,2025-09-22 03:33:44,2025-09-26 07:33:44
T001955,C002225,O0009127,product_query,urgent,2025-02-07 03:38:28,
T001956,C001333,O0002731,refund_request,high,2025-12-28 23:44:02,2025-12-29 09:44:02
T001957,C001139,O0010664,wrong_item,low,2026-01-17 00:39:00,2026-01-20 02:39:00
T001958,C002079,O0002146,wrong_item,urgent,2026-02-20 19:07:45,2026-02-23 22:07:45
T001959,C001029,O0010401,late_delivery,low,2025-10-27 06:27:22,2025-10-31 10:27:22
T001960,C001202,O0009839,payment_issue,high,2026-06-02 08:02:58,2026-06-03 04:02:58
T001961,C002730,O0015843,damaged_item,urgent,2025-04-08 19:46:53,
T001962,C001824,O0007390,wrong_item,high,2025-12-26 20:49:46,2025-12-31 03:49:46
T001963,C000517,O0012111,refund_request,high,2025-06-23 07:33:59,2025-06-25 02:33:59
T001964,C001952,O0001575,refund_request,low,2025-07-09 16:54:09,2025-07-12 00:54:09
T001965,C001023,O0015720,product_query,urgent,2025-03-17 04:23:15,2025-03-20 01:23:15
T001966,C002665,O0013074,late_delivery,medium,2025-07-20 11:07:56,2025-07-20 13:07:56
T001967,C001766,O0003535,damaged_item,urgent,2025-05-12 17:11:02,2025-05-14 08:11:02
T001968,C000608,O0016887,product_query,medium,2025-04-30 08:43:22,2025-05-04 17:43:22
T001969,C002216,O0018194,product_query,medium,2025-08-01 16:57:22,2025-08-02 20:57:22
T001970,C000592,O0015821,payment_issue,medium,2025-02-13 04:28:20,2025-02-16 18:28:20
T001971,C001836,O0007559,late_delivery,low,2026-01-02 07:15:54,2026-01-06 01:15:54
T001972,C001617,O0013433,wrong_item,high,2026-01-31 04:59:31,2026-02-02 23:59:31
T001973,C000590,O0004868,payment_issue,high,2026-02-06 06:26:14,2026-02-10 07:26:14
T001974,C000790,O0003709,payment_issue,medium,2026-03-09 13:57:00,2026-03-11 06:57:00
T001975,C001986,O0004883,refund_request,medium,2025-12-06 08:41:44,2025-12-07 17:41:44
T001976,C001882,O0001343,late_delivery,urgent,2025-08-16 11:41:24,
T001977,C001358,O0006517,late_delivery,high,2026-03-04 12:06:05,2026-03-07 07:06:05
T001978,C001260,O0014718,late_delivery,low,2025-07-21 23:49:54,2025-07-24 07:49:54
T001979,C000948,O0019323,wrong_item,urgent,2026-07-01 17:14:55,2026-07-03 13:14:55
T001980,C001591,O0007629,wrong_item,urgent,2026-04-05 13:59:27,2026-04-05 17:59:27
T001981,C001550,O0014787,payment_issue,urgent,2025-04-04 22:06:30,2025-04-09 07:06:30
T001982,C001406,O0012944,product_query,urgent,2025-09-06 05:15:34,2025-09-11 03:15:34
T001983,C002732,O0008192,late_delivery,urgent,2025-02-20 11:36:34,2025-02-23 11:36:34
T001984,C000395,O0016229,late_delivery,medium,2025-06-13 02:39:32,2025-06-13 11:39:32
T001985,C001928,O0007093,payment_issue,medium,2025-09-15 06:09:01,2025-09-15 11:09:01
T001986,C002071,O0001295,product_query,high,2026-09-07 13:27:45,2026-09-12 09:27:45
T001987,C002204,O0000549,product_query,low,2026-03-23 23:42:28,
T001988,C002884,O0004571,refund_request,low,2025-06-07 13:58:41,2025-06-08 17:58:41
T001989,C002292,O0016133,product_query,high,2025-08-23 17:08:16,2025-08-26 19:08:16
T001990,C002781,O0019209,late_delivery,high,2026-09-18 15:37:44,
T001991,C001309,O0010133,late_delivery,urgent,2026-04-12 22:38:30,2026-04-15 23:38:30
T001992,C001472,O0013723,wrong_item,medium,2025-12-14 08:20:41,2025-12-18 16:20:41
T001993,C002168,O0005292,refund_request,high,2025-09-13 18:59:01,2025-09-16 10:59:01
T001994,C002319,O0002261,damaged_item,urgent,2026-05-15 11:25:14,
T001995,C001686,O0003665,wrong_item,urgent,2025-02-19 16:47:01,2025-02-20 13:47:01
T001996,C001983,O0000194,payment_issue,low,2025-04-27 18:31:25,
T001997,C001586,O0018578,refund_request,low,2025-07-02 00:37:13,2025-07-03 06:37:13
T001998,C002415,O0017281,late_delivery,medium,2026-03-02 02:31:24,
T001999,C002846,O0018847,wrong_item,high,2025-01-27 04:59:38,2025-01-28 07:59:38
T002000,C001092,O0005989,product_query,high,2026-07-10 05:32:11,2026-07-12 18:32:11
T002001,C000011,O0006288,product_query,low,2025-12-21 09:17:04,2025-12-21 17:17:04
T002002,C000537,O0016534,refund_request,low,2026-05-03 10:21:49,
T002003,C002847,O0005853,product_query,low,2025-10-06 13:21:22,2025-10-08 01:21:22
T002004,C001650,O0004089,late_delivery,high,2026-04-22 09:51:46,2026-04-25 02:51:46
T002005,C002950,O0016236,wrong_item,urgent,2025-06-26 15:21:32,2025-06-28 17:21:32
T002006,C000023,O0013744,wrong_item,low,2026-07-13 08:35:49,
T002007,C000212,O0013939,refund_request,low,2025-02-26 02:20:15,2025-03-01 13:20:15
T002008,C002877,O0008800,damaged_item,high,2025-08-05 23:53:39,2025-08-07 12:53:39
T002009,C001473,O0004288,late_delivery,urgent,2025-03-23 01:22:28,2025-03-26 04:22:28
T002010,C001268,O0018982,wrong_item,urgent,2025-01-13 12:21:27,2025-01-15 11:21:27
T002011,C002811,O0001733,refund_request,high,2025-05-08 13:26:22,2025-05-11 15:26:22
T002012,C000532,O0005760,damaged_item,high,2025-01-17 20:44:34,2025-01-18 12:44:34
T002013,C001763,O0008311,wrong_item,urgent,2026-09-06 18:33:25,2026-09-10 07:33:25
T002014,C001217,O0011890,product_query,medium,2026-01-27 18:04:38,2026-02-01 15:04:38
T002015,C001797,O0014396,wrong_item,medium,2025-08-30 16:11:33,2025-09-04 07:11:33
T002016,C001008,O0007830,damaged_item,urgent,2026-06-04 06:27:09,2026-06-08 06:27:09
T002017,C000628,O0016577,refund_request,medium,2026-08-10 06:44:53,2026-08-14 01:44:53
T002018,C001968,O0006986,damaged_item,low,2026-03-24 16:29:20,2026-03-27 00:29:20
T002019,C002089,O0014972,wrong_item,medium,2025-06-05 03:53:25,
T002020,C001010,O0015278,wrong_item,low,2026-01-06 12:00:49,
T002021,C000428,O0019270,wrong_item,medium,2025-08-30 12:51:20,
T002022,C000634,O0004198,wrong_item,urgent,2025-10-23 05:40:50,2025-10-26 13:40:50
T002023,C001162,O0010690,refund_request,urgent,2025-10-25 03:13:08,2025-10-28 12:13:08
T002024,C000289,O0007946,refund_request,medium,2025-03-03 17:52:00,2025-03-07 03:52:00
T002025,C002351,O0014729,late_delivery,low,2025-06-16 13:49:14,2025-06-17 05:49:14
T002026,C002854,O0014812,late_delivery,medium,2026-07-15 11:09:44,2026-07-17 06:09:44
T002027,C000271,O0004054,payment_issue,low,2025-03-14 07:58:17,2025-03-16 19:58:17
T002028,C000582,O0010747,late_delivery,medium,2025-03-23 03:48:57,2025-03-24 10:48:57
T002029,C001465,O0013583,refund_request,medium,2025-05-14 23:13:22,2025-05-18 16:13:22
T002030,C001169,O0019962,refund_request,high,2025-06-08 17:47:59,2025-06-10 02:47:59
T002031,C002852,O0008430,damaged_item,high,2026-02-21 10:35:24,2026-02-23 00:35:24
T002032,C000321,O0012585,wrong_item,medium,2026-06-16 12:16:32,
T002033,C002681,O0004241,damaged_item,low,2026-09-22 22:12:06,
T002034,C000340,O0010213,payment_issue,urgent,2025-10-12 15:02:43,2025-10-14 04:02:43
T002035,C000594,O0016042,refund_request,medium,2026-07-02 00:45:54,2026-07-06 20:45:54
T002036,C000788,O0007749,product_query,high,2025-01-02 09:00:16,
T002037,C001405,O0019686,product_query,medium,2025-02-25 03:46:53,2025-02-27 15:46:53
T002038,C002341,O0001322,payment_issue,urgent,2025-06-06 11:57:30,2025-06-10 22:57:30
T002039,C000015,O0017074,product_query,medium,2026-06-27 01:17:23,2026-06-28 18:17:23
T002040,C001200,O0008774,product_query,urgent,2025-03-17 07:50:30,2025-03-21 08:50:30
T002041,C001052,O0001696,late_delivery,low,2025-05-23 13:42:33,2025-05-26 04:42:33
T002042,C000960,O0007658,wrong_item,low,2026-06-04 03:01:08,2026-06-04 16:01:08
T002043,C002033,O0008144,late_delivery,urgent,2025-12-13 13:01:33,2025-12-16 04:01:33
T002044,C000393,O0012716,payment_issue,urgent,2026-06-25 20:56:36,2026-06-27 03:56:36
T002045,C000797,O0012505,damaged_item,low,2025-10-22 09:15:10,2025-10-23 16:15:10
T002046,C000066,O0019495,refund_request,low,2026-05-18 23:47:50,2026-05-20 06:47:50
T002047,C000792,O0004846,refund_request,high,2026-05-15 07:34:40,2026-05-15 09:34:40
T002048,C002361,O0002276,product_query,low,2026-03-31 10:20:57,2026-03-31 20:20:57
T002049,C000126,O0004908,wrong_item,urgent,2025-12-24 06:36:40,2025-12-26 01:36:40
T002050,C001153,O0015766,product_query,urgent,2025-06-30 05:26:15,2025-07-01 12:26:15
T002051,C000024,O0002643,refund_request,urgent,2025-09-03 06:39:10,2025-09-07 02:39:10
T002052,C002556,O0006592,product_query,low,2026-02-20 21:24:25,2026-02-25 10:24:25
T002053,C002014,O0005455,payment_issue,medium,2025-07-06 07:24:28,2025-07-07 10:24:28
T002054,C002201,O0016459,payment_issue,urgent,2026-06-24 10:45:53,2026-06-26 03:45:53
T002055,C000598,O0011891,refund_request,low,2025-03-15 09:13:49,2025-03-19 02:13:49
T002056,C001084,O0001916,late_delivery,medium,2025-12-29 15:52:09,
T002057,C000892,O0014627,damaged_item,high,2025-01-27 19:36:39,
T002058,C002341,O0000789,damaged_item,high,2025-05-11 18:20:32,2025-05-12 16:20:32
T002059,C001393,O0005216,wrong_item,low,2025-05-29 02:23:05,2025-06-02 03:23:05
T002060,C002477,O0006394,payment_issue,high,2026-01-21 19:35:42,2026-01-24 02:35:42
T002061,C002899,O0000243,late_delivery,low,2025-03-25 22:53:33,2025-03-26 12:53:33
T002062,C001413,O0017088,refund_request,high,2025-03-08 09:02:57,2025-03-08 13:02:57
T002063,C000021,O0018430,payment_issue,urgent,2025-03-10 06:07:45,2025-03-14 20:07:45
T002064,C000226,O0016139,refund_request,low,2025-02-19 14:44:58,
T002065,C002676,O0018819,product_query,medium,2026-05-26 00:00:24,2026-05-27 07:00:24
T002066,C001451,O0011376,late_delivery,urgent,2026-03-09 23:33:03,2026-03-10 02:33:03
T002067,C000407,O0002519,late_delivery,low,2025-01-17 00:38:08,2025-01-21 20:38:08
T002068,C001425,O0011722,refund_request,medium,2025-02-25 07:13:10,2025-02-26 06:13:10
T002069,C002834,O0006116,payment_issue,high,2025-09-26 00:00:55,2025-09-28 20:00:55
T002070,C001470,O0019723,product_query,urgent,2026-06-23 10:19:06,2026-06-24 15:19:06
T002071,C000039,O0016840,late_delivery,urgent,2025-11-23 00:13:13,2025-11-24 15:13:13
T002072,C000350,O0004467,product_query,high,2026-08-04 20:47:41,2026-08-05 20:47:41
T002073,C000590,O0008507,payment_issue,medium,2026-01-31 03:50:53,2026-01-31 20:50:53
T002074,C002484,O0014445,late_delivery,medium,2025-04-24 20:45:55,2025-04-25 06:45:55
T002075,C000390,O0009169,refund_request,low,2025-09-08 07:18:37,2025-09-12 17:18:37
T002076,C002064,O0007793,wrong_item,medium,2026-03-24 14:30:42,2026-03-25 00:30:42
T002077,C001264,O0006742,product_query,medium,2025-10-07 20:26:26,2025-10-12 18:26:26
T002078,C000567,O0013982,refund_request,high,2025-03-25 16:32:15,2025-03-26 08:32:15
T002079,C000854,O0003555,damaged_item,urgent,2025-07-17 20:53:07,2025-07-18 18:53:07
T002080,C000220,O0017100,late_delivery,high,2025-06-02 04:56:06,2025-06-02 17:56:06
T002081,C000806,O0004176,refund_request,high,2025-10-30 12:19:05,2025-11-02 15:19:05
T002082,C001768,O0000065,product_query,medium,2026-08-02 22:37:05,
T002083,C002851,O0013495,payment_issue,low,2026-04-15 23:32:51,
T002084,C001704,O0006646,late_delivery,medium,2026-02-12 04:19:56,2026-02-16 03:19:56
T002085,C001861,O0009490,late_delivery,urgent,2025-09-10 05:30:54,2025-09-12 06:30:54
T002086,C002394,O0011808,product_query,urgent,2025-08-15 18:09:05,2025-08-19 00:09:05
T002087,C001145,O0000418,payment_issue,medium,2026-04-04 06:06:00,2026-04-05 23:06:00
T002088,C000278,O0010112,product_query,urgent,2026-01-07 16:56:24,2026-01-09 07:56:24
T002089,C000999,O0009476,product_query,medium,2026-06-19 01:30:19,
T002090,C000885,O0007849,product_query,urgent,2025-03-12 23:56:41,
T002091,C002518,O0019710,refund_request,high,2025-09-08 11:09:04,2025-09-08 16:09:04
T002092,C001888,O0016413,damaged_item,low,2026-07-10 10:14:57,2026-07-14 22:14:57
T002093,C001361,O0003634,late_delivery,urgent,2025-09-03 06:31:20,2025-09-05 07:31:20
T002094,C000813,O0002762,damaged_item,high,2025-06-20 20:34:15,2025-06-24 10:34:15
T002095,C001517,O0000064,refund_request,medium,2026-05-26 22:44:06,
T002096,C002197,O0014567,damaged_item,high,2025-10-14 14:59:43,2025-10-16 03:59:43
T002097,C000552,O0014628,refund_request,urgent,2025-08-17 11:37:33,2025-08-17 17:37:33
T002098,C000114,O0007828,product_query,low,2026-03-14 08:45:57,2026-03-16 04:45:57
T002099,C001072,O0009186,product_query,medium,2026-01-03 07:58:11,2026-01-05 00:58:11
T002100,C002452,O0010429,wrong_item,high,2025-07-28 16:43:03,2025-08-01 06:43:03
T002101,C001512,O0014259,late_delivery,urgent,2026-04-01 13:17:48,2026-04-05 13:17:48
T002102,C002468,O0006639,refund_request,low,2026-08-30 21:00:36,2026-09-03 13:00:36
T002103,C001610,O0006869,damaged_item,medium,2026-08-25 17:03:32,2026-08-30 05:03:32
T002104,C000892,O0014908,product_query,low,2025-10-03 01:54:50,2025-10-04 10:54:50
T002105,C002264,O0000890,payment_issue,high,2025-08-10 21:08:07,2025-08-14 15:08:07
T002106,C000612,O0009584,refund_request,urgent,2025-03-22 19:56:54,2025-03-26 14:56:54
T002107,C001769,O0012452,refund_request,medium,2025-01-28 05:01:50,2025-02-01 04:01:50
T002108,C002836,O0011037,late_delivery,low,2025-11-25 05:06:20,2025-11-27 16:06:20
T002109,C002620,O0001039,damaged_item,medium,2025-07-24 05:24:39,2025-07-26 23:24:39
T002110,C001796,O0000660,wrong_item,low,2025-10-29 23:51:34,2025-11-01 13:51:34
T002111,C002525,O0002644,refund_request,high,2026-09-17 14:31:42,2026-09-20 13:31:42
T002112,C001339,O0001398,product_query,low,2026-05-10 06:24:08,
T002113,C000767,O0018446,wrong_item,high,2025-10-07 13:29:45,2025-10-09 18:29:45
T002114,C001990,O0005319,refund_request,medium,2025-07-11 13:02:07,2025-07-12 10:02:07
T002115,C002883,O0017721,product_query,medium,2025-01-07 23:20:33,2025-01-09 09:20:33
T002116,C001272,O0003223,refund_request,urgent,2025-02-12 09:23:34,
T002117,C001478,O0018106,damaged_item,low,2025-04-04 21:12:44,2025-04-06 12:12:44
T002118,C002391,O0006197,wrong_item,medium,2025-01-30 06:46:44,2025-01-30 11:46:44
T002119,C000960,O0019783,payment_issue,high,2026-04-02 16:45:24,2026-04-07 02:45:24
T002120,C002410,O0000912,wrong_item,urgent,2026-04-13 16:14:00,
T002121,C000864,O0019834,damaged_item,low,2025-01-30 01:11:20,2025-01-30 05:11:20
T002122,C001030,O0010022,damaged_item,high,2026-08-16 15:51:33,2026-08-18 15:51:33
T002123,C002414,O0001226,late_delivery,medium,2025-02-06 08:34:03,2025-02-10 06:34:03
T002124,C001761,O0001269,refund_request,high,2026-09-14 08:39:02,2026-09-17 23:39:02
T002125,C001338,O0012874,refund_request,urgent,2026-06-18 17:14:39,2026-06-22 20:14:39
T002126,C001520,O0014933,refund_request,urgent,2025-07-26 20:40:31,2025-07-30 12:40:31
T002127,C001805,O0011455,refund_request,urgent,2025-09-15 04:06:15,
T002128,C000436,O0000479,late_delivery,high,2026-09-19 19:48:24,2026-09-20 18:48:24
T002129,C002645,O0009874,wrong_item,medium,2025-01-19 18:42:15,2025-01-21 20:42:15
T002130,C002004,O0004045,product_query,medium,2025-02-17 17:40:01,2025-02-19 12:40:01
T002131,C000966,O0007003,refund_request,urgent,2026-07-09 13:10:44,2026-07-14 10:10:44
T002132,C001872,O0003266,late_delivery,high,2025-11-01 12:00:40,2025-11-03 17:00:40
T002133,C000988,O0000772,refund_request,urgent,2026-05-25 20:16:49,2026-05-26 20:16:49
T002134,C002007,O0015970,payment_issue,low,2026-03-05 01:17:23,2026-03-07 18:17:23
T002135,C000376,O0003958,wrong_item,urgent,2026-05-27 04:41:47,2026-05-30 20:41:47
T002136,C001167,O0017504,wrong_item,urgent,2026-06-02 19:57:27,
T002137,C002813,O0012592,wrong_item,urgent,2025-07-24 13:25:58,2025-07-25 22:25:58
T002138,C000050,O0010581,payment_issue,high,2026-02-11 15:53:15,2026-02-16 08:53:15
T002139,C002944,O0001508,damaged_item,low,2026-03-21 10:43:59,2026-03-23 23:43:59
T002140,C000415,O0011518,product_query,medium,2025-02-09 18:51:13,2025-02-11 07:51:13
T002141,C001150,O0010449,damaged_item,medium,2026-08-18 02:53:03,2026-08-21 11:53:03
T002142,C000694,O0009924,damaged_item,high,2025-05-11 08:15:28,2025-05-13 08:15:28
T002143,C001913,O0006209,payment_issue,high,2025-08-22 17:23:53,2025-08-22 19:23:53
T002144,C000387,O0000187,late_delivery,high,2026-07-07 00:07:26,2026-07-07 14:07:26
T002145,C002720,O0009794,damaged_item,medium,2025-11-21 02:53:51,
T002146,C001680,O0001867,late_delivery,urgent,2026-06-14 12:20:50,2026-06-16 14:20:50
T002147,C002266,O0004535,payment_issue,low,2026-01-01 01:56:30,2026-01-05 14:56:30
T002148,C001000,O0015683,wrong_item,medium,2026-05-16 19:18:03,2026-05-20 13:18:03
T002149,C002904,O0007365,refund_request,high,2026-01-08 21:11:21,2026-01-11 12:11:21
T002150,C002175,O0014231,payment_issue,low,2025-11-02 09:16:26,2025-11-06 05:16:26
T002151,C000497,O0004734,late_delivery,medium,2025-03-05 20:18:41,2025-03-07 03:18:41
T002152,C000267,O0005042,product_query,medium,2025-01-03 02:49:04,2025-01-03 11:49:04
T002153,C002223,O0017703,wrong_item,urgent,2025-05-06 18:48:43,2025-05-09 06:48:43
T002154,C002727,O0019999,damaged_item,high,2025-10-14 09:48:26,2025-10-16 00:48:26
T002155,C000494,O0012574,wrong_item,urgent,2025-05-07 15:59:05,2025-05-12 06:59:05
T002156,C001990,O0018203,product_query,high,2025-12-25 11:17:48,
T002157,C001782,O0013452,product_query,low,2025-02-26 04:57:31,2025-02-27 12:57:31
T002158,C002650,O0009852,late_delivery,high,2025-12-03 02:46:13,2025-12-05 23:46:13
T002159,C002830,O0003153,payment_issue,urgent,2026-08-10 12:53:09,2026-08-11 05:53:09
T002160,C002506,O0001627,payment_issue,medium,2025-05-15 00:07:28,2025-05-16 14:07:28
T002161,C000175,O0002462,refund_request,medium,2026-02-24 12:51:00,2026-02-27 22:51:00
T002162,C002331,O0001868,refund_request,medium,2025-12-10 00:15:53,2025-12-11 00:15:53
T002163,C002692,O0018964,late_delivery,urgent,2026-03-29 09:16:27,2026-04-02 02:16:27
T002164,C000239,O0019414,payment_issue,low,2026-09-24 07:54:03,2026-09-29 04:54:03
T002165,C000043,O0014182,refund_request,low,2025-05-19 08:52:03,2025-05-21 23:52:03
T002166,C002367,O0006240,wrong_item,medium,2026-09-14 02:30:16,2026-09-17 08:30:16
T002167,C000042,O0014515,payment_issue,low,2026-05-25 16:04:39,2026-05-28 12:04:39
T002168,C001833,O0002884,wrong_item,low,2025-05-20 21:24:56,
T002169,C002160,O0015460,wrong_item,medium,2026-03-02 15:29:46,2026-03-06 20:29:46
T002170,C002999,O0004657,damaged_item,medium,2025-03-11 13:10:32,2025-03-12 06:10:32
T002171,C000419,O0015746,late_delivery,low,2026-06-02 18:26:23,2026-06-03 23:26:23
T002172,C002269,O0016343,payment_issue,urgent,2025-05-12 10:43:44,
T002173,C001416,O0012469,late_delivery,medium,2025-02-10 12:56:36,2025-02-14 11:56:36
T002174,C002796,O0001270,wrong_item,high,2025-01-19 16:07:16,2025-01-20 06:07:16
T002175,C002273,O0019776,payment_issue,medium,2025-09-04 04:37:16,2025-09-06 10:37:16
T002176,C001070,O0015627,payment_issue,medium,2025-04-30 10:25:34,2025-05-02 06:25:34
T002177,C001420,O0007400,damaged_item,urgent,2025-05-10 06:13:34,2025-05-12 13:13:34
T002178,C000869,O0015339,refund_request,urgent,2026-01-21 17:40:36,2026-01-26 02:40:36
T002179,C001318,O0016151,product_query,urgent,2025-06-05 17:13:01,2025-06-08 13:13:01
T002180,C001884,O0001740,wrong_item,low,2025-06-18 01:42:43,2025-06-19 20:42:43
T002181,C001032,O0008718,product_query,high,2025-08-25 04:50:44,2025-08-26 17:50:44
T002182,C001777,O0009673,product_query,urgent,2026-03-13 02:33:16,2026-03-17 13:33:16
T002183,C000101,O0004675,wrong_item,high,2025-03-29 15:36:05,2025-03-30 00:36:05
T002184,C002024,O0006633,refund_request,high,2025-12-18 07:02:48,2025-12-19 08:02:48
T002185,C002132,O0018803,late_delivery,urgent,2026-06-08 00:12:04,
T002186,C001184,O0004785,late_delivery,urgent,2025-09-27 08:48:31,2025-09-29 08:48:31
T002187,C000924,O0002513,refund_request,low,2025-03-18 19:34:08,2025-03-22 13:34:08
T002188,C000700,O0012885,damaged_item,high,2025-07-25 22:09:50,2025-07-29 18:09:50
T002189,C002198,O0002426,product_query,medium,2026-09-11 12:50:52,2026-09-14 09:50:52
T002190,C001600,O0017016,late_delivery,urgent,2025-05-02 07:41:02,
T002191,C001227,O0011868,wrong_item,urgent,2025-07-15 16:07:36,2025-07-17 00:07:36
T002192,C001990,O0006994,product_query,medium,2026-08-23 15:39:39,2026-08-24 04:39:39
T002193,C002303,O0016695,refund_request,medium,2026-09-18 07:56:38,2026-09-22 04:56:38
T002194,C000581,O0005706,payment_issue,medium,2026-03-30 16:04:16,2026-04-01 22:04:16
T002195,C002302,O0004249,product_query,urgent,2025-03-06 12:38:09,2025-03-09 03:38:09
T002196,C001267,O0000262,refund_request,low,2025-10-06 18:01:34,
T002197,C000031,O0012425,late_delivery,urgent,2025-04-25 14:36:54,2025-04-26 14:36:54
T002198,C000800,O0006323,late_delivery,urgent,2026-06-17 21:51:04,
T002199,C000812,O0012850,product_query,medium,2026-07-10 21:09:22,2026-07-12 06:09:22
T002200,C002405,O0007150,product_query,low,2025-12-05 14:16:21,
T002201,C001116,O0006408,wrong_item,urgent,2026-05-19 08:09:57,2026-05-21 21:09:57
T002202,C001333,O0015683,damaged_item,medium,2026-08-14 07:11:54,2026-08-15 23:11:54
T002203,C001547,O0001415,product_query,medium,2026-04-21 02:29:36,2026-04-25 19:29:36
T002204,C001227,O0004638,refund_request,low,2025-11-23 14:04:05,2025-11-28 06:04:05
T002205,C000247,O0008053,payment_issue,low,2026-03-21 16:16:11,
T002206,C000447,O0000829,refund_request,urgent,2025-01-31 20:48:40,2025-02-01 03:48:40
T002207,C000955,O0014482,product_query,urgent,2025-10-05 07:52:54,2025-10-09 02:52:54
T002208,C002961,O0008860,product_query,urgent,2025-10-11 07:02:21,2025-10-16 06:02:21
T002209,C000955,O0009856,product_query,low,2025-01-22 04:44:29,
T002210,C001929,O0001703,wrong_item,medium,2026-04-30 07:49:09,2026-05-05 05:49:09
T002211,C000706,O0019481,refund_request,medium,2025-05-02 12:41:34,2025-05-04 05:41:34
T002212,C000385,O0003343,product_query,low,2025-11-30 15:56:20,2025-12-01 08:56:20
T002213,C002837,O0018123,payment_issue,low,2026-05-27 22:13:21,2026-06-01 08:13:21
T002214,C001011,O0012051,damaged_item,low,2025-07-12 22:56:07,2025-07-15 22:56:07
T002215,C000359,O0012513,payment_issue,high,2025-12-05 14:44:57,
T002216,C002817,O0006765,damaged_item,high,2025-04-14 03:40:10,2025-04-17 18:40:10
T002217,C000216,O0003533,damaged_item,low,2025-08-07 06:49:41,2025-08-12 03:49:41
T002218,C000992,O0004897,damaged_item,medium,2025-01-03 05:03:44,2025-01-07 23:03:44
T002219,C000981,O0004680,payment_issue,urgent,2025-04-27 19:36:49,2025-05-02 11:36:49
T002220,C002889,O0001392,refund_request,medium,2026-09-17 13:11:26,
T002221,C001402,O0002816,refund_request,medium,2026-03-20 18:41:18,2026-03-21 21:41:18
T002222,C000700,O0010520,late_delivery,urgent,2026-01-06 16:17:21,2026-01-10 00:17:21
T002223,C002528,O0019461,refund_request,high,2025-01-02 23:52:28,
T002224,C002554,O0000026,wrong_item,medium,2026-07-17 06:16:36,2026-07-21 08:16:36
T002225,C001296,O0013821,refund_request,high,2026-01-13 13:51:38,2026-01-14 07:51:38
T002226,C002591,O0018025,late_delivery,low,2025-04-12 15:16:59,2025-04-13 19:16:59
T002227,C000490,O0001784,wrong_item,high,2025-08-24 13:23:13,2025-08-25 19:23:13
T002228,C002287,O0016265,late_delivery,high,2026-08-30 09:08:04,2026-08-31 20:08:04
T002229,C002600,O0013430,refund_request,low,2026-09-09 14:26:35,2026-09-12 10:26:35
T002230,C001222,O0015450,late_delivery,medium,2025-06-07 07:56:21,2025-06-10 05:56:21
T002231,C002090,O0011442,payment_issue,urgent,2025-11-23 12:54:32,2025-11-24 15:54:32
T002232,C002325,O0011761,wrong_item,high,2025-05-07 21:44:41,2025-05-11 12:44:41
T002233,C000968,O0009664,payment_issue,urgent,2026-01-29 01:30:17,2026-02-02 11:30:17
T002234,C001547,O0011758,payment_issue,medium,2025-08-12 18:50:38,2025-08-17 14:50:38
T002235,C002904,O0010974,wrong_item,urgent,2025-06-18 19:27:53,2025-06-21 22:27:53
T002236,C001127,O0002500,refund_request,low,2026-04-30 10:15:28,2026-05-01 20:15:28
T002237,C000278,O0000229,product_query,medium,2025-09-13 23:28:26,2025-09-18 18:28:26
T002238,C000341,O0009042,late_delivery,urgent,2026-09-01 18:41:51,2026-09-06 17:41:51
T002239,C002138,O0005318,damaged_item,low,2026-07-26 07:28:23,2026-07-28 00:28:23
T002240,C002063,O0008843,refund_request,medium,2026-04-17 03:10:06,2026-04-21 13:10:06
T002241,C000521,O0019944,wrong_item,urgent,2025-12-29 09:31:13,2026-01-03 06:31:13
T002242,C001638,O0000931,wrong_item,medium,2025-10-17 21:23:17,2025-10-22 00:23:17
T002243,C000635,O0015656,product_query,urgent,2026-07-30 02:56:42,2026-08-02 06:56:42
T002244,C001028,O0008346,refund_request,medium,2025-10-14 16:38:20,2025-10-17 23:38:20
T002245,C002862,O0010537,payment_issue,medium,2026-04-30 08:40:04,
T002246,C001539,O0015060,payment_issue,urgent,2025-11-23 23:10:16,2025-11-25 16:10:16
T002247,C001054,O0008128,payment_issue,medium,2025-05-29 01:34:46,
T002248,C002146,O0011719,payment_issue,low,2026-04-13 11:50:32,2026-04-17 02:50:32
T002249,C000220,O0019102,damaged_item,medium,2025-03-15 16:47:03,
T002250,C002445,O0014294,wrong_item,high,2025-03-08 17:55:38,2025-03-12 20:55:38
T002251,C001830,O0006750,late_delivery,low,2025-09-22 05:14:54,2025-09-23 16:14:54
T002252,C001809,O0008383,product_query,high,2025-07-14 23:51:29,2025-07-16 02:51:29
T002253,C002966,O0006943,payment_issue,medium,2026-06-30 15:01:27,2026-07-02 21:01:27
T002254,C002691,O0005173,payment_issue,urgent,2026-04-29 02:34:07,
T002255,C002400,O0011763,damaged_item,low,2025-03-26 01:10:14,2025-03-29 05:10:14
T002256,C001817,O0014518,refund_request,high,2025-09-23 16:59:07,2025-09-25 03:59:07
T002257,C002697,O0009105,payment_issue,high,2025-07-01 01:34:54,2025-07-02 23:34:54
T002258,C001888,O0001625,wrong_item,medium,2026-03-26 15:57:22,
T002259,C002461,O0017126,product_query,high,2025-01-04 16:05:05,
T002260,C002887,O0008672,product_query,medium,2025-07-07 01:02:56,
T002261,C000279,O0000021,product_query,low,2026-03-06 09:26:03,2026-03-08 00:26:03
T002262,C000241,O0013518,damaged_item,low,2025-11-04 23:37:24,
T002263,C002550,O0015260,payment_issue,medium,2026-05-09 17:37:02,2026-05-12 20:37:02
T002264,C002365,O0017833,product_query,medium,2026-06-23 02:25:05,2026-06-26 10:25:05
T002265,C000641,O0015675,late_delivery,urgent,2026-08-06 17:15:51,2026-08-11 03:15:51
T002266,C001657,O0011933,late_delivery,medium,2025-10-03 08:32:09,2025-10-03 18:32:09
T002267,C000179,O0009611,wrong_item,low,2026-02-11 01:47:08,2026-02-11 08:47:08
T002268,C001239,O0013322,payment_issue,high,2025-01-18 04:10:15,2025-01-19 22:10:15
T002269,C000160,O0007948,damaged_item,medium,2026-03-31 13:00:50,2026-04-02 05:00:50
T002270,C000379,O0008916,late_delivery,high,2025-05-04 23:15:43,2025-05-09 10:15:43
T002271,C000123,O0016107,damaged_item,low,2026-05-19 00:16:54,
T002272,C002376,O0014902,wrong_item,medium,2026-01-22 08:38:02,2026-01-24 02:38:02
T002273,C000306,O0004080,late_delivery,high,2026-03-03 23:17:30,2026-03-08 23:17:30
T002274,C001542,O0000208,product_query,urgent,2026-07-29 04:31:06,2026-07-30 07:31:06
T002275,C002676,O0013312,late_delivery,high,2025-05-30 10:44:53,2025-06-02 21:44:53
T002276,C000129,O0013949,refund_request,urgent,2026-05-28 18:50:42,2026-05-29 01:50:42
T002277,C002055,O0012843,refund_request,urgent,2025-11-06 05:10:02,
T002278,C001976,O0008215,wrong_item,medium,2026-05-20 07:36:36,2026-05-20 17:36:36
T002279,C001343,O0004257,late_delivery,urgent,2026-01-20 15:23:25,2026-01-21 03:23:25
T002280,C001036,O0008019,damaged_item,urgent,2025-06-14 17:17:06,2025-06-16 23:17:06
T002281,C002920,O0002096,product_query,urgent,2026-03-21 13:22:11,2026-03-25 15:22:11
T002282,C002886,O0004624,wrong_item,high,2025-09-23 17:49:32,2025-09-25 10:49:32
T002283,C001571,O0012119,product_query,high,2026-08-29 16:35:34,2026-08-31 09:35:34
T002284,C001774,O0006868,late_delivery,low,2026-01-24 21:01:03,2026-01-29 14:01:03
T002285,C000052,O0005252,damaged_item,urgent,2025-06-24 23:13:43,2025-06-25 07:13:43
T002286,C000819,O0018494,late_delivery,high,2026-08-26 06:23:50,2026-08-27 01:23:50
T002287,C001697,O0014176,product_query,urgent,2025-06-12 05:32:43,
T002288,C001390,O0016788,damaged_item,low,2026-07-31 19:56:58,2026-08-03 09:56:58
T002289,C002123,O0002280,damaged_item,urgent,2026-08-06 10:23:58,2026-08-08 19:23:58
T002290,C001194,O0003740,product_query,urgent,2026-09-07 20:40:10,2026-09-11 02:40:10
T002291,C002690,O0001377,damaged_item,urgent,2025-07-03 23:52:03,2025-07-07 18:52:03
T002292,C000594,O0007845,damaged_item,high,2026-05-30 14:06:36,2026-06-03 05:06:36
T002293,C002739,O0014881,late_delivery,urgent,2025-09-24 01:27:33,2025-09-27 02:27:33
T002294,C002606,O0001300,wrong_item,low,2025-08-16 03:01:23,2025-08-17 09:01:23
T002295,C001804,O0007732,late_delivery,high,2025-11-16 23:09:48,2025-11-18 16:09:48
T002296,C000744,O0012592,damaged_item,medium,2025-03-11 16:35:20,2025-03-15 02:35:20
T002297,C000226,O0012476,wrong_item,medium,2026-09-21 05:41:56,2026-09-23 13:41:56
T002298,C001801,O0019579,product_query,urgent,2026-02-27 08:52:15,2026-03-03 03:52:15
T002299,C001825,O0004326,wrong_item,medium,2026-04-12 08:27:26,
T002300,C001590,O0010976,late_delivery,low,2025-06-24 22:10:39,2025-06-26 22:10:39
T002301,C000058,O0003616,damaged_item,medium,2025-09-29 01:07:51,
T002302,C002777,O0003003,product_query,low,2026-01-16 05:55:00,2026-01-16 10:55:00
T002303,C002303,O0013172,wrong_item,urgent,2026-05-19 12:53:49,2026-05-20 13:53:49
T002304,C002392,O0012391,payment_issue,low,2026-02-13 13:47:18,2026-02-15 04:47:18
T002305,C001174,O0005170,late_delivery,medium,2026-07-26 06:21:19,
T002306,C002233,O0001521,product_query,low,2025-05-16 21:11:18,2025-05-19 20:11:18
T002307,C002148,O0013785,damaged_item,medium,2025-07-15 02:26:01,2025-07-16 18:26:01
T002308,C000672,O0014873,wrong_item,urgent,2026-09-12 07:44:56,2026-09-14 11:44:56
T002309,C002817,O0015529,payment_issue,medium,2025-11-22 11:05:54,2025-11-27 03:05:54
T002310,C001744,O0009620,product_query,low,2026-08-02 04:32:11,2026-08-03 03:32:11
T002311,C002404,O0018909,wrong_item,medium,2025-10-26 13:52:27,2025-10-28 18:52:27
T002312,C001125,O0001992,product_query,urgent,2026-05-24 06:24:56,2026-05-27 04:24:56
T002313,C001097,O0012249,wrong_item,low,2026-06-16 23:01:41,2026-06-21 01:01:41
T002314,C002993,O0014793,damaged_item,medium,2025-09-08 00:43:34,2025-09-08 19:43:34
T002315,C000991,O0012581,payment_issue,high,2025-11-16 22:28:58,2025-11-19 11:28:58
T002316,C000471,O0013766,refund_request,low,2025-05-31 14:59:56,2025-06-04 03:59:56
T002317,C002624,O0013513,product_query,high,2025-05-11 11:13:27,2025-05-15 10:13:27
T002318,C002810,O0001878,late_delivery,urgent,2025-02-08 22:12:54,2025-02-11 10:12:54
T002319,C002887,O0008346,damaged_item,low,2025-11-20 20:59:59,2025-11-23 16:59:59
T002320,C000559,O0019286,product_query,urgent,2026-08-09 16:20:10,2026-08-11 00:20:10
T002321,C001204,O0015149,refund_request,urgent,2026-05-05 15:37:24,2026-05-07 18:37:24
T002322,C000008,O0010651,damaged_item,low,2026-07-04 23:40:38,2026-07-06 06:40:38
T002323,C001447,O0009494,late_delivery,low,2025-05-30 00:39:41,2025-06-03 17:39:41
T002324,C000289,O0006942,wrong_item,urgent,2026-09-09 06:47:01,2026-09-11 03:47:01
T002325,C002781,O0017951,late_delivery,high,2025-09-26 11:17:55,2025-09-29 22:17:55
T002326,C002199,O0019218,product_query,medium,2025-05-26 03:40:57,2025-05-26 07:40:57
T002327,C001842,O0017587,product_query,low,2025-10-31 20:36:16,2025-11-03 16:36:16
T002328,C000402,O0016166,wrong_item,low,2026-04-02 08:33:02,2026-04-06 01:33:02
T002329,C002937,O0019831,refund_request,medium,2025-06-23 06:14:57,2025-06-23 19:14:57
T002330,C002999,O0008660,late_delivery,high,2026-01-31 03:41:10,2026-02-03 23:41:10
T002331,C000738,O0009267,product_query,high,2026-02-15 05:12:18,2026-02-18 01:12:18
T002332,C002129,O0005381,payment_issue,medium,2025-12-08 20:16:53,2025-12-08 21:16:53
T002333,C002589,O0000982,payment_issue,medium,2026-03-05 02:53:03,2026-03-06 03:53:03
T002334,C000880,O0005106,damaged_item,low,2026-05-16 01:48:35,2026-05-20 02:48:35
T002335,C000342,O0017137,late_delivery,low,2026-03-13 08:52:49,
T002336,C000796,O0019515,refund_request,urgent,2025-04-22 04:31:21,2025-04-22 21:31:21
T002337,C001121,O0004124,payment_issue,medium,2026-09-10 04:12:52,2026-09-14 01:12:52
T002338,C000763,O0018555,payment_issue,low,2026-04-12 02:51:45,2026-04-14 06:51:45
T002339,C002278,O0001825,wrong_item,urgent,2026-09-24 16:12:14,
T002340,C000600,O0007491,late_delivery,medium,2025-03-04 23:40:09,2025-03-06 13:40:09
T002341,C002569,O0002125,wrong_item,high,2025-05-17 21:14:01,2025-05-20 09:14:01
T002342,C001499,O0014861,product_query,urgent,2025-11-17 09:41:56,2025-11-21 16:41:56
T002343,C002786,O0007045,late_delivery,urgent,2025-12-16 07:01:08,
T002344,C002410,O0010848,wrong_item,high,2025-01-07 17:20:23,
T002345,C001615,O0001523,wrong_item,high,2025-06-28 07:45:15,2025-06-30 00:45:15
T002346,C002845,O0016672,damaged_item,high,2026-09-14 08:20:49,2026-09-18 12:20:49
T002347,C001625,O0017890,wrong_item,high,2026-07-07 10:02:23,
T002348,C002222,O0001387,wrong_item,medium,2025-08-10 04:40:40,
T002349,C001590,O0009182,refund_request,low,2026-07-18 02:51:44,2026-07-18 21:51:44
T002350,C002177,O0017757,refund_request,medium,2026-06-20 04:42:32,
T002351,C002746,O0000262,late_delivery,low,2026-03-26 09:34:53,2026-03-29 13:34:53
T002352,C000681,O0001939,product_query,medium,2025-02-05 04:52:16,2025-02-07 14:52:16
T002353,C000014,O0013266,payment_issue,medium,2026-03-29 08:08:19,2026-04-01 01:08:19
T002354,C001633,O0003133,wrong_item,urgent,2026-06-27 07:01:09,2026-06-28 09:01:09
T002355,C002687,O0006170,product_query,urgent,2026-08-03 12:32:33,2026-08-08 07:32:33
T002356,C000527,O0005242,product_query,urgent,2026-02-23 18:36:09,
T002357,C000508,O0005085,payment_issue,high,2025-05-24 06:53:13,2025-05-28 21:53:13
T002358,C002717,O0004954,product_query,high,2026-04-21 12:19:24,2026-04-24 22:19:24
T002359,C002304,O0004817,product_query,urgent,2025-07-02 19:49:05,2025-07-06 00:49:05
T002360,C000914,O0003116,damaged_item,low,2025-08-22 14:23:05,2025-08-22 22:23:05
T002361,C001474,O0007712,refund_request,low,2025-08-14 16:24:27,2025-08-18 08:24:27
T002362,C000252,O0010510,late_delivery,high,2025-03-03 04:26:39,2025-03-05 00:26:39
T002363,C001946,O0000485,payment_issue,high,2025-04-10 13:56:35,2025-04-10 16:56:35
T002364,C002111,O0001701,damaged_item,low,2025-05-13 08:26:14,2025-05-15 04:26:14
T002365,C000157,O0014968,damaged_item,medium,2025-02-12 23:12:56,2025-02-14 07:12:56
T002366,C001805,O0014267,late_delivery,urgent,2025-09-23 16:26:38,2025-09-25 02:26:38
T002367,C000238,O0015282,wrong_item,medium,2025-07-28 06:11:17,
T002368,C000214,O0016286,late_delivery,low,2026-07-30 23:48:46,2026-08-04 13:48:46
T002369,C001171,O0014573,refund_request,urgent,2026-08-19 02:35:55,2026-08-20 23:35:55
T002370,C002688,O0019532,late_delivery,low,2026-06-06 17:07:33,2026-06-07 21:07:33
T002371,C002510,O0018832,payment_issue,low,2025-11-25 02:21:48,2025-11-28 14:21:48
T002372,C001206,O0018748,wrong_item,medium,2025-01-29 13:00:24,2025-02-03 01:00:24
T002373,C002722,O0017442,product_query,high,2026-01-01 00:28:29,2026-01-01 21:28:29
T002374,C001448,O0014912,refund_request,urgent,2025-11-28 13:19:37,2025-11-30 06:19:37
T002375,C000980,O0019866,product_query,high,2026-08-30 16:31:42,2026-09-03 01:31:42
T002376,C001275,O0009819,damaged_item,urgent,2026-09-09 07:15:22,2026-09-11 22:15:22
T002377,C002211,O0015234,product_query,medium,2025-03-29 19:38:33,2025-03-31 21:38:33
T002378,C001453,O0003856,refund_request,low,2026-07-23 11:32:21,2026-07-24 12:32:21
T002379,C000070,O0011402,wrong_item,urgent,2025-07-14 15:07:31,2025-07-15 01:07:31
T002380,C000733,O0008202,wrong_item,low,2026-03-03 21:58:27,2026-03-06 15:58:27
T002381,C002637,O0011563,payment_issue,low,2026-09-17 00:53:42,2026-09-21 12:53:42
T002382,C001127,O0001544,refund_request,urgent,2026-09-03 05:52:06,
T002383,C001265,O0000387,payment_issue,urgent,2025-08-01 17:05:39,2025-08-04 16:05:39
T002384,C000527,O0004453,refund_request,low,2026-06-21 03:20:03,2026-06-25 17:20:03
T002385,C000623,O0018917,wrong_item,medium,2025-12-22 16:47:03,2025-12-25 07:47:03
T002386,C001595,O0019303,refund_request,medium,2026-01-24 06:01:07,2026-01-25 14:01:07
T002387,C002239,O0019113,refund_request,low,2026-07-05 09:46:09,2026-07-08 11:46:09
T002388,C000157,O0018985,product_query,medium,2025-03-29 06:12:12,2025-03-31 13:12:12
T002389,C002244,O0006544,late_delivery,urgent,2025-02-27 09:51:00,2025-02-27 23:51:00
T002390,C001479,O0004084,refund_request,urgent,2026-01-07 14:35:49,2026-01-08 05:35:49
T002391,C000917,O0009767,payment_issue,low,2025-11-15 19:24:09,2025-11-18 18:24:09
T002392,C001095,O0009510,payment_issue,high,2026-04-17 12:32:00,2026-04-21 10:32:00
T002393,C002004,O0001929,wrong_item,low,2025-06-18 19:12:34,2025-06-20 07:12:34
T002394,C002068,O0015753,refund_request,low,2025-04-13 02:18:46,
T002395,C000745,O0005726,late_delivery,low,2026-05-25 05:26:31,2026-05-28 19:26:31
T002396,C002535,O0001144,late_delivery,low,2025-02-18 05:05:17,2025-02-20 06:05:17
T002397,C002008,O0000615,payment_issue,high,2026-09-13 11:51:46,2026-09-16 22:51:46
T002398,C002096,O0017690,refund_request,medium,2026-09-21 21:39:00,2026-09-23 03:39:00
T002399,C002864,O0008976,late_delivery,urgent,2026-03-01 04:54:35,
T002400,C002322,O0006700,late_delivery,medium,2026-01-07 21:29:09,2026-01-12 02:29:09
